shipment_id,batch_id,vehicle_id,origin,destination,departure_time,arrival_time,shipment_status,product_name,product_type,min_temperature_c,max_temperature_c,quantity,expiry_date,vehicle_type,capacity_kg,total_raw_sensor_records,available_temperature_records,missing_temperature_records,offline_observations,raw_average_temperature,raw_min_temperature,raw_max_temperature,minimum_battery_level,minimum_signal_strength,sensor_reliability,total_sensor_records,excursion_records,total_excursion_minutes,temperature_status,sensors_used,valid_calibration_sensors,invalid_calibration_sensors,maximum_calibration_error,average_calibration_error,calibration_status,total_handovers,signed_handovers,missing_handover_signatures,custody_locations,custody_evidence_quality,custody_status,total_route_events,traffic_delay_events,traffic_delay_minutes,route_deviation_events,route_deviation_minutes,total_route_event_minutes,route_reliability,route_status,overall_compliance,compliance_reason,audit_conclusion,evidence_completeness,evidence_completeness_percent
SHP0001,B0001,V058,Kochi,Hyderabad,2026-08-01 08:41:00,2026-08-01 10:27:00,Completed,Frozen French Fries,Frozen,-25.0,-18.0,78,2026-08-22,Refrigerated Van,500.0,22,22,0,4,-20.326363636363638,-21.77,-5.22,70.64,0,Partial,22,1,5.0,Warning,1,1,0,0.055,0.055,Valid,3,3,0,Kochi Hub -> Madurai Store -> Madurai Store,Complete,Complete,8,0,0,0,0,38,High,Normal,Review,Temperature: Warning,Shipment requires auditor review because one or more evidence sources contain exceptions.,4,100.0
SHP0002,B0002,V004,Bangalore,Chennai,2026-08-07 06:30:00,2026-08-07 08:09:00,Completed,Frozen French Fries,Frozen,-25.0,-18.0,151,2026-08-28,Refrigerated Van,500.0,20,19,1,0,-21.11842105263158,-21.78,-20.26,70.02,70,Review,20,0,0.0,Compliant,1,0,1,0.8,0.8,Review,4,2,2,Kochi Hub -> Chennai Warehouse -> Salem Hub -> Hyderabad DC,Incomplete,Review,5,0,0,0,0,0,High,Normal,Non-Compliant,Calibration issue; Missing custody signature,Shipment is non-compliant based on critical compliance evidence.,4,100.0
SHP0003,B0003,V046,Coimbatore,Bengaluru,2026-08-04 06:33:00,2026-08-04 11:20:00,Completed,Yogurt,Chilled,2.0,8.0,78,2026-08-28,Refrigerated Van,1200.0,58,58,0,0,4.982241379310345,3.95,5.63,71.13,70,Reliable,58,0,0.0,Compliant,1,1,0,0.37,0.37,Valid,4,3,1,Kochi Hub -> Chennai Warehouse -> Bangalore DC -> Coimbatore Hub,Incomplete,Review,8,2,60,0,0,69,Moderate,Delayed,Review,Missing custody signature; Traffic delay,Shipment requires auditor review because one or more evidence sources contain exceptions.,4,100.0
SHP0004,B0004,V099,Chennai,Madurai,2026-08-05 05:55:00,2026-08-05 10:31:00,Completed,Frozen Mixed Vegetables,Frozen,-25.0,-18.0,75,2026-08-22,Refrigerated Van,500.0,56,56,0,0,-21.01607142857143,-21.77,-20.01,71.64,70,Reliable,56,0,0.0,Compliant,1,1,0,0.127,0.127,Valid,2,2,0,Kochi Hub -> Bangalore DC,Complete,Complete,5,0,0,0,0,31,High,Normal,Compliant,All compliance checks passed,Shipment passed the automated compliance checks.,4,100.0
SHP0005,B0005,V072,Coimbatore,Pune,2026-08-04 05:14:00,2026-08-04 09:30:00,Completed,Frozen Mixed Vegetables,Frozen,-25.0,-18.0,212,2026-08-16,Refrigerated Van,1000.0,52,51,1,0,-20.95294117647059,-21.61,-19.91,70.55,70,Partial,52,0,0.0,Compliant,1,1,0,0.136,0.136,Valid,4,2,2,Hyderabad DC -> Pune DC -> Madurai Store -> Pune DC,Incomplete,Review,7,2,52,0,0,91,Moderate,Delayed,Review,Missing custody signature; Traffic delay,Shipment requires auditor review because one or more evidence sources contain exceptions.,4,100.0
SHP0006,B0006,V043,Bangalore,Madurai,2026-08-06 07:56:00,2026-08-06 11:29:00,Completed,Frozen Peas,Frozen,-25.0,-18.0,144,2026-08-07,Refrigerated Van,1000.0,43,43,0,0,-20.47767441860465,-21.81,-15.03,71.25,70,Reliable,43,4,20.0,Critical,1,1,0,0.344,0.344,Valid,3,3,0,Salem Hub -> Hyderabad DC -> Salem Hub,Complete,Complete,8,1,39,0,0,57,Moderate,Delayed,Non-Compliant,Temperature: Critical; Traffic delay,Shipment is non-compliant based on critical compliance evidence.,4,100.0
SHP0007,B0007,V053,Coimbatore,Salem,2026-08-04 06:41:00,2026-08-04 08:54:00,Completed,Fresh Cream,Chilled,2.0,8.0,81,2026-08-29,Refrigerated Van,1000.0,27,27,0,0,5.927037037037037,4.39,11.69,71.64,71,Reliable,27,4,20.0,Critical,1,1,0,0.198,0.198,Valid,3,2,1,Coimbatore Hub -> Coimbatore Hub -> Pune DC,Incomplete,Review,6,1,48,0,0,48,Moderate,Delayed,Non-Compliant,Temperature: Critical; Missing custody signature; Traffic delay,Shipment is non-compliant based on critical compliance evidence.,4,100.0
SHP0008,B0008,V046,Bangalore,Mumbai,2026-08-05 09:00:00,2026-08-05 11:24:00,Completed,Frozen Mixed Vegetables,Frozen,-25.0,-18.0,292,2026-08-17,Refrigerated Van,1200.0,29,29,0,0,-20.27655172413793,-21.78,-16.0,70.11,70,Reliable,29,4,20.0,Critical,1,1,0,0.37,0.37,Valid,2,2,0,Chennai Warehouse -> Hyderabad DC,Complete,Complete,6,1,42,0,0,86,Moderate,Delayed,Non-Compliant,Temperature: Critical; Traffic delay,Shipment is non-compliant based on critical compliance evidence.,4,100.0
SHP0009,B0009,V020,Pune,Madurai,2026-08-07 10:13:00,2026-08-07 12:30:00,Completed,Fresh Milk,Chilled,2.0,8.0,279,2026-08-24,Refrigerated Truck,1500.0,28,28,0,0,5.094285714285714,4.51,5.84,71.75,70,Review,28,0,0.0,Compliant,1,0,1,0.703,0.703,Review,4,4,0,Hyderabad DC -> Salem Hub -> Salem Hub -> Bangalore DC,Complete,Complete,5,0,0,0,0,10,High,Normal,Review,Calibration issue,Shipment requires auditor review because one or more evidence sources contain exceptions.,4,100.0
SHP0010,B0010,V028,Salem,Bengaluru,2026-08-03 10:28:00,2026-08-03 13:19:00,Completed,Fresh Milk,Chilled,2.0,8.0,235,2026-08-30,Refrigerated Van,1000.0,35,35,0,0,5.546571428571428,4.42,10.73,70.18,71,Reliable,35,4,20.0,Critical,1,1,0,0.143,0.143,Valid,3,3,0,Hyderabad DC -> Pune DC -> Coimbatore Hub,Complete,Complete,6,1,20,0,0,20,Moderate,Delayed,Non-Compliant,Temperature: Critical; Traffic delay,Shipment is non-compliant based on critical compliance evidence.,4,100.0
SHP0011,B0011,V099,Bangalore,Coimbatore,2026-08-07 05:37:00,2026-08-07 09:53:00,Completed,Fresh Milk,Chilled,2.0,8.0,241,2026-08-15,Refrigerated Van,500.0,52,52,0,4,5.071346153846154,4.15,5.88,70.12,0,Partial,52,0,0.0,Compliant,1,1,0,0.127,0.127,Valid,3,3,0,Chennai Warehouse -> Bangalore DC -> Madurai Store,Complete,Complete,6,0,0,0,0,0,High,Normal,Compliant,All compliance checks passed,Shipment passed the automated compliance checks.,4,100.0
SHP0012,B0012,V096,Madurai,Salem,2026-08-02 07:50:00,2026-08-02 10:01:00,Completed,Yogurt,Chilled,2.0,8.0,242,2026-08-09,Refrigerated Truck,2000.0,27,27,0,0,4.933333333333334,4.17,5.65,71.96,70,Review,27,0,0.0,Compliant,1,0,1,0.347,0.347,Review,3,3,0,Pune DC -> Madurai Store -> Hyderabad DC,Complete,Complete,8,0,0,0,0,34,High,Normal,Review,Calibration issue,Shipment requires auditor review because one or more evidence sources contain exceptions.,4,100.0
SHP0013,B0013,V060,Hyderabad,Kochi,2026-08-02 10:05:00,2026-08-02 13:12:00,Completed,Fresh Cream,Chilled,2.0,8.0,295,2026-08-28,Refrigerated Van,1000.0,38,38,0,0,5.609473684210526,4.36,11.75,70.01,70,Reliable,38,4,20.0,Critical,1,1,0,0.285,0.285,Valid,2,1,1,Hyderabad DC -> Hyderabad DC,Incomplete,Review,5,0,0,0,0,16,High,Normal,Non-Compliant,Temperature: Critical; Missing custody signature,Shipment is non-compliant based on critical compliance evidence.,4,100.0
SHP0014,B0014,V052,Mumbai,Bengaluru,2026-08-03 09:46:00,2026-08-03 13:11:00,Completed,Cheese,Chilled,2.0,8.0,243,2026-08-30,Refrigerated Truck,1500.0,42,42,0,0,4.941904761904762,4.28,5.76,70.22,71,Reliable,42,0,0.0,Compliant,1,1,0,0.171,0.171,Valid,3,3,0,Salem Hub -> Salem Hub -> Chennai Warehouse,Complete,Complete,7,0,0,0,0,0,High,Normal,Compliant,All compliance checks passed,Shipment passed the automated compliance checks.,4,100.0
SHP0015,B0015,V002,Chennai,Kochi,2026-08-05 06:33:00,2026-08-05 11:53:00,Completed,Fresh Paneer,Chilled,2.0,8.0,145,2026-08-30,Refrigerated Truck,2000.0,65,65,0,0,5.346307692307692,4.01,11.32,70.71,70,Reliable,65,4,20.0,Critical,1,1,0,0.126,0.126,Valid,2,2,0,Pune DC -> Kochi Hub,Complete,Complete,8,1,30,1,50,115,Low,Deviation,Non-Compliant,Temperature: Critical; Route deviation,Shipment is non-compliant based on critical compliance evidence.,4,100.0
SHP0016,B0016,V041,Hyderabad,Salem,2026-08-06 07:41:00,2026-08-06 09:08:00,Completed,Frozen Mixed Vegetables,Frozen,-25.0,-18.0,250,2026-08-11,Refrigerated Truck,2000.0,18,18,0,0,-20.958333333333332,-21.71,-20.25,72.19,71,Reliable,18,0,0.0,Compliant,1,1,0,0.373,0.373,Valid,4,4,0,Madurai Store -> Madurai Store -> Chennai Warehouse -> Salem Hub,Complete,Complete,6,0,0,0,0,39,High,Normal,Compliant,All compliance checks passed,Shipment passed the automated compliance checks.,4,100.0
SHP0017,B0017,V100,Hyderabad,Pune,2026-08-06 08:07:00,2026-08-06 11:10:00,Completed,Fresh Cream,Chilled,2.0,8.0,214,2026-08-14,Refrigerated Truck,1500.0,37,37,0,0,4.981351351351352,3.92,5.98,70.11,70,Reliable,37,0,0.0,Compliant,1,1,0,0.175,0.175,Valid,4,4,0,Hyderabad DC -> Pune DC -> Coimbatore Hub -> Pune DC,Complete,Complete,6,1,25,0,0,39,Moderate,Delayed,Compliant,Traffic delay,Shipment passed the automated compliance checks.,4,100.0
SHP0018,B0018,V062,Pune,Bengaluru,2026-08-07 05:33:00,2026-08-07 06:39:00,Completed,Frozen French Fries,Frozen,-25.0,-18.0,186,2026-08-09,Refrigerated Truck,3000.0,14,14,0,0,-20.890714285714285,-21.44,-19.97,70.57,71,Reliable,14,0,0.0,Compliant,1,1,0,0.358,0.358,Valid,3,3,0,Pune DC -> Bangalore DC -> Madurai Store,Complete,Complete,7,1,34,0,0,73,Moderate,Delayed,Compliant,Traffic delay,Shipment passed the automated compliance checks.,4,100.0
SHP0019,B0019,V031,Madurai,Coimbatore,2026-08-01 08:55:00,2026-08-01 14:46:00,Completed,Yogurt,Chilled,2.0,8.0,201,2026-08-29,Refrigerated Van,750.0,71,71,0,0,5.28169014084507,3.94,11.64,70.19,70,Reliable,71,4,20.0,Critical,1,1,0,0.329,0.329,Valid,3,3,0,Chennai Warehouse -> Hyderabad DC -> Kochi Hub,Complete,Complete,6,0,0,0,0,0,High,Normal,Non-Compliant,Temperature: Critical,Shipment is non-compliant based on critical compliance evidence.,4,100.0
SHP0020,B0020,V011,Salem,Madurai,2026-08-06 09:43:00,2026-08-06 12:11:00,Completed,Fresh Paneer,Chilled,2.0,8.0,163,2026-08-23,Refrigerated Van,750.0,30,30,0,0,5.012333333333333,4.26,6.05,70.15,70,Reliable,30,0,0.0,Compliant,1,1,0,0.318,0.318,Valid,3,3,0,Salem Hub -> Salem Hub -> Kochi Hub,Complete,Complete,8,0,0,0,0,23,High,Normal,Compliant,All compliance checks passed,Shipment passed the automated compliance checks.,4,100.0
SHP0021,B0021,V097,Pune,Bangalore,2026-08-01 05:37:00,2026-08-01 07:11:00,Completed,Fresh Cream,Chilled,2.0,8.0,25,2026-08-20,Refrigerated Truck,2000.0,19,19,0,0,5.062631578947369,4.37,5.72,73.33,70,Reliable,19,0,0.0,Compliant,1,1,0,0.201,0.201,Valid,4,4,0,Pune DC -> Madurai Store -> Salem Hub -> Chennai Warehouse,Complete,Complete,5,0,0,0,0,43,High,Normal,Compliant,All compliance checks passed,Shipment passed the automated compliance checks.,4,100.0
SHP0022,B0022,V002,Chennai,Kochi,2026-08-03 06:02:00,2026-08-03 07:32:00,Completed,Frozen Peas,Frozen,-25.0,-18.0,143,2026-08-27,Refrigerated Truck,2000.0,19,19,0,0,-19.98842105263158,-21.51,-15.6,71.97,72,Reliable,19,4,20.0,Critical,1,1,0,0.126,0.126,Valid,2,2,0,Coimbatore Hub -> Bangalore DC,Complete,Complete,6,0,0,0,0,18,High,Normal,Non-Compliant,Temperature: Critical,Shipment is non-compliant based on critical compliance evidence.,4,100.0
SHP0023,B0023,V037,Salem,Mumbai,2026-08-04 07:40:00,2026-08-04 12:56:00,Completed,Cheese,Chilled,2.0,8.0,143,2026-08-26,Refrigerated Truck,2500.0,64,64,0,0,5.04140625,4.39,5.98,70.64,70,Reliable,64,0,0.0,Compliant,1,1,0,0.3,0.3,Valid,2,2,0,Pune DC -> Chennai Warehouse,Complete,Complete,8,0,0,0,0,60,High,Normal,Compliant,All compliance checks passed,Shipment passed the automated compliance checks.,4,100.0
SHP0024,B0024,V092,Salem,Bangalore,2026-08-04 10:34:00,2026-08-04 16:09:00,Completed,Cheese,Chilled,2.0,8.0,249,2026-08-29,Refrigerated Van,500.0,68,68,0,0,5.118382352941176,4.12,6.01,70.2,70,Reliable,68,0,0.0,Compliant,1,1,0,0.27,0.27,Valid,4,4,0,Salem Hub -> Salem Hub -> Pune DC -> Chennai Warehouse,Complete,Complete,6,0,0,0,0,73,High,Normal,Compliant,All compliance checks passed,Shipment passed the automated compliance checks.,4,100.0
SHP0025,B0025,V010,Bengaluru,Coimbatore,2026-08-06 07:05:00,2026-08-06 10:43:00,Completed,Frozen Peas,Frozen,-25.0,-18.0,170,2026-08-11,Refrigerated Truck,2500.0,44,44,0,0,-20.60181818181818,-21.97,-3.3,70.31,70,Review,44,1,5.0,Warning,1,0,1,0.736,0.736,Review,4,4,0,Kochi Hub -> Chennai Warehouse -> Madurai Store -> Salem Hub,Complete,Complete,5,0,0,0,0,36,High,Normal,Review,Temperature: Warning; Calibration issue,Shipment requires auditor review because one or more evidence sources contain exceptions.,4,100.0
SHP0026,B0026,V026,Bangalore,Mumbai,2026-08-07 06:51:00,2026-08-07 09:10:00,Completed,Yogurt,Chilled,2.0,8.0,176,2026-08-25,Refrigerated Truck,2500.0,28,27,1,4,5.023333333333333,4.18,5.72,70.13,0,Partial,28,0,0.0,Compliant,1,1,0,0.07,0.07,Valid,3,3,0,Salem Hub -> Hyderabad DC -> Pune DC,Complete,Complete,6,0,0,0,0,0,High,Normal,Compliant,All compliance checks passed,Shipment passed the automated compliance checks.,4,100.0
SHP0027,B0027,V019,Mumbai,Madurai,2026-08-05 08:37:00,2026-08-05 10:10:00,Completed,Cheese,Chilled,2.0,8.0,291,2026-08-15,Refrigerated Truck,1500.0,19,18,1,0,5.205,4.72,5.86,73.68,72,Review,19,0,0.0,Compliant,1,0,1,0.335,0.335,Review,3,3,0,Salem Hub -> Chennai Warehouse -> Coimbatore Hub,Complete,Complete,7,0,0,0,0,55,High,Normal,Review,Calibration issue,Shipment requires auditor review because one or more evidence sources contain exceptions.,4,100.0
SHP0028,B0028,V007,Kochi,Salem,2026-08-06 10:54:00,2026-08-06 13:56:00,Completed,Fresh Cream,Chilled,2.0,8.0,189,2026-08-15,Refrigerated Van,750.0,37,37,0,0,5.026216216216216,3.86,5.67,72.99,70,Reliable,37,0,0.0,Compliant,1,1,0,0.357,0.357,Valid,2,2,0,Coimbatore Hub -> Pune DC,Complete,Complete,6,0,0,0,0,0,High,Normal,Compliant,All compliance checks passed,Shipment passed the automated compliance checks.,4,100.0
SHP0029,B0029,V032,Chennai,Hyderabad,2026-08-01 05:59:00,2026-08-01 10:41:00,Completed,Fresh Paneer,Chilled,2.0,8.0,176,2026-08-12,Refrigerated Van,1200.0,57,57,0,0,5.045964912280702,3.84,5.96,70.56,70,Reliable,57,0,0.0,Compliant,1,1,0,0.252,0.252,Valid,3,3,0,Pune DC -> Madurai Store -> Kochi Hub,Complete,Complete,8,1,31,0,0,97,Moderate,Delayed,Compliant,Traffic delay,Shipment passed the automated compliance checks.,4,100.0
SHP0030,B0030,V083,Bangalore,Pune,2026-08-06 09:38:00,2026-08-06 11:06:00,Completed,Frozen Peas,Frozen,-25.0,-18.0,118,2026-08-14,Refrigerated Van,1000.0,18,18,0,0,-20.825555555555557,-21.46,-20.35,71.11,70,Reliable,18,0,0.0,Compliant,1,1,0,0.331,0.331,Valid,4,4,0,Salem Hub -> Chennai Warehouse -> Salem Hub -> Chennai Warehouse,Complete,Complete,8,1,13,1,26,39,Low,Deviation,Review,Route deviation,Shipment requires auditor review because one or more evidence sources contain exceptions.,4,100.0
SHP0031,B0031,V080,Kochi,Coimbatore,2026-08-07 05:00:00,2026-08-07 07:10:00,Completed,Frozen Paneer,Frozen,-25.0,-18.0,114,2026-08-10,Refrigerated Van,750.0,27,27,0,4,-21.064444444444444,-22.0,-20.08,72.71,0,Partial,27,0,0.0,Compliant,1,1,0,0.251,0.251,Valid,2,2,0,Salem Hub -> Hyderabad DC,Complete,Complete,6,0,0,0,0,16,High,Normal,Compliant,All compliance checks passed,Shipment passed the automated compliance checks.,4,100.0
SHP0032,B0032,V036,Chennai,Coimbatore,2026-08-03 08:22:00,2026-08-03 13:49:00,Completed,Frozen French Fries,Frozen,-25.0,-18.0,161,2026-08-27,Refrigerated Van,1000.0,66,66,0,0,-20.974545454545453,-21.68,-20.02,70.62,70,Reliable,66,0,0.0,Compliant,1,1,0,0.259,0.259,Valid,3,3,0,Kochi Hub -> Pune DC -> Salem Hub,Complete,Complete,5,0,0,0,0,0,High,Normal,Compliant,All compliance checks passed,Shipment passed the automated compliance checks.,4,100.0
SHP0033,B0033,V040,Mumbai,Kochi,2026-08-01 06:23:00,2026-08-01 08:27:00,Completed,Fresh Milk,Chilled,2.0,8.0,119,2026-08-13,Refrigerated Truck,3000.0,25,25,0,0,4.9896,4.2,6.03,70.86,70,Reliable,25,0,0.0,Compliant,1,1,0,0.369,0.369,Valid,2,2,0,Salem Hub -> Salem Hub,Complete,Complete,7,0,0,1,52,94,Low,Deviation,Review,Route deviation,Shipment requires auditor review because one or more evidence sources contain exceptions.,4,100.0
SHP0034,B0034,V045,Kochi,Bangalore,2026-08-05 05:21:00,2026-08-05 10:00:00,Completed,Frozen Mixed Vegetables,Frozen,-25.0,-18.0,111,2026-08-13,Refrigerated Truck,2000.0,56,56,0,0,-20.66875,-21.86,-4.34,71.08,70,Review,56,1,5.0,Warning,1,0,1,0.902,0.902,Review,4,3,1,Coimbatore Hub -> Hyderabad DC -> Pune DC -> Kochi Hub,Incomplete,Review,5,0,0,0,0,13,High,Normal,Non-Compliant,Temperature: Warning; Calibration issue; Missing custody signature,Shipment is non-compliant based on critical compliance evidence.,4,100.0
SHP0035,B0035,V063,Kochi,Mumbai,2026-08-06 05:16:00,2026-08-06 11:11:00,Completed,Frozen Paneer,Frozen,-25.0,-18.0,84,2026-08-12,Refrigerated Van,500.0,72,72,0,0,-20.78361111111111,-22.04,-2.82,70.48,70,Reliable,72,1,5.0,Warning,1,1,0,0.258,0.258,Valid,3,3,0,Coimbatore Hub -> Pune DC -> Salem Hub,Complete,Complete,6,0,0,0,0,35,High,Normal,Review,Temperature: Warning,Shipment requires auditor review because one or more evidence sources contain exceptions.,4,100.0
SHP0036,B0036,V090,Bangalore,Pune,2026-08-05 08:32:00,2026-08-05 12:36:00,Completed,Frozen Peas,Frozen,-25.0,-18.0,169,2026-08-26,Refrigerated Truck,3000.0,49,49,0,0,-20.92061224489796,-21.79,-20.13,70.57,71,Review,49,0,0.0,Compliant,1,0,1,0.953,0.953,Review,4,4,0,Pune DC -> Coimbatore Hub -> Chennai Warehouse -> Chennai Warehouse,Complete,Complete,5,0,0,0,0,5,High,Normal,Review,Calibration issue,Shipment requires auditor review because one or more evidence sources contain exceptions.,4,100.0
SHP0037,B0037,V026,Chennai,Pune,2026-08-01 09:10:00,2026-08-01 13:18:00,Completed,Frozen French Fries,Frozen,-25.0,-18.0,72,2026-08-31,Refrigerated Truck,2500.0,50,50,0,0,-20.9186,-21.7,-19.96,70.89,70,Reliable,50,0,0.0,Compliant,1,1,0,0.07,0.07,Valid,3,3,0,Madurai Store -> Chennai Warehouse -> Hyderabad DC,Complete,Complete,6,1,44,0,0,56,Moderate,Delayed,Compliant,Traffic delay,Shipment passed the automated compliance checks.,4,100.0
SHP0038,B0038,V088,Coimbatore,Kochi,2026-08-06 05:57:00,2026-08-06 11:50:00,Completed,Frozen Paneer,Frozen,-25.0,-18.0,165,2026-08-19,Refrigerated Van,500.0,71,70,1,0,-20.948714285714285,-22.15,-19.98,70.16,70,Partial,71,0,0.0,Compliant,1,1,0,0.384,0.384,Valid,2,1,1,Bangalore DC -> Madurai Store,Incomplete,Review,7,1,34,1,52,108,Low,Deviation,Review,Missing custody signature; Route deviation,Shipment requires auditor review because one or more evidence sources contain exceptions.,4,100.0
SHP0039,B0039,V042,Bangalore,Hyderabad,2026-08-05 10:32:00,2026-08-05 11:33:00,Completed,Cheese,Chilled,2.0,8.0,194,2026-08-09,Refrigerated Truck,2000.0,13,13,0,0,4.963076923076923,4.03,5.6,71.21,70,Reliable,13,0,0.0,Compliant,1,1,0,0.15,0.15,Valid,4,4,0,Coimbatore Hub -> Kochi Hub -> Kochi Hub -> Bangalore DC,Complete,Complete,6,1,50,0,0,63,Moderate,Delayed,Compliant,Traffic delay,Shipment passed the automated compliance checks.,4,100.0
SHP0040,B0040,V072,Chennai,Hyderabad,2026-08-02 05:30:00,2026-08-02 09:36:00,Completed,Frozen Mixed Vegetables,Frozen,-25.0,-18.0,264,2026-08-07,Refrigerated Van,1000.0,50,49,1,4,-20.651020408163266,-21.95,-15.43,70.56,0,Partial,50,4,20.0,Critical,1,1,0,0.136,0.136,Valid,3,3,0,Chennai Warehouse -> Coimbatore Hub -> Hyderabad DC,Complete,Complete,8,1,18,0,0,27,Moderate,Delayed,Non-Compliant,Temperature: Critical; Traffic delay,Shipment is non-compliant based on critical compliance evidence.,4,100.0
SHP0041,B0041,V086,Salem,Coimbatore,2026-08-01 06:59:00,2026-08-01 08:17:00,Completed,Frozen French Fries,Frozen,-25.0,-18.0,271,2026-08-06,Refrigerated Van,1200.0,16,15,1,0,-20.934666666666665,-21.58,-20.25,70.56,71,Partial,16,0,0.0,Compliant,1,1,0,0.124,0.124,Valid,3,3,0,Pune DC -> Hyderabad DC -> Bangalore DC,Complete,Complete,7,0,0,1,69,100,Low,Deviation,Review,Route deviation,Shipment requires auditor review because one or more evidence sources contain exceptions.,4,100.0
SHP0042,B0042,V091,Mumbai,Salem,2026-08-06 06:20:00,2026-08-06 09:27:00,Completed,Frozen Corn,Frozen,-25.0,-18.0,96,2026-08-29,Refrigerated Truck,1500.0,38,38,0,0,-20.916052631578946,-21.85,-19.96,70.02,70,Reliable,38,0,0.0,Compliant,1,1,0,0.387,0.387,Valid,4,3,1,Chennai Warehouse -> Chennai Warehouse -> Kochi Hub -> Kochi Hub,Incomplete,Review,6,2,67,0,0,67,Moderate,Delayed,Review,Missing custody signature; Traffic delay,Shipment requires auditor review because one or more evidence sources contain exceptions.,4,100.0
SHP0043,B0043,V021,Salem,Madurai,2026-08-01 07:52:00,2026-08-01 09:31:00,Completed,Fresh Milk,Chilled,2.0,8.0,147,2026-08-07,Refrigerated Truck,2500.0,20,20,0,0,5.045,4.53,5.65,75.75,70,Review,20,0,0.0,Compliant,1,0,1,0.128,0.128,Review,3,3,0,Hyderabad DC -> Pune DC -> Bangalore DC,Complete,Complete,7,0,0,0,0,20,High,Normal,Review,Calibration issue,Shipment requires auditor review because one or more evidence sources contain exceptions.,4,100.0
SHP0044,B0044,V070,Bengaluru,Madurai,2026-08-03 05:32:00,2026-08-03 06:58:00,Completed,Fresh Cream,Chilled,2.0,8.0,135,2026-08-28,Refrigerated Van,1000.0,18,17,1,4,5.129411764705883,4.46,5.78,71.3,0,Partial,18,0,0.0,Compliant,1,1,0,0.064,0.064,Valid,4,4,0,Salem Hub -> Salem Hub -> Bangalore DC -> Kochi Hub,Complete,Complete,6,0,0,0,0,67,High,Normal,Compliant,All compliance checks passed,Shipment passed the automated compliance checks.,4,100.0
SHP0045,B0045,V008,Coimbatore,Hyderabad,2026-08-01 09:02:00,2026-08-01 13:27:00,Completed,Cheese,Chilled,2.0,8.0,246,2026-08-13,Refrigerated Van,750.0,54,54,0,0,5.061481481481482,3.92,5.74,71.0,70,Review,54,0,0.0,Compliant,1,0,1,0.186,0.186,Review,2,2,0,Salem Hub -> Salem Hub,Complete,Complete,8,0,0,0,0,14,High,Normal,Review,Calibration issue,Shipment requires auditor review because one or more evidence sources contain exceptions.,4,100.0
SHP0046,B0046,V083,Bangalore,Pune,2026-08-04 07:49:00,2026-08-04 11:28:00,Completed,Fresh Paneer,Chilled,2.0,8.0,50,2026-08-23,Refrigerated Van,1000.0,44,44,0,0,4.900454545454545,4.25,5.87,70.63,70,Reliable,44,0,0.0,Compliant,1,1,0,0.331,0.331,Valid,3,2,1,Kochi Hub -> Salem Hub -> Pune DC,Incomplete,Review,8,0,0,1,56,141,Low,Deviation,Review,Missing custody signature; Route deviation,Shipment requires auditor review because one or more evidence sources contain exceptions.,4,100.0
SHP0047,B0047,V002,Madurai,Bangalore,2026-08-02 09:29:00,2026-08-02 10:33:00,Completed,Frozen Corn,Frozen,-25.0,-18.0,128,2026-08-12,Refrigerated Truck,2000.0,13,13,0,0,-19.78076923076923,-21.86,-3.72,71.6,71,Reliable,13,1,5.0,Warning,1,1,0,0.126,0.126,Valid,2,2,0,Madurai Store -> Kochi Hub,Complete,Complete,7,0,0,0,0,55,High,Normal,Review,Temperature: Warning,Shipment requires auditor review because one or more evidence sources contain exceptions.,4,100.0
SHP0048,B0048,V047,Madurai,Hyderabad,2026-08-06 07:36:00,2026-08-06 11:11:00,Completed,Frozen Corn,Frozen,-25.0,-18.0,142,2026-08-09,Refrigerated Van,500.0,44,44,0,0,-20.978181818181817,-21.75,-20.29,70.74,70,Review,44,0,0.0,Compliant,1,0,1,0.739,0.739,Review,2,2,0,Pune DC -> Madurai Store,Complete,Complete,5,0,0,0,0,0,High,Normal,Review,Calibration issue,Shipment requires auditor review because one or more evidence sources contain exceptions.,4,100.0
SHP0049,B0049,V100,Bengaluru,Hyderabad,2026-08-01 08:23:00,2026-08-01 13:35:00,Completed,Frozen Corn,Frozen,-25.0,-18.0,21,2026-08-17,Refrigerated Truck,1500.0,63,63,0,4,-21.02047619047619,-21.79,-20.11,70.33,0,Partial,63,0,0.0,Compliant,1,1,0,0.175,0.175,Valid,2,1,1,Hyderabad DC -> Bangalore DC,Incomplete,Review,8,0,0,0,0,18,High,Normal,Review,Missing custody signature,Shipment requires auditor review because one or more evidence sources contain exceptions.,4,100.0
SHP0050,B0050,V099,Hyderabad,Mumbai,2026-08-04 06:09:00,2026-08-04 07:12:00,Completed,Fresh Cream,Chilled,2.0,8.0,260,2026-08-13,Refrigerated Van,500.0,13,13,0,0,5.058461538461539,3.99,6.06,74.74,71,Reliable,13,0,0.0,Compliant,1,1,0,0.127,0.127,Valid,4,4,0,Salem Hub -> Kochi Hub -> Pune DC -> Bangalore DC,Complete,Complete,6,0,0,0,0,24,High,Normal,Compliant,All compliance checks passed,Shipment passed the automated compliance checks.,4,100.0
SHP0051,B0051,V059,Salem,Chennai,2026-08-02 06:34:00,2026-08-02 10:31:00,Completed,Frozen Corn,Frozen,-25.0,-18.0,167,2026-08-26,Refrigerated Truck,2000.0,48,48,0,0,-20.957708333333333,-22.18,-19.74,70.32,70,Reliable,48,0,0.0,Compliant,1,1,0,0.194,0.194,Valid,4,3,1,Madurai Store -> Chennai Warehouse -> Salem Hub -> Kochi Hub,Incomplete,Review,8,0,0,1,44,72,Low,Deviation,Review,Missing custody signature; Route deviation,Shipment requires auditor review because one or more evidence sources contain exceptions.,4,100.0
SHP0052,B0052,V045,Chennai,Madurai,2026-08-06 05:48:00,2026-08-06 10:00:00,Completed,Cheese,Chilled,2.0,8.0,56,2026-08-25,Refrigerated Truck,2000.0,51,51,0,0,5.4147058823529415,3.79,11.23,70.36,70,Review,51,4,20.0,Critical,1,0,1,0.902,0.902,Review,2,1,1,Pune DC -> Madurai Store,Incomplete,Review,8,0,0,1,49,103,Low,Deviation,Non-Compliant,Temperature: Critical; Calibration issue; Missing custody signature; Route deviation,Shipment is non-compliant based on critical compliance evidence.,4,100.0
SHP0053,B0053,V018,Kochi,Bangalore,2026-08-06 06:33:00,2026-08-06 09:34:00,Completed,Frozen Mixed Vegetables,Frozen,-25.0,-18.0,121,2026-08-17,Refrigerated Truck,1500.0,37,37,0,0,-21.033243243243245,-21.98,-20.43,70.39,70,Reliable,37,0,0.0,Compliant,1,1,0,0.116,0.116,Valid,4,4,0,Madurai Store -> Hyderabad DC -> Coimbatore Hub -> Chennai Warehouse,Complete,Complete,7,0,0,0,0,0,High,Normal,Compliant,All compliance checks passed,Shipment passed the automated compliance checks.,4,100.0
SHP0054,B0054,V091,Salem,Pune,2026-08-07 05:09:00,2026-08-07 08:32:00,Completed,Frozen Paneer,Frozen,-25.0,-18.0,135,2026-08-24,Refrigerated Truck,1500.0,41,41,0,0,-21.048536585365852,-21.92,-20.34,71.04,70,Reliable,41,0,0.0,Compliant,1,1,0,0.387,0.387,Valid,3,3,0,Kochi Hub -> Madurai Store -> Bangalore DC,Complete,Complete,7,0,0,0,0,0,High,Normal,Compliant,All compliance checks passed,Shipment passed the automated compliance checks.,4,100.0
SHP0055,B0055,V007,Bangalore,Chennai,2026-08-01 06:57:00,2026-08-01 12:23:00,Completed,Frozen Mixed Vegetables,Frozen,-25.0,-18.0,92,2026-08-06,Refrigerated Van,750.0,66,66,0,4,-20.683636363636364,-22.02,-15.08,70.09,0,Partial,66,4,20.0,Critical,1,1,0,0.357,0.357,Valid,4,4,0,Pune DC -> Hyderabad DC -> Bangalore DC -> Coimbatore Hub,Complete,Complete,7,1,33,0,0,52,Moderate,Delayed,Non-Compliant,Temperature: Critical; Traffic delay,Shipment is non-compliant based on critical compliance evidence.,4,100.0
SHP0056,B0056,V053,Salem,Madurai,2026-08-02 08:47:00,2026-08-02 10:30:00,Completed,Frozen Corn,Frozen,-25.0,-18.0,177,2026-08-23,Refrigerated Van,1000.0,21,21,0,0,-20.987142857142857,-21.88,-20.19,70.88,73,Reliable,21,0,0.0,Compliant,1,1,0,0.198,0.198,Valid,2,2,0,Hyderabad DC -> Coimbatore Hub,Complete,Complete,5,0,0,0,0,61,High,Normal,Compliant,All compliance checks passed,Shipment passed the automated compliance checks.,4,100.0
SHP0057,B0057,V017,Bengaluru,Bangalore,2026-08-01 09:08:00,2026-08-01 13:29:00,Completed,Cheese,Chilled,2.0,8.0,83,2026-08-18,Refrigerated Truck,2500.0,53,53,0,0,5.41,4.21,11.39,71.03,70,Reliable,53,4,20.0,Critical,1,1,0,0.399,0.399,Valid,2,2,0,Pune DC -> Salem Hub,Complete,Complete,5,0,0,0,0,66,High,Normal,Non-Compliant,Temperature: Critical,Shipment is non-compliant based on critical compliance evidence.,4,100.0
SHP0058,B0058,V071,Bangalore,Bengaluru,2026-08-05 09:03:00,2026-08-05 13:45:00,Completed,Cheese,Chilled,2.0,8.0,159,2026-08-20,Refrigerated Truck,2000.0,57,57,0,0,4.913859649122807,-1.92,6.24,70.16,70,Review,57,1,5.0,Warning,1,0,1,0.367,0.367,Review,3,3,0,Hyderabad DC -> Salem Hub -> Madurai Store,Complete,Complete,7,0,0,0,0,0,High,Normal,Review,Temperature: Warning; Calibration issue,Shipment requires auditor review because one or more evidence sources contain exceptions.,4,100.0
SHP0059,B0059,V041,Coimbatore,Hyderabad,2026-08-02 07:16:00,2026-08-02 10:57:00,Completed,Cheese,Chilled,2.0,8.0,61,2026-08-23,Refrigerated Truck,2000.0,45,45,0,0,5.0408888888888885,4.14,5.67,72.33,70,Reliable,45,0,0.0,Compliant,1,1,0,0.373,0.373,Valid,4,4,0,Coimbatore Hub -> Chennai Warehouse -> Coimbatore Hub -> Coimbatore Hub,Complete,Complete,5,0,0,0,0,5,High,Normal,Compliant,All compliance checks passed,Shipment passed the automated compliance checks.,4,100.0
SHP0060,B0060,V045,Salem,Madurai,2026-08-01 07:28:00,2026-08-01 10:47:00,Completed,Frozen French Fries,Frozen,-25.0,-18.0,185,2026-08-23,Refrigerated Truck,2000.0,40,40,0,0,-21.1465,-21.74,-20.39,72.3,70,Reliable,40,0,0.0,Compliant,1,1,0,0.162,0.162,Valid,3,2,1,Hyderabad DC -> Pune DC -> Salem Hub,Incomplete,Review,5,0,0,0,0,16,High,Normal,Review,Missing custody signature,Shipment requires auditor review because one or more evidence sources contain exceptions.,4,100.0
SHP0061,B0061,V049,Hyderabad,Bangalore,2026-08-02 06:08:00,2026-08-02 12:07:00,Completed,Fresh Milk,Chilled,2.0,8.0,66,2026-08-11,Refrigerated Van,1200.0,72,72,0,0,5.030833333333334,4.36,5.7,70.27,70,Reliable,72,0,0.0,Compliant,1,1,0,0.107,0.107,Valid,2,1,1,Pune DC -> Salem Hub,Incomplete,Review,6,0,0,0,0,0,High,Normal,Review,Missing custody signature,Shipment requires auditor review because one or more evidence sources contain exceptions.,4,100.0
SHP0062,B0062,V016,Bangalore,Coimbatore,2026-08-04 05:10:00,2026-08-04 10:00:00,Completed,Frozen Mixed Vegetables,Frozen,-25.0,-18.0,40,2026-08-28,Refrigerated Truck,1500.0,59,59,0,0,-20.64372881355932,-21.89,-15.14,70.41,70,Reliable,59,4,20.0,Critical,1,1,0,0.341,0.341,Valid,2,2,0,Coimbatore Hub -> Coimbatore Hub,Complete,Complete,7,0,0,0,0,48,High,Normal,Non-Compliant,Temperature: Critical,Shipment is non-compliant based on critical compliance evidence.,4,100.0
SHP0063,B0063,V017,Pune,Madurai,2026-08-02 08:07:00,2026-08-02 13:41:00,Completed,Frozen French Fries,Frozen,-25.0,-18.0,285,2026-08-24,Refrigerated Truck,2500.0,67,67,0,0,-21.01373134328358,-22.05,-19.95,70.11,70,Reliable,67,0,0.0,Compliant,1,1,0,0.292,0.292,Valid,2,2,0,Madurai Store -> Bangalore DC,Complete,Complete,6,0,0,0,0,24,High,Normal,Compliant,All compliance checks passed,Shipment passed the automated compliance checks.,4,100.0
SHP0064,B0064,V080,Madurai,Hyderabad,2026-08-04 08:19:00,2026-08-04 13:16:00,Completed,Fresh Paneer,Chilled,2.0,8.0,112,2026-08-22,Refrigerated Van,750.0,60,60,0,0,5.406,4.12,11.64,70.04,71,Reliable,60,4,20.0,Critical,1,1,0,0.251,0.251,Valid,2,2,0,Chennai Warehouse -> Hyderabad DC,Complete,Complete,7,1,55,0,0,97,Moderate,Delayed,Non-Compliant,Temperature: Critical; Traffic delay,Shipment is non-compliant based on critical compliance evidence.,4,100.0
SHP0065,B0065,V033,Kochi,Bangalore,2026-08-01 05:10:00,2026-08-01 08:45:00,Completed,Cheese,Chilled,2.0,8.0,66,2026-08-19,Refrigerated Truck,2500.0,44,44,0,0,5.503863636363636,4.21,11.93,70.37,70,Reliable,44,4,20.0,Critical,1,1,0,0.12,0.12,Valid,2,2,0,Madurai Store -> Salem Hub,Complete,Complete,5,0,0,0,0,33,High,Normal,Non-Compliant,Temperature: Critical,Shipment is non-compliant based on critical compliance evidence.,4,100.0
SHP0066,B0066,V061,Bengaluru,Chennai,2026-08-02 06:53:00,2026-08-02 10:40:00,Completed,Cheese,Chilled,2.0,8.0,190,2026-08-14,Refrigerated Van,500.0,46,46,0,0,5.142826086956521,3.99,5.8,70.25,73,Review,46,0,0.0,Compliant,1,0,1,0.249,0.249,Review,3,2,1,Pune DC -> Madurai Store -> Coimbatore Hub,Incomplete,Review,5,1,39,0,0,44,Moderate,Delayed,Non-Compliant,Calibration issue; Missing custody signature; Traffic delay,Shipment is non-compliant based on critical compliance evidence.,4,100.0
SHP0067,B0067,V028,Coimbatore,Bangalore,2026-08-01 10:15:00,2026-08-01 14:17:00,Completed,Frozen Corn,Frozen,-25.0,-18.0,188,2026-08-17,Refrigerated Van,1000.0,49,49,0,0,-20.685714285714287,-21.52,-15.06,71.28,71,Reliable,49,4,20.0,Critical,1,1,0,0.143,0.143,Valid,4,4,0,Coimbatore Hub -> Salem Hub -> Pune DC -> Madurai Store,Complete,Complete,5,1,25,0,0,30,Moderate,Delayed,Non-Compliant,Temperature: Critical; Traffic delay,Shipment is non-compliant based on critical compliance evidence.,4,100.0
SHP0068,B0068,V061,Salem,Mumbai,2026-08-06 05:43:00,2026-08-06 09:16:00,Completed,Fresh Paneer,Chilled,2.0,8.0,225,2026-08-30,Refrigerated Van,500.0,43,43,0,4,5.042558139534884,4.23,6.08,70.3,0,Review,43,0,0.0,Compliant,1,0,1,0.249,0.249,Review,4,3,1,Bangalore DC -> Salem Hub -> Coimbatore Hub -> Hyderabad DC,Incomplete,Review,6,1,48,0,0,72,Moderate,Delayed,Non-Compliant,Calibration issue; Missing custody signature; Traffic delay,Shipment is non-compliant based on critical compliance evidence.,4,100.0
SHP0069,B0069,V083,Kochi,Coimbatore,2026-08-01 05:25:00,2026-08-01 10:16:00,Completed,Frozen French Fries,Frozen,-25.0,-18.0,65,2026-08-14,Refrigerated Van,1000.0,59,59,0,0,-20.77915254237288,-22.1,-3.04,70.23,71,Reliable,59,1,5.0,Warning,1,1,0,0.331,0.331,Valid,3,2,1,Salem Hub -> Chennai Warehouse -> Salem Hub,Incomplete,Review,6,0,0,0,0,0,High,Normal,Review,Temperature: Warning; Missing custody signature,Shipment requires auditor review because one or more evidence sources contain exceptions.,4,100.0
SHP0070,B0070,V059,Mumbai,Hyderabad,2026-08-05 05:29:00,2026-08-05 07:21:00,Completed,Fresh Paneer,Chilled,2.0,8.0,79,2026-08-28,Refrigerated Truck,2000.0,23,23,0,0,6.1234782608695655,4.55,11.69,70.66,70,Reliable,23,4,20.0,Critical,1,1,0,0.194,0.194,Valid,4,4,0,Kochi Hub -> Salem Hub -> Hyderabad DC -> Coimbatore Hub,Complete,Complete,7,0,0,0,0,21,High,Normal,Non-Compliant,Temperature: Critical,Shipment is non-compliant based on critical compliance evidence.,4,100.0
SHP0071,B0071,V071,Coimbatore,Bangalore,2026-08-06 05:03:00,2026-08-06 07:56:00,Completed,Fresh Cream,Chilled,2.0,8.0,20,2026-08-25,Refrigerated Truck,2000.0,35,35,0,0,5.013142857142857,3.8,5.63,70.88,70,Review,35,0,0.0,Compliant,1,0,1,0.367,0.367,Review,2,1,1,Salem Hub -> Coimbatore Hub,Incomplete,Review,6,0,0,0,0,29,High,Normal,Non-Compliant,Calibration issue; Missing custody signature,Shipment is non-compliant based on critical compliance evidence.,4,100.0
SHP0072,B0072,V051,Coimbatore,Hyderabad,2026-08-03 08:23:00,2026-08-03 10:06:00,Completed,Cheese,Chilled,2.0,8.0,47,2026-08-10,Refrigerated Truck,3000.0,21,21,0,0,4.967619047619047,4.24,5.79,71.01,70,Reliable,21,0,0.0,Compliant,1,1,0,0.209,0.209,Valid,3,3,0,Salem Hub -> Chennai Warehouse -> Madurai Store,Complete,Complete,6,1,28,0,0,60,Moderate,Delayed,Compliant,Traffic delay,Shipment passed the automated compliance checks.,4,100.0
SHP0073,B0073,V064,Bengaluru,Kochi,2026-08-01 05:01:00,2026-08-01 06:34:00,Completed,Fresh Cream,Chilled,2.0,8.0,275,2026-08-24,Refrigerated Truck,2500.0,19,19,0,0,5.072631578947369,4.34,5.96,70.54,70,Review,19,0,0.0,Compliant,1,0,1,0.313,0.313,Review,4,4,0,Salem Hub -> Coimbatore Hub -> Chennai Warehouse -> Salem Hub,Complete,Complete,6,1,33,0,0,57,Moderate,Delayed,Review,Calibration issue; Traffic delay,Shipment requires auditor review because one or more evidence sources contain exceptions.,4,100.0
SHP0074,B0074,V034,Hyderabad,Pune,2026-08-05 06:05:00,2026-08-05 09:54:00,Completed,Fresh Milk,Chilled,2.0,8.0,124,2026-08-12,Refrigerated Van,1000.0,46,45,1,0,4.909111111111111,4.0,5.76,70.31,70,Partial,46,0,0.0,Compliant,1,1,0,0.136,0.136,Valid,4,4,0,Kochi Hub -> Hyderabad DC -> Hyderabad DC -> Salem Hub,Complete,Complete,7,0,0,0,0,70,High,Normal,Compliant,All compliance checks passed,Shipment passed the automated compliance checks.,4,100.0
SHP0075,B0075,V070,Bangalore,Chennai,2026-08-06 08:03:00,2026-08-06 10:29:00,Completed,Frozen Mixed Vegetables,Frozen,-25.0,-18.0,244,2026-08-26,Refrigerated Van,1000.0,30,30,0,0,-21.049333333333333,-21.82,-20.3,70.86,71,Reliable,30,0,0.0,Compliant,1,1,0,0.13,0.13,Valid,4,4,0,Kochi Hub -> Hyderabad DC -> Coimbatore Hub -> Hyderabad DC,Complete,Complete,8,0,0,1,37,66,Low,Deviation,Review,Route deviation,Shipment requires auditor review because one or more evidence sources contain exceptions.,4,100.0
SHP0076,B0076,V071,Bengaluru,Salem,2026-08-02 10:25:00,2026-08-02 15:39:00,Completed,Fresh Milk,Chilled,2.0,8.0,34,2026-08-24,Refrigerated Truck,2000.0,63,63,0,0,5.502063492063492,4.22,13.48,70.41,70,Reliable,63,5,25.0,Critical,1,1,0,0.15,0.15,Valid,4,4,0,Bangalore DC -> Chennai Warehouse -> Kochi Hub -> Chennai Warehouse,Complete,Complete,5,0,0,0,0,9,High,Normal,Non-Compliant,Temperature: Critical,Shipment is non-compliant based on critical compliance evidence.,4,100.0
SHP0077,B0077,V037,Chennai,Salem,2026-08-07 10:27:00,2026-08-07 12:55:00,Completed,Frozen Corn,Frozen,-25.0,-18.0,179,2026-08-21,Refrigerated Truck,2500.0,30,30,0,0,-21.121333333333332,-22.16,-20.47,70.02,70,Reliable,30,0,0.0,Compliant,1,1,0,0.3,0.3,Valid,3,2,1,Kochi Hub -> Bangalore DC -> Chennai Warehouse,Incomplete,Review,8,0,0,1,29,68,Low,Deviation,Review,Missing custody signature; Route deviation,Shipment requires auditor review because one or more evidence sources contain exceptions.,4,100.0
SHP0078,B0078,V036,Madurai,Hyderabad,2026-08-01 06:17:00,2026-08-01 09:40:00,Completed,Frozen Paneer,Frozen,-25.0,-18.0,228,2026-08-06,Refrigerated Van,1000.0,41,41,0,0,-21.050243902439025,-21.75,-20.09,70.79,70,Reliable,41,0,0.0,Compliant,1,1,0,0.259,0.259,Valid,4,4,0,Bangalore DC -> Hyderabad DC -> Salem Hub -> Pune DC,Complete,Complete,8,0,0,0,0,24,High,Normal,Compliant,All compliance checks passed,Shipment passed the automated compliance checks.,4,100.0
SHP0079,B0079,V062,Pune,Coimbatore,2026-08-02 05:39:00,2026-08-02 08:44:00,Completed,Frozen Peas,Frozen,-25.0,-18.0,256,2026-08-07,Refrigerated Truck,3000.0,38,38,0,0,-20.458157894736843,-21.81,-16.03,70.74,70,Reliable,38,4,20.0,Critical,1,1,0,0.358,0.358,Valid,2,2,0,Hyderabad DC -> Bangalore DC,Complete,Complete,7,2,65,0,0,65,Moderate,Delayed,Non-Compliant,Temperature: Critical; Traffic delay,Shipment is non-compliant based on critical compliance evidence.,4,100.0
SHP0080,B0080,V087,Kochi,Pune,2026-08-04 08:56:00,2026-08-04 14:37:00,Completed,Frozen French Fries,Frozen,-25.0,-18.0,169,2026-08-20,Refrigerated Truck,2000.0,69,69,0,0,-20.958840579710145,-22.0,-20.22,70.73,71,Reliable,69,0,0.0,Compliant,1,1,0,0.052,0.052,Valid,2,2,0,Coimbatore Hub -> Coimbatore Hub,Complete,Complete,5,0,0,0,0,39,High,Normal,Compliant,All compliance checks passed,Shipment passed the automated compliance checks.,4,100.0
SHP0081,B0081,V039,Pune,Chennai,2026-08-02 05:17:00,2026-08-02 09:33:00,Completed,Cheese,Chilled,2.0,8.0,267,2026-08-19,Refrigerated Truck,2000.0,52,52,0,0,4.985384615384615,4.15,5.93,70.45,70,Reliable,52,0,0.0,Compliant,1,1,0,0.216,0.216,Valid,3,1,2,Bangalore DC -> Coimbatore Hub -> Hyderabad DC,Incomplete,Review,6,1,28,0,0,48,Moderate,Delayed,Review,Missing custody signature; Traffic delay,Shipment requires auditor review because one or more evidence sources contain exceptions.,4,100.0
SHP0082,B0082,V023,Coimbatore,Salem,2026-08-06 06:41:00,2026-08-06 12:10:00,Completed,Frozen French Fries,Frozen,-25.0,-18.0,94,2026-08-16,Refrigerated Van,750.0,66,66,0,0,-20.94212121212121,-22.01,-20.09,70.37,71,Review,66,0,0.0,Compliant,1,0,1,1.142,1.142,Review,3,2,1,Pune DC -> Bangalore DC -> Bangalore DC,Incomplete,Review,8,0,0,0,0,30,High,Normal,Non-Compliant,Calibration issue; Missing custody signature,Shipment is non-compliant based on critical compliance evidence.,4,100.0
SHP0083,B0083,V017,Hyderabad,Mumbai,2026-08-04 05:24:00,2026-08-04 09:27:00,Completed,Frozen Paneer,Frozen,-25.0,-18.0,280,2026-08-27,Refrigerated Truck,2500.0,49,49,0,0,-21.011020408163265,-22.17,-20.09,70.48,70,Reliable,49,0,0.0,Compliant,1,1,0,0.399,0.399,Valid,3,3,0,Bangalore DC -> Coimbatore Hub -> Bangalore DC,Complete,Complete,6,1,41,1,57,98,Low,Deviation,Review,Route deviation,Shipment requires auditor review because one or more evidence sources contain exceptions.,4,100.0
SHP0084,B0084,V058,Pune,Mumbai,2026-08-05 08:22:00,2026-08-05 14:11:00,Completed,Frozen Peas,Frozen,-25.0,-18.0,161,2026-08-28,Refrigerated Van,500.0,70,70,0,0,-20.984,-22.04,-20.16,70.47,70,Reliable,70,0,0.0,Compliant,1,1,0,0.055,0.055,Valid,4,3,1,Chennai Warehouse -> Pune DC -> Chennai Warehouse -> Bangalore DC,Incomplete,Review,7,0,0,0,0,45,High,Normal,Review,Missing custody signature,Shipment requires auditor review because one or more evidence sources contain exceptions.,4,100.0
SHP0085,B0085,V071,Mumbai,Madurai,2026-08-07 08:17:00,2026-08-07 10:49:00,Completed,Fresh Paneer,Chilled,2.0,8.0,279,2026-08-12,Refrigerated Truck,2000.0,31,31,0,0,4.964516129032258,4.12,6.0,70.77,70,Reliable,31,0,0.0,Compliant,1,1,0,0.15,0.15,Valid,3,3,0,Salem Hub -> Hyderabad DC -> Chennai Warehouse,Complete,Complete,8,0,0,0,0,0,High,Normal,Compliant,All compliance checks passed,Shipment passed the automated compliance checks.,4,100.0
SHP0086,B0086,V016,Chennai,Madurai,2026-08-01 09:14:00,2026-08-01 10:29:00,Completed,Frozen Mixed Vegetables,Frozen,-25.0,-18.0,172,2026-08-30,Refrigerated Truck,1500.0,16,16,0,0,-20.82375,-21.59,-20.08,70.24,71,Reliable,16,0,0.0,Compliant,1,1,0,0.341,0.341,Valid,3,3,0,Kochi Hub -> Chennai Warehouse -> Hyderabad DC,Complete,Complete,6,0,0,0,0,0,High,Normal,Compliant,All compliance checks passed,Shipment passed the automated compliance checks.,4,100.0
SHP0087,B0087,V060,Kochi,Chennai,2026-08-03 08:33:00,2026-08-03 12:36:00,Completed,Yogurt,Chilled,2.0,8.0,248,2026-08-21,Refrigerated Van,1000.0,49,49,0,0,4.972040816326531,4.21,5.82,70.1,70,Reliable,49,0,0.0,Compliant,1,1,0,0.285,0.285,Valid,3,3,0,Chennai Warehouse -> Coimbatore Hub -> Madurai Store,Complete,Complete,7,1,27,2,99,155,Low,Deviation,Review,Route deviation,Shipment requires auditor review because one or more evidence sources contain exceptions.,4,100.0
SHP0088,B0088,V040,Bengaluru,Hyderabad,2026-08-03 06:06:00,2026-08-03 09:12:00,Completed,Fresh Paneer,Chilled,2.0,8.0,190,2026-08-21,Refrigerated Truck,3000.0,38,38,0,0,5.036315789473684,4.17,5.89,70.41,70,Reliable,38,0,0.0,Compliant,1,1,0,0.369,0.369,Valid,2,2,0,Salem Hub -> Pune DC,Complete,Complete,7,0,0,0,0,29,High,Normal,Compliant,All compliance checks passed,Shipment passed the automated compliance checks.,4,100.0
SHP0089,B0089,V016,Hyderabad,Kochi,2026-08-03 09:52:00,2026-08-03 11:20:00,Completed,Cheese,Chilled,2.0,8.0,184,2026-08-31,Refrigerated Truck,1500.0,18,18,0,0,5.235,4.66,5.99,72.52,70,Reliable,18,0,0.0,Compliant,1,1,0,0.341,0.341,Valid,3,3,0,Hyderabad DC -> Salem Hub -> Chennai Warehouse,Complete,Complete,5,0,0,0,0,19,High,Normal,Compliant,All compliance checks passed,Shipment passed the automated compliance checks.,4,100.0
SHP0090,B0090,V022,Hyderabad,Bengaluru,2026-08-06 08:22:00,2026-08-06 10:50:00,Completed,Frozen Corn,Frozen,-25.0,-18.0,216,2026-08-11,Refrigerated Van,500.0,30,29,1,0,-20.96896551724138,-21.93,-19.7,70.17,70,Review,30,0,0.0,Compliant,1,0,1,0.989,0.989,Review,4,4,0,Bangalore DC -> Madurai Store -> Salem Hub -> Hyderabad DC,Complete,Complete,8,1,13,0,0,61,Moderate,Delayed,Review,Calibration issue; Traffic delay,Shipment requires auditor review because one or more evidence sources contain exceptions.,4,100.0
SHP0091,B0091,V023,Coimbatore,Hyderabad,2026-08-01 09:20:00,2026-08-01 13:23:00,Completed,Fresh Milk,Chilled,2.0,8.0,182,2026-08-27,Refrigerated Van,750.0,49,49,0,0,4.889795918367347,4.13,5.82,70.08,70,Review,49,0,0.0,Compliant,1,0,1,0.875,0.875,Review,2,2,0,Hyderabad DC -> Madurai Store,Complete,Complete,7,0,0,0,0,0,High,Normal,Review,Calibration issue,Shipment requires auditor review because one or more evidence sources contain exceptions.,4,100.0
SHP0092,B0092,V030,Bengaluru,Chennai,2026-08-02 10:44:00,2026-08-02 14:44:00,Completed,Cheese,Chilled,2.0,8.0,217,2026-08-25,Refrigerated Truck,1500.0,49,49,0,0,4.8822448979591835,4.21,5.52,70.5,70,Reliable,49,0,0.0,Compliant,1,1,0,0.141,0.141,Valid,2,2,0,Madurai Store -> Chennai Warehouse,Complete,Complete,7,0,0,0,0,0,High,Normal,Compliant,All compliance checks passed,Shipment passed the automated compliance checks.,4,100.0
SHP0093,B0093,V049,Bengaluru,Coimbatore,2026-08-03 09:12:00,2026-08-03 14:24:00,Completed,Frozen French Fries,Frozen,-25.0,-18.0,38,2026-08-08,Refrigerated Van,1200.0,63,63,0,0,-21.05873015873016,-21.88,-20.34,70.94,70,Reliable,63,0,0.0,Compliant,1,1,0,0.154,0.154,Valid,2,2,0,Salem Hub -> Salem Hub,Complete,Complete,7,0,0,1,71,110,Low,Deviation,Review,Route deviation,Shipment requires auditor review because one or more evidence sources contain exceptions.,4,100.0
SHP0094,B0094,V040,Mumbai,Kochi,2026-08-06 06:31:00,2026-08-06 07:50:00,Completed,Fresh Milk,Chilled,2.0,8.0,245,2026-08-07,Refrigerated Truck,3000.0,16,16,0,0,5.051875,4.24,5.67,77.31,70,Reliable,16,0,0.0,Compliant,1,1,0,0.369,0.369,Valid,2,2,0,Salem Hub -> Bangalore DC,Complete,Complete,8,1,37,0,0,111,Moderate,Delayed,Compliant,Traffic delay,Shipment passed the automated compliance checks.,4,100.0
SHP0095,B0095,V010,Bangalore,Chennai,2026-08-03 06:38:00,2026-08-03 09:30:00,Completed,Fresh Milk,Chilled,2.0,8.0,93,2026-08-17,Refrigerated Truck,2500.0,35,35,0,0,5.029714285714285,4.36,5.74,70.05,72,Reliable,35,0,0.0,Compliant,1,1,0,0.291,0.291,Valid,3,3,0,Kochi Hub -> Madurai Store -> Kochi Hub,Complete,Complete,8,0,0,0,0,93,High,Normal,Compliant,All compliance checks passed,Shipment passed the automated compliance checks.,4,100.0
SHP0096,B0096,V026,Chennai,Mumbai,2026-08-02 08:00:00,2026-08-02 11:49:00,Completed,Frozen Peas,Frozen,-25.0,-18.0,260,2026-08-29,Refrigerated Truck,2500.0,46,46,0,0,-20.918478260869566,-21.96,-19.74,73.35,70,Reliable,46,0,0.0,Compliant,1,1,0,0.07,0.07,Valid,4,4,0,Bangalore DC -> Chennai Warehouse -> Chennai Warehouse -> Madurai Store,Complete,Complete,5,0,0,0,0,37,High,Normal,Compliant,All compliance checks passed,Shipment passed the automated compliance checks.,4,100.0
SHP0097,B0097,V095,Bengaluru,Hyderabad,2026-08-06 06:21:00,2026-08-06 08:51:00,Completed,Fresh Paneer,Chilled,2.0,8.0,223,2026-08-24,Refrigerated Van,750.0,31,31,0,0,4.816774193548387,3.92,5.66,71.37,71,Reliable,31,0,0.0,Compliant,1,1,0,0.261,0.261,Valid,4,3,1,Madurai Store -> Bangalore DC -> Coimbatore Hub -> Pune DC,Incomplete,Review,8,1,52,0,0,85,Moderate,Delayed,Review,Missing custody signature; Traffic delay,Shipment requires auditor review because one or more evidence sources contain exceptions.,4,100.0
SHP0098,B0098,V026,Madurai,Chennai,2026-08-06 05:09:00,2026-08-06 11:09:00,Completed,Frozen Mixed Vegetables,Frozen,-25.0,-18.0,293,2026-08-16,Refrigerated Truck,2500.0,73,73,0,0,-21.013013698630136,-22.14,-19.87,70.1,70,Review,73,0,0.0,Compliant,1,0,1,0.909,0.909,Review,3,3,0,Salem Hub -> Coimbatore Hub -> Kochi Hub,Complete,Complete,8,0,0,0,0,7,High,Normal,Review,Calibration issue,Shipment requires auditor review because one or more evidence sources contain exceptions.,4,100.0
SHP0099,B0099,V042,Coimbatore,Bangalore,2026-08-03 09:55:00,2026-08-03 14:01:00,Completed,Cheese,Chilled,2.0,8.0,297,2026-08-05,Refrigerated Truck,2000.0,50,50,0,0,5.052,4.24,5.72,70.97,70,Reliable,50,0,0.0,Compliant,1,1,0,0.15,0.15,Valid,4,4,0,Pune DC -> Chennai Warehouse -> Kochi Hub -> Pune DC,Complete,Complete,5,1,10,0,0,44,Moderate,Delayed,Compliant,Traffic delay,Shipment passed the automated compliance checks.,4,100.0
SHP0100,B0100,V051,Bangalore,Madurai,2026-08-04 10:42:00,2026-08-04 15:04:00,Completed,Frozen Corn,Frozen,-25.0,-18.0,167,2026-08-11,Refrigerated Truck,3000.0,53,53,0,0,-21.073396226415095,-22.05,-20.06,70.36,70,Reliable,53,0,0.0,Compliant,1,1,0,0.209,0.209,Valid,2,2,0,Madurai Store -> Pune DC,Complete,Complete,8,0,0,0,0,72,High,Normal,Compliant,All compliance checks passed,Shipment passed the automated compliance checks.,4,100.0
SHP0101,B0101,V040,Bengaluru,Bangalore,2026-08-02 07:19:00,2026-08-02 11:04:00,Completed,Frozen French Fries,Frozen,-25.0,-18.0,70,2026-08-28,Refrigerated Truck,3000.0,46,46,0,0,-20.815652173913044,-22.2,-7.13,70.2,72,Reliable,46,1,5.0,Warning,1,1,0,0.369,0.369,Valid,3,3,0,Pune DC -> Pune DC -> Madurai Store,Complete,Complete,7,0,0,0,0,19,High,Normal,Review,Temperature: Warning,Shipment requires auditor review because one or more evidence sources contain exceptions.,4,100.0
SHP0102,B0102,V062,Coimbatore,Salem,2026-08-05 10:31:00,2026-08-05 14:13:00,Completed,Frozen French Fries,Frozen,-25.0,-18.0,105,2026-08-26,Refrigerated Truck,3000.0,45,45,0,0,-21.021555555555555,-21.81,-20.12,70.71,71,Reliable,45,0,0.0,Compliant,1,1,0,0.386,0.386,Valid,3,3,0,Chennai Warehouse -> Chennai Warehouse -> Chennai Warehouse,Complete,Complete,6,0,0,0,0,29,High,Normal,Compliant,All compliance checks passed,Shipment passed the automated compliance checks.,4,100.0
SHP0103,B0103,V085,Coimbatore,Mumbai,2026-08-01 10:56:00,2026-08-01 14:58:00,Completed,Fresh Milk,Chilled,2.0,8.0,43,2026-08-14,Refrigerated Van,1200.0,49,49,0,0,4.95,4.3,5.68,70.19,70,Reliable,49,0,0.0,Compliant,1,1,0,0.391,0.391,Valid,4,4,0,Madurai Store -> Coimbatore Hub -> Coimbatore Hub -> Hyderabad DC,Complete,Complete,8,0,0,0,0,23,High,Normal,Compliant,All compliance checks passed,Shipment passed the automated compliance checks.,4,100.0
SHP0104,B0104,V040,Hyderabad,Bengaluru,2026-08-05 06:24:00,2026-08-05 10:01:00,Completed,Frozen Mixed Vegetables,Frozen,-25.0,-18.0,203,2026-08-15,Refrigerated Truck,3000.0,44,44,0,0,-20.59090909090909,-21.95,-15.01,70.22,70,Reliable,44,4,20.0,Critical,1,1,0,0.369,0.369,Valid,2,2,0,Coimbatore Hub -> Chennai Warehouse,Complete,Complete,5,0,0,0,0,0,High,Normal,Non-Compliant,Temperature: Critical,Shipment is non-compliant based on critical compliance evidence.,4,100.0
SHP0105,B0105,V005,Kochi,Coimbatore,2026-08-04 06:46:00,2026-08-04 07:46:00,Completed,Yogurt,Chilled,2.0,8.0,145,2026-08-20,Refrigerated Truck,1500.0,13,13,0,0,5.760769230769231,4.73,14.66,70.85,70,Reliable,13,1,5.0,Warning,1,1,0,0.115,0.115,Valid,2,2,0,Kochi Hub -> Coimbatore Hub,Complete,Complete,5,1,54,0,0,69,Moderate,Delayed,Review,Temperature: Warning; Traffic delay,Shipment requires auditor review because one or more evidence sources contain exceptions.,4,100.0
SHP0106,B0106,V002,Bengaluru,Salem,2026-08-04 09:02:00,2026-08-04 11:35:00,Completed,Fresh Cream,Chilled,2.0,8.0,112,2026-08-09,Refrigerated Truck,2000.0,31,30,1,0,5.656333333333333,4.0,11.01,70.02,70,Partial,31,4,20.0,Critical,1,1,0,0.126,0.126,Valid,3,2,1,Pune DC -> Chennai Warehouse -> Madurai Store,Incomplete,Review,7,1,10,0,0,10,Moderate,Delayed,Non-Compliant,Temperature: Critical; Missing custody signature; Traffic delay,Shipment is non-compliant based on critical compliance evidence.,4,100.0
SHP0107,B0107,V047,Bengaluru,Madurai,2026-08-05 09:14:00,2026-08-05 15:03:00,Completed,Frozen Peas,Frozen,-25.0,-18.0,215,2026-08-23,Refrigerated Van,500.0,70,70,0,0,-20.725428571428573,-21.89,-15.13,70.35,71,Review,70,4,20.0,Critical,1,0,1,0.739,0.739,Review,3,3,0,Bangalore DC -> Coimbatore Hub -> Madurai Store,Complete,Complete,8,0,0,0,0,33,High,Normal,Non-Compliant,Temperature: Critical; Calibration issue,Shipment is non-compliant based on critical compliance evidence.,4,100.0
SHP0108,B0108,V079,Bangalore,Pune,2026-08-07 06:21:00,2026-08-07 08:00:00,Completed,Frozen French Fries,Frozen,-25.0,-18.0,93,2026-08-11,Refrigerated Van,500.0,20,20,0,0,-21.0795,-21.87,-20.33,73.39,72,Reliable,20,0,0.0,Compliant,1,1,0,0.158,0.158,Valid,2,2,0,Chennai Warehouse -> Hyderabad DC,Complete,Complete,7,1,34,0,0,46,Moderate,Delayed,Compliant,Traffic delay,Shipment passed the automated compliance checks.,4,100.0
SHP0109,B0109,V004,Hyderabad,Madurai,2026-08-05 07:10:00,2026-08-05 08:55:00,Completed,Fresh Paneer,Chilled,2.0,8.0,255,2026-08-12,Refrigerated Van,500.0,22,22,0,0,5.0613636363636365,4.44,5.83,72.49,73,Reliable,22,0,0.0,Compliant,1,1,0,0.104,0.104,Valid,3,3,0,Kochi Hub -> Bangalore DC -> Hyderabad DC,Complete,Complete,7,0,0,0,0,30,High,Normal,Compliant,All compliance checks passed,Shipment passed the automated compliance checks.,4,100.0
SHP0110,B0110,V063,Madurai,Pune,2026-08-05 05:16:00,2026-08-05 08:03:00,Completed,Frozen French Fries,Frozen,-25.0,-18.0,167,2026-08-25,Refrigerated Van,500.0,34,34,0,0,-20.971176470588237,-21.73,-20.22,70.72,70,Reliable,34,0,0.0,Compliant,1,1,0,0.258,0.258,Valid,4,4,0,Salem Hub -> Salem Hub -> Chennai Warehouse -> Salem Hub,Complete,Complete,8,1,34,0,0,63,Moderate,Delayed,Compliant,Traffic delay,Shipment passed the automated compliance checks.,4,100.0
SHP0111,B0111,V065,Hyderabad,Bangalore,2026-08-02 07:16:00,2026-08-02 09:11:00,Completed,Frozen Peas,Frozen,-25.0,-18.0,246,2026-08-15,Refrigerated Van,500.0,24,24,0,0,-21.022916666666667,-21.87,-20.27,70.48,71,Reliable,24,0,0.0,Compliant,1,1,0,0.312,0.312,Valid,3,3,0,Kochi Hub -> Salem Hub -> Chennai Warehouse,Complete,Complete,6,0,0,0,0,56,High,Normal,Compliant,All compliance checks passed,Shipment passed the automated compliance checks.,4,100.0
SHP0112,B0112,V011,Chennai,Salem,2026-08-01 08:46:00,2026-08-01 13:20:00,Completed,Cheese,Chilled,2.0,8.0,148,2026-08-18,Refrigerated Van,750.0,55,54,1,0,4.976111111111111,3.83,5.69,70.66,70,Partial,55,0,0.0,Compliant,1,1,0,0.318,0.318,Valid,3,3,0,Kochi Hub -> Coimbatore Hub -> Chennai Warehouse,Complete,Complete,6,0,0,0,0,0,High,Normal,Compliant,All compliance checks passed,Shipment passed the automated compliance checks.,4,100.0
SHP0113,B0113,V083,Coimbatore,Salem,2026-08-05 08:56:00,2026-08-05 13:09:00,Completed,Yogurt,Chilled,2.0,8.0,216,2026-08-31,Refrigerated Van,1000.0,51,51,0,0,5.020392156862745,4.35,5.86,70.14,70,Reliable,51,0,0.0,Compliant,1,1,0,0.331,0.331,Valid,4,4,0,Chennai Warehouse -> Madurai Store -> Kochi Hub -> Coimbatore Hub,Complete,Complete,8,0,0,1,30,59,Low,Deviation,Review,Route deviation,Shipment requires auditor review because one or more evidence sources contain exceptions.,4,100.0
SHP0114,B0114,V042,Madurai,Mumbai,2026-08-07 08:06:00,2026-08-07 13:11:00,Completed,Fresh Milk,Chilled,2.0,8.0,141,2026-08-16,Refrigerated Truck,2000.0,62,62,0,0,5.024838709677419,3.73,5.96,70.14,70,Reliable,62,0,0.0,Compliant,1,1,0,0.15,0.15,Valid,3,3,0,Salem Hub -> Bangalore DC -> Bangalore DC,Complete,Complete,5,0,0,0,0,46,High,Normal,Compliant,All compliance checks passed,Shipment passed the automated compliance checks.,4,100.0
SHP0115,B0115,V019,Bengaluru,Hyderabad,2026-08-02 06:28:00,2026-08-02 08:05:00,Completed,Fresh Cream,Chilled,2.0,8.0,171,2026-08-26,Refrigerated Truck,1500.0,20,20,0,0,4.927,3.73,5.48,70.31,72,Review,20,0,0.0,Compliant,1,0,1,0.335,0.335,Review,4,4,0,Hyderabad DC -> Madurai Store -> Pune DC -> Chennai Warehouse,Complete,Complete,8,0,0,0,0,48,High,Normal,Review,Calibration issue,Shipment requires auditor review because one or more evidence sources contain exceptions.,4,100.0
SHP0116,B0116,V018,Chennai,Kochi,2026-08-05 05:20:00,2026-08-05 08:33:00,Completed,Fresh Milk,Chilled,2.0,8.0,222,2026-08-12,Refrigerated Truck,1500.0,39,39,0,0,4.8933333333333335,4.16,6.1,70.18,70,Review,39,0,0.0,Compliant,1,0,1,1.121,1.121,Review,4,3,1,Kochi Hub -> Salem Hub -> Salem Hub -> Bangalore DC,Incomplete,Review,6,2,59,0,0,69,Moderate,Delayed,Non-Compliant,Calibration issue; Missing custody signature; Traffic delay,Shipment is non-compliant based on critical compliance evidence.,4,100.0
SHP0117,B0117,V086,Bangalore,Madurai,2026-08-02 06:56:00,2026-08-02 11:08:00,Completed,Frozen Paneer,Frozen,-25.0,-18.0,45,2026-08-23,Refrigerated Van,1200.0,51,51,0,0,-20.982156862745097,-22.05,-19.77,70.63,70,Reliable,51,0,0.0,Compliant,1,1,0,0.317,0.317,Valid,4,3,1,Pune DC -> Pune DC -> Pune DC -> Kochi Hub,Incomplete,Review,6,1,43,0,0,77,Moderate,Delayed,Review,Missing custody signature; Traffic delay,Shipment requires auditor review because one or more evidence sources contain exceptions.,4,100.0
SHP0118,B0118,V051,Coimbatore,Bangalore,2026-08-07 09:57:00,2026-08-07 11:44:00,Completed,Fresh Paneer,Chilled,2.0,8.0,137,2026-08-23,Refrigerated Truck,3000.0,22,22,0,0,4.96,4.46,5.64,70.64,71,Reliable,22,0,0.0,Compliant,1,1,0,0.209,0.209,Valid,4,4,0,Kochi Hub -> Salem Hub -> Kochi Hub -> Madurai Store,Complete,Complete,5,0,0,0,0,10,High,Normal,Compliant,All compliance checks passed,Shipment passed the automated compliance checks.,4,100.0
SHP0119,B0119,V052,Madurai,Bengaluru,2026-08-01 09:57:00,2026-08-01 15:04:00,Completed,Yogurt,Chilled,2.0,8.0,117,2026-08-23,Refrigerated Truck,1500.0,62,62,0,0,5.03483870967742,4.12,5.7,70.32,70,Reliable,62,0,0.0,Compliant,1,1,0,0.171,0.171,Valid,3,3,0,Madurai Store -> Coimbatore Hub -> Coimbatore Hub,Complete,Complete,6,0,0,0,0,31,High,Normal,Compliant,All compliance checks passed,Shipment passed the automated compliance checks.,4,100.0
SHP0120,B0120,V039,Chennai,Salem,2026-08-06 10:10:00,2026-08-06 14:52:00,Completed,Yogurt,Chilled,2.0,8.0,69,2026-08-24,Refrigerated Truck,2000.0,57,56,1,0,5.019821428571428,4.11,6.25,70.29,70,Partial,57,0,0.0,Compliant,1,1,0,0.216,0.216,Valid,2,2,0,Coimbatore Hub -> Hyderabad DC,Complete,Complete,7,0,0,0,0,84,High,Normal,Compliant,All compliance checks passed,Shipment passed the automated compliance checks.,4,100.0
SHP0121,B0121,V081,Coimbatore,Chennai,2026-08-03 05:21:00,2026-08-03 08:06:00,Completed,Frozen Mixed Vegetables,Frozen,-25.0,-18.0,245,2026-08-05,Refrigerated Van,500.0,34,34,0,0,-20.956176470588236,-21.84,-20.04,70.42,70,Reliable,34,0,0.0,Compliant,1,1,0,0.343,0.343,Valid,2,2,0,Chennai Warehouse -> Salem Hub,Complete,Complete,5,0,0,0,0,0,High,Normal,Compliant,All compliance checks passed,Shipment passed the automated compliance checks.,4,100.0
SHP0122,B0122,V035,Hyderabad,Salem,2026-08-05 10:35:00,2026-08-05 16:11:00,Completed,Yogurt,Chilled,2.0,8.0,66,2026-08-13,Refrigerated Van,750.0,68,68,0,0,5.004705882352941,4.27,6.02,70.09,72,Reliable,68,0,0.0,Compliant,1,1,0,0.234,0.234,Valid,4,3,1,Hyderabad DC -> Salem Hub -> Coimbatore Hub -> Pune DC,Incomplete,Review,8,2,37,0,0,55,Moderate,Delayed,Review,Missing custody signature; Traffic delay,Shipment requires auditor review because one or more evidence sources contain exceptions.,4,100.0
SHP0123,B0123,V064,Kochi,Hyderabad,2026-08-04 05:03:00,2026-08-04 09:24:00,Completed,Cheese,Chilled,2.0,8.0,109,2026-08-10,Refrigerated Truck,2500.0,53,53,0,0,5.023018867924528,4.17,6.17,70.58,70,Review,53,0,0.0,Compliant,1,0,1,0.313,0.313,Review,4,3,1,Salem Hub -> Bangalore DC -> Chennai Warehouse -> Kochi Hub,Incomplete,Review,5,0,0,1,37,53,Low,Deviation,Non-Compliant,Calibration issue; Missing custody signature; Route deviation,Shipment is non-compliant based on critical compliance evidence.,4,100.0
SHP0124,B0124,V095,Bengaluru,Mumbai,2026-08-02 08:09:00,2026-08-02 09:36:00,Completed,Frozen Paneer,Frozen,-25.0,-18.0,207,2026-08-20,Refrigerated Van,750.0,18,18,0,0,-21.136666666666667,-21.78,-20.28,70.37,70,Reliable,18,0,0.0,Compliant,1,1,0,0.261,0.261,Valid,2,2,0,Kochi Hub -> Hyderabad DC,Complete,Complete,5,0,0,0,0,0,High,Normal,Compliant,All compliance checks passed,Shipment passed the automated compliance checks.,4,100.0
SHP0125,B0125,V086,Madurai,Chennai,2026-08-03 08:05:00,2026-08-03 11:35:00,Completed,Yogurt,Chilled,2.0,8.0,151,2026-08-30,Refrigerated Van,1200.0,43,43,0,0,5.024883720930233,4.26,6.17,70.43,70,Reliable,43,0,0.0,Compliant,1,1,0,0.317,0.317,Valid,4,4,0,Kochi Hub -> Hyderabad DC -> Pune DC -> Salem Hub,Complete,Complete,8,1,44,0,0,68,Moderate,Delayed,Compliant,Traffic delay,Shipment passed the automated compliance checks.,4,100.0
SHP0126,B0126,V082,Bengaluru,Pune,2026-08-01 06:06:00,2026-08-01 07:19:00,Completed,Fresh Paneer,Chilled,2.0,8.0,193,2026-08-29,Refrigerated Truck,1500.0,15,15,0,0,5.149333333333333,4.44,5.83,71.32,76,Reliable,15,0,0.0,Compliant,1,1,0,0.251,0.251,Valid,2,2,0,Bangalore DC -> Kochi Hub,Complete,Complete,6,0,0,1,17,72,Low,Deviation,Review,Route deviation,Shipment requires auditor review because one or more evidence sources contain exceptions.,4,100.0
SHP0127,B0127,V018,Hyderabad,Coimbatore,2026-08-02 10:18:00,2026-08-02 11:59:00,Completed,Frozen French Fries,Frozen,-25.0,-18.0,58,2026-08-08,Refrigerated Truck,1500.0,21,21,0,0,-21.071428571428573,-21.65,-20.19,72.59,71,Review,21,0,0.0,Compliant,1,0,1,1.121,1.121,Review,2,2,0,Kochi Hub -> Pune DC,Complete,Complete,7,0,0,1,45,99,Low,Deviation,Review,Calibration issue; Route deviation,Shipment requires auditor review because one or more evidence sources contain exceptions.,4,100.0
SHP0128,B0128,V098,Pune,Bangalore,2026-08-02 07:50:00,2026-08-02 12:13:00,Completed,Frozen French Fries,Frozen,-25.0,-18.0,207,2026-08-06,Refrigerated Truck,3000.0,53,53,0,0,-20.978490566037735,-21.6,-19.96,70.32,70,Reliable,53,0,0.0,Compliant,1,1,0,0.27,0.27,Valid,2,2,0,Bangalore DC -> Madurai Store,Complete,Complete,6,0,0,1,75,75,Low,Deviation,Review,Route deviation,Shipment requires auditor review because one or more evidence sources contain exceptions.,4,100.0
SHP0129,B0129,V081,Pune,Kochi,2026-08-04 05:41:00,2026-08-04 11:19:00,Completed,Fresh Milk,Chilled,2.0,8.0,155,2026-08-21,Refrigerated Van,500.0,68,67,1,0,4.931343283582089,4.1,6.03,70.17,70,Partial,68,0,0.0,Compliant,1,1,0,0.343,0.343,Valid,3,3,0,Bangalore DC -> Madurai Store -> Salem Hub,Complete,Complete,7,1,57,0,0,57,Moderate,Delayed,Compliant,Traffic delay,Shipment passed the automated compliance checks.,4,100.0
SHP0130,B0130,V019,Salem,Coimbatore,2026-08-01 07:56:00,2026-08-01 12:11:00,Completed,Frozen French Fries,Frozen,-25.0,-18.0,208,2026-08-25,Refrigerated Truck,1500.0,52,52,0,0,-21.103076923076923,-21.87,-20.46,71.2,71,Review,52,0,0.0,Compliant,1,0,1,0.335,0.335,Review,3,3,0,Kochi Hub -> Chennai Warehouse -> Madurai Store,Complete,Complete,7,0,0,0,0,63,High,Normal,Review,Calibration issue,Shipment requires auditor review because one or more evidence sources contain exceptions.,4,100.0
SHP0131,B0131,V065,Madurai,Coimbatore,2026-08-04 08:02:00,2026-08-04 11:16:00,Completed,Fresh Cream,Chilled,2.0,8.0,215,2026-08-30,Refrigerated Van,500.0,39,39,0,0,4.996666666666667,4.21,5.71,70.1,71,Reliable,39,0,0.0,Compliant,1,1,0,0.312,0.312,Valid,4,4,0,Chennai Warehouse -> Bangalore DC -> Chennai Warehouse -> Coimbatore Hub,Complete,Complete,8,0,0,1,51,105,Low,Deviation,Review,Route deviation,Shipment requires auditor review because one or more evidence sources contain exceptions.,4,100.0
SHP0132,B0132,V041,Pune,Kochi,2026-08-05 06:53:00,2026-08-05 10:10:00,Completed,Fresh Milk,Chilled,2.0,8.0,139,2026-08-19,Refrigerated Truck,2000.0,40,40,0,0,4.99425,3.99,5.83,70.1,73,Reliable,40,0,0.0,Compliant,1,1,0,0.373,0.373,Valid,3,2,1,Salem Hub -> Kochi Hub -> Chennai Warehouse,Incomplete,Review,8,0,0,1,57,62,Low,Deviation,Review,Missing custody signature; Route deviation,Shipment requires auditor review because one or more evidence sources contain exceptions.,4,100.0
SHP0133,B0133,V049,Bengaluru,Chennai,2026-08-04 06:48:00,2026-08-04 08:37:00,Completed,Frozen Paneer,Frozen,-25.0,-18.0,187,2026-08-23,Refrigerated Van,1200.0,22,22,0,0,-21.039545454545454,-21.6,-20.0,70.61,72,Reliable,22,0,0.0,Compliant,1,1,0,0.154,0.154,Valid,4,4,0,Kochi Hub -> Bangalore DC -> Pune DC -> Coimbatore Hub,Complete,Complete,5,0,0,1,33,39,Low,Deviation,Review,Route deviation,Shipment requires auditor review because one or more evidence sources contain exceptions.,4,100.0
SHP0134,B0134,V070,Bangalore,Madurai,2026-08-02 09:26:00,2026-08-02 12:22:00,Completed,Frozen Peas,Frozen,-25.0,-18.0,257,2026-08-26,Refrigerated Van,1000.0,36,36,0,0,-20.399166666666666,-21.67,-15.1,70.52,71,Reliable,36,4,20.0,Critical,1,1,0,0.064,0.064,Valid,2,0,2,Madurai Store -> Hyderabad DC,Incomplete,Review,7,1,24,0,0,24,Moderate,Delayed,Non-Compliant,Temperature: Critical; Missing custody signature; Traffic delay,Shipment is non-compliant based on critical compliance evidence.,4,100.0
SHP0135,B0135,V075,Mumbai,Chennai,2026-08-01 08:52:00,2026-08-01 14:19:00,Completed,Cheese,Chilled,2.0,8.0,79,2026-08-08,Refrigerated Van,750.0,66,66,0,0,5.016363636363637,3.9,5.83,70.48,70,Reliable,66,0,0.0,Compliant,1,1,0,0.368,0.368,Valid,4,4,0,Bangalore DC -> Salem Hub -> Pune DC -> Salem Hub,Complete,Complete,7,0,0,0,0,47,High,Normal,Compliant,All compliance checks passed,Shipment passed the automated compliance checks.,4,100.0
SHP0136,B0136,V090,Salem,Mumbai,2026-08-04 10:55:00,2026-08-04 15:58:00,Completed,Frozen Peas,Frozen,-25.0,-18.0,175,2026-08-19,Refrigerated Truck,3000.0,61,61,0,0,-21.02229508196721,-22.13,-19.87,70.25,70,Review,61,0,0.0,Compliant,1,0,1,0.953,0.953,Review,2,2,0,Pune DC -> Coimbatore Hub,Complete,Complete,5,0,0,0,0,6,High,Normal,Review,Calibration issue,Shipment requires auditor review because one or more evidence sources contain exceptions.,4,100.0
SHP0137,B0137,V057,Bengaluru,Hyderabad,2026-08-01 08:19:00,2026-08-01 09:59:00,Completed,Frozen Peas,Frozen,-25.0,-18.0,140,2026-08-21,Refrigerated Van,1000.0,21,21,0,0,-19.70952380952381,-21.83,-5.86,70.96,71,Reliable,21,4,20.0,Critical,1,1,0,0.238,0.238,Valid,4,3,1,Hyderabad DC -> Madurai Store -> Hyderabad DC -> Coimbatore Hub,Incomplete,Review,5,0,0,0,0,45,High,Normal,Non-Compliant,Temperature: Critical; Missing custody signature,Shipment is non-compliant based on critical compliance evidence.,4,100.0
SHP0138,B0138,V058,Salem,Chennai,2026-08-06 09:36:00,2026-08-06 15:00:00,Completed,Frozen French Fries,Frozen,-25.0,-18.0,252,2026-08-15,Refrigerated Van,500.0,65,65,0,0,-21.051846153846153,-21.88,-20.16,70.94,70,Reliable,65,0,0.0,Compliant,1,1,0,0.055,0.055,Valid,3,3,0,Hyderabad DC -> Bangalore DC -> Pune DC,Complete,Complete,7,1,50,0,0,50,Moderate,Delayed,Compliant,Traffic delay,Shipment passed the automated compliance checks.,4,100.0
SHP0139,B0139,V035,Bengaluru,Coimbatore,2026-08-01 05:48:00,2026-08-01 10:37:00,Completed,Fresh Cream,Chilled,2.0,8.0,99,2026-08-17,Refrigerated Van,750.0,58,58,0,0,4.9287931034482755,4.0,6.24,70.07,70,Reliable,58,0,0.0,Compliant,1,1,0,0.234,0.234,Valid,3,3,0,Pune DC -> Pune DC -> Kochi Hub,Complete,Complete,5,0,0,0,0,20,High,Normal,Compliant,All compliance checks passed,Shipment passed the automated compliance checks.,4,100.0
SHP0140,B0140,V023,Coimbatore,Hyderabad,2026-08-05 06:08:00,2026-08-05 07:29:00,Completed,Frozen French Fries,Frozen,-25.0,-18.0,228,2026-08-12,Refrigerated Van,750.0,17,17,0,0,-21.11470588235294,-21.89,-19.83,73.11,70,Review,17,0,0.0,Compliant,1,0,1,0.875,0.875,Review,2,2,0,Chennai Warehouse -> Bangalore DC,Complete,Complete,7,0,0,0,0,114,High,Normal,Review,Calibration issue,Shipment requires auditor review because one or more evidence sources contain exceptions.,4,100.0
SHP0141,B0141,V097,Salem,Bangalore,2026-08-02 10:27:00,2026-08-02 13:10:00,Completed,Frozen Mixed Vegetables,Frozen,-25.0,-18.0,131,2026-08-18,Refrigerated Truck,2000.0,33,33,0,0,-21.176363636363636,-21.96,-20.33,71.47,70,Reliable,33,0,0.0,Compliant,1,1,0,0.201,0.201,Valid,4,4,0,Hyderabad DC -> Hyderabad DC -> Madurai Store -> Hyderabad DC,Complete,Complete,5,0,0,0,0,53,High,Normal,Compliant,All compliance checks passed,Shipment passed the automated compliance checks.,4,100.0
SHP0142,B0142,V020,Coimbatore,Bengaluru,2026-08-06 07:20:00,2026-08-06 08:54:00,Completed,Yogurt,Chilled,2.0,8.0,205,2026-08-07,Refrigerated Truck,1500.0,19,19,0,0,4.941052631578947,3.84,5.67,71.56,71,Review,19,0,0.0,Compliant,1,0,1,0.703,0.703,Review,2,2,0,Pune DC -> Bangalore DC,Complete,Complete,6,0,0,0,0,32,High,Normal,Review,Calibration issue,Shipment requires auditor review because one or more evidence sources contain exceptions.,4,100.0
SHP0143,B0143,V049,Bangalore,Salem,2026-08-06 09:25:00,2026-08-06 15:07:00,Completed,Fresh Cream,Chilled,2.0,8.0,203,2026-08-05,Refrigerated Van,1200.0,69,69,0,0,5.055942028985507,4.07,5.89,70.04,70,Reliable,69,0,0.0,Compliant,1,1,0,0.107,0.107,Valid,4,4,0,Salem Hub -> Coimbatore Hub -> Chennai Warehouse -> Kochi Hub,Complete,Complete,6,1,33,0,0,54,Moderate,Delayed,Compliant,Traffic delay,Shipment passed the automated compliance checks.,4,100.0
SHP0144,B0144,V001,Madurai,Kochi,2026-08-05 09:29:00,2026-08-05 10:35:00,Completed,Fresh Paneer,Chilled,2.0,8.0,117,2026-08-07,Refrigerated Van,500.0,14,14,0,0,5.047142857142857,4.51,5.64,71.89,70,Reliable,14,0,0.0,Compliant,1,1,0,0.359,0.359,Valid,3,3,0,Salem Hub -> Coimbatore Hub -> Chennai Warehouse,Complete,Complete,5,0,0,0,0,22,High,Normal,Compliant,All compliance checks passed,Shipment passed the automated compliance checks.,4,100.0
SHP0145,B0145,V061,Bengaluru,Mumbai,2026-08-07 08:07:00,2026-08-07 12:39:00,Completed,Fresh Milk,Chilled,2.0,8.0,128,2026-08-24,Refrigerated Van,500.0,55,55,0,0,4.9274545454545455,0.23,6.0,70.49,70,Reliable,55,1,5.0,Warning,1,1,0,0.215,0.215,Valid,3,3,0,Kochi Hub -> Bangalore DC -> Bangalore DC,Complete,Complete,7,1,49,0,0,63,Moderate,Delayed,Review,Temperature: Warning; Traffic delay,Shipment requires auditor review because one or more evidence sources contain exceptions.,4,100.0
SHP0146,B0146,V093,Coimbatore,Bengaluru,2026-08-07 09:37:00,2026-08-07 11:28:00,Completed,Frozen Peas,Frozen,-25.0,-18.0,190,2026-08-11,Refrigerated Truck,2500.0,23,23,0,0,-20.808260869565217,-21.6,-19.94,70.23,72,Reliable,23,0,0.0,Compliant,1,1,0,0.15,0.15,Valid,4,3,1,Coimbatore Hub -> Hyderabad DC -> Kochi Hub -> Kochi Hub,Incomplete,Review,6,1,39,0,0,86,Moderate,Delayed,Review,Missing custody signature; Traffic delay,Shipment requires auditor review because one or more evidence sources contain exceptions.,4,100.0
SHP0147,B0147,V039,Bangalore,Bengaluru,2026-08-01 05:50:00,2026-08-01 09:16:00,Completed,Frozen Paneer,Frozen,-25.0,-18.0,125,2026-08-06,Refrigerated Truck,2000.0,42,42,0,0,-21.03309523809524,-21.62,-20.06,70.82,71,Reliable,42,0,0.0,Compliant,1,1,0,0.153,0.153,Valid,3,3,0,Salem Hub -> Hyderabad DC -> Coimbatore Hub,Complete,Complete,8,0,0,1,88,88,Low,Deviation,Review,Route deviation,Shipment requires auditor review because one or more evidence sources contain exceptions.,4,100.0
SHP0148,B0148,V018,Mumbai,Madurai,2026-08-01 08:16:00,2026-08-01 12:32:00,Completed,Frozen Paneer,Frozen,-25.0,-18.0,130,2026-08-30,Refrigerated Truck,1500.0,52,52,0,0,-21.003653846153846,-21.63,-20.24,70.08,70,Reliable,52,0,0.0,Compliant,1,1,0,0.116,0.116,Valid,3,3,0,Hyderabad DC -> Madurai Store -> Hyderabad DC,Complete,Complete,8,0,0,0,0,19,High,Normal,Compliant,All compliance checks passed,Shipment passed the automated compliance checks.,4,100.0
SHP0149,B0149,V020,Pune,Bengaluru,2026-08-01 09:30:00,2026-08-01 10:49:00,Completed,Frozen Mixed Vegetables,Frozen,-25.0,-18.0,95,2026-08-29,Refrigerated Truck,1500.0,16,16,0,0,-21.029375,-21.69,-20.22,74.25,70,Review,16,0,0.0,Compliant,1,0,1,0.703,0.703,Review,4,4,0,Pune DC -> Salem Hub -> Hyderabad DC -> Salem Hub,Complete,Complete,8,1,60,0,0,67,Moderate,Delayed,Review,Calibration issue; Traffic delay,Shipment requires auditor review because one or more evidence sources contain exceptions.,4,100.0
SHP0150,B0150,V005,Coimbatore,Kochi,2026-08-06 08:09:00,2026-08-06 12:34:00,Completed,Frozen Mixed Vegetables,Frozen,-25.0,-18.0,94,2026-08-08,Refrigerated Truck,1500.0,54,53,1,0,-20.714905660377358,-22.09,-15.37,71.04,70,Partial,54,4,20.0,Critical,1,1,0,0.115,0.115,Valid,4,4,0,Madurai Store -> Kochi Hub -> Pune DC -> Pune DC,Complete,Complete,6,0,0,1,20,41,Low,Deviation,Non-Compliant,Temperature: Critical; Route deviation,Shipment is non-compliant based on critical compliance evidence.,4,100.0
SHP0151,B0151,V054,Chennai,Salem,2026-08-01 07:44:00,2026-08-01 10:45:00,Completed,Yogurt,Chilled,2.0,8.0,76,2026-08-25,Refrigerated Truck,1500.0,37,36,1,0,5.031944444444444,4.12,6.06,70.09,70,Partial,37,0,0.0,Compliant,1,1,0,0.325,0.325,Valid,3,3,0,Madurai Store -> Bangalore DC -> Hyderabad DC,Complete,Complete,5,1,56,0,0,56,Moderate,Delayed,Compliant,Traffic delay,Shipment passed the automated compliance checks.,4,100.0
SHP0152,B0152,V090,Chennai,Pune,2026-08-01 07:57:00,2026-08-01 12:07:00,Completed,Frozen Corn,Frozen,-25.0,-18.0,27,2026-08-15,Refrigerated Truck,3000.0,51,51,0,0,-20.538823529411765,-21.78,-15.04,70.47,70,Review,51,4,20.0,Critical,1,0,1,0.953,0.953,Review,3,3,0,Hyderabad DC -> Chennai Warehouse -> Kochi Hub,Complete,Complete,8,0,0,0,0,94,High,Normal,Non-Compliant,Temperature: Critical; Calibration issue,Shipment is non-compliant based on critical compliance evidence.,4,100.0
SHP0153,B0153,V057,Chennai,Madurai,2026-08-02 07:19:00,2026-08-02 10:42:00,Completed,Frozen Paneer,Frozen,-25.0,-18.0,185,2026-08-04,Refrigerated Van,1000.0,41,41,0,0,-21.033170731707315,-21.92,-19.89,70.69,70,Reliable,41,0,0.0,Compliant,1,1,0,0.238,0.238,Valid,2,2,0,Pune DC -> Coimbatore Hub,Complete,Complete,8,0,0,0,0,88,High,Normal,Compliant,All compliance checks passed,Shipment passed the automated compliance checks.,4,100.0
SHP0154,B0154,V098,Pune,Bangalore,2026-08-07 06:08:00,2026-08-07 09:41:00,Completed,Frozen Mixed Vegetables,Frozen,-25.0,-18.0,46,2026-08-08,Refrigerated Truck,3000.0,43,43,0,0,-20.98674418604651,-21.78,-20.18,70.2,70,Review,43,0,0.0,Compliant,1,0,1,0.281,0.281,Review,3,3,0,Bangalore DC -> Chennai Warehouse -> Pune DC,Complete,Complete,8,2,34,0,0,40,Moderate,Delayed,Review,Calibration issue; Traffic delay,Shipment requires auditor review because one or more evidence sources contain exceptions.,4,100.0
SHP0155,B0155,V079,Pune,Madurai,2026-08-05 07:46:00,2026-08-05 12:19:00,Completed,Fresh Cream,Chilled,2.0,8.0,78,2026-08-27,Refrigerated Van,500.0,55,55,0,0,4.856727272727273,3.95,5.6,71.48,70,Reliable,55,0,0.0,Compliant,1,1,0,0.071,0.071,Valid,2,1,1,Kochi Hub -> Chennai Warehouse,Incomplete,Review,7,1,51,1,36,101,Low,Deviation,Review,Missing custody signature; Route deviation,Shipment requires auditor review because one or more evidence sources contain exceptions.,4,100.0
SHP0156,B0156,V032,Bengaluru,Bangalore,2026-08-06 06:28:00,2026-08-06 09:16:00,Completed,Frozen French Fries,Frozen,-25.0,-18.0,249,2026-08-28,Refrigerated Van,1200.0,34,34,0,0,-21.00294117647059,-21.95,-20.0,70.42,71,Reliable,34,0,0.0,Compliant,1,1,0,0.252,0.252,Valid,3,2,1,Chennai Warehouse -> Madurai Store -> Bangalore DC,Incomplete,Review,8,1,53,0,0,53,Moderate,Delayed,Review,Missing custody signature; Traffic delay,Shipment requires auditor review because one or more evidence sources contain exceptions.,4,100.0
SHP0157,B0157,V065,Salem,Pune,2026-08-06 09:55:00,2026-08-06 14:06:00,Completed,Fresh Cream,Chilled,2.0,8.0,75,2026-08-18,Refrigerated Van,500.0,51,51,0,0,5.311372549019608,-4.01,11.68,70.44,71,Reliable,51,5,25.0,Critical,1,1,0,0.21,0.21,Valid,3,3,0,Pune DC -> Pune DC -> Hyderabad DC,Complete,Complete,6,0,0,0,0,0,High,Normal,Non-Compliant,Temperature: Critical,Shipment is non-compliant based on critical compliance evidence.,4,100.0
SHP0158,B0158,V088,Chennai,Mumbai,2026-08-02 06:04:00,2026-08-02 09:43:00,Completed,Frozen Paneer,Frozen,-25.0,-18.0,42,2026-08-27,Refrigerated Van,500.0,44,44,0,0,-20.958636363636362,-21.74,-20.14,71.15,70,Reliable,44,0,0.0,Compliant,1,1,0,0.384,0.384,Valid,2,2,0,Coimbatore Hub -> Chennai Warehouse,Complete,Complete,8,0,0,0,0,62,High,Normal,Compliant,All compliance checks passed,Shipment passed the automated compliance checks.,4,100.0
SHP0159,B0159,V098,Mumbai,Salem,2026-08-04 06:49:00,2026-08-04 12:17:00,Completed,Cheese,Chilled,2.0,8.0,35,2026-08-05,Refrigerated Truck,3000.0,66,66,0,0,5.343484848484849,4.05,11.67,70.2,70,Review,66,4,20.0,Critical,1,0,1,0.281,0.281,Review,3,3,0,Madurai Store -> Salem Hub -> Madurai Store,Complete,Complete,8,0,0,1,53,122,Low,Deviation,Non-Compliant,Temperature: Critical; Calibration issue; Route deviation,Shipment is non-compliant based on critical compliance evidence.,4,100.0
SHP0160,B0160,V035,Bengaluru,Chennai,2026-08-02 06:12:00,2026-08-02 08:54:00,Completed,Cheese,Chilled,2.0,8.0,238,2026-08-25,Refrigerated Van,750.0,33,33,0,0,5.626666666666667,3.92,11.81,70.19,71,Reliable,33,4,20.0,Critical,1,1,0,0.234,0.234,Valid,3,3,0,Coimbatore Hub -> Pune DC -> Chennai Warehouse,Complete,Complete,7,0,0,0,0,74,High,Normal,Non-Compliant,Temperature: Critical,Shipment is non-compliant based on critical compliance evidence.,4,100.0
SHP0161,B0161,V056,Chennai,Hyderabad,2026-08-06 05:29:00,2026-08-06 06:54:00,Completed,Frozen French Fries,Frozen,-25.0,-18.0,247,2026-08-06,Refrigerated Van,1200.0,18,18,0,4,-21.005,-21.89,-20.42,72.61,0,Partial,18,0,0.0,Compliant,1,1,0,0.235,0.235,Valid,3,2,1,Hyderabad DC -> Kochi Hub -> Salem Hub,Incomplete,Review,7,0,0,1,54,91,Low,Deviation,Review,Missing custody signature; Route deviation,Shipment requires auditor review because one or more evidence sources contain exceptions.,4,100.0
SHP0162,B0162,V064,Madurai,Hyderabad,2026-08-05 07:23:00,2026-08-05 12:20:00,Completed,Frozen Mixed Vegetables,Frozen,-25.0,-18.0,95,2026-08-06,Refrigerated Truck,2500.0,60,60,0,0,-21.003333333333334,-22.0,-19.83,70.88,70,Review,60,0,0.0,Compliant,1,0,1,0.313,0.313,Review,2,2,0,Salem Hub -> Bangalore DC,Complete,Complete,8,0,0,1,42,80,Low,Deviation,Review,Calibration issue; Route deviation,Shipment requires auditor review because one or more evidence sources contain exceptions.,4,100.0
SHP0163,B0163,V091,Mumbai,Salem,2026-08-05 10:59:00,2026-08-05 13:02:00,Completed,Frozen Mixed Vegetables,Frozen,-25.0,-18.0,300,2026-08-26,Refrigerated Truck,1500.0,25,25,0,0,-20.918,-21.47,-20.37,70.52,71,Reliable,25,0,0.0,Compliant,1,1,0,0.387,0.387,Valid,2,1,1,Salem Hub -> Coimbatore Hub,Incomplete,Review,6,0,0,0,0,38,High,Normal,Review,Missing custody signature,Shipment requires auditor review because one or more evidence sources contain exceptions.,4,100.0
SHP0164,B0164,V072,Chennai,Hyderabad,2026-08-03 07:31:00,2026-08-03 12:19:00,Completed,Cheese,Chilled,2.0,8.0,291,2026-08-13,Refrigerated Van,1000.0,58,57,1,0,4.916315789473685,4.06,6.01,70.4,70,Partial,58,0,0.0,Compliant,1,1,0,0.136,0.136,Valid,4,4,0,Bangalore DC -> Salem Hub -> Madurai Store -> Madurai Store,Complete,Complete,5,0,0,0,0,36,High,Normal,Compliant,All compliance checks passed,Shipment passed the automated compliance checks.,4,100.0
SHP0165,B0165,V042,Coimbatore,Pune,2026-08-04 09:35:00,2026-08-04 13:34:00,Completed,Fresh Cream,Chilled,2.0,8.0,240,2026-08-07,Refrigerated Truck,2000.0,48,48,0,0,4.9660416666666665,4.35,6.41,70.77,70,Reliable,48,0,0.0,Compliant,1,1,0,0.15,0.15,Valid,2,2,0,Kochi Hub -> Coimbatore Hub,Complete,Complete,5,1,15,0,0,35,Moderate,Delayed,Compliant,Traffic delay,Shipment passed the automated compliance checks.,4,100.0
SHP0166,B0166,V012,Madurai,Coimbatore,2026-08-07 07:47:00,2026-08-07 09:33:00,Completed,Frozen Paneer,Frozen,-25.0,-18.0,130,2026-08-17,Refrigerated Truck,2500.0,22,22,0,0,-21.084545454545456,-21.84,-19.98,70.52,70,Review,22,0,0.0,Compliant,1,0,1,0.876,0.876,Review,3,3,0,Coimbatore Hub -> Salem Hub -> Salem Hub,Complete,Complete,5,0,0,0,0,0,High,Normal,Review,Calibration issue,Shipment requires auditor review because one or more evidence sources contain exceptions.,4,100.0
SHP0167,B0167,V085,Kochi,Chennai,2026-08-06 08:03:00,2026-08-06 10:26:00,Completed,Yogurt,Chilled,2.0,8.0,231,2026-08-14,Refrigerated Van,1200.0,29,29,0,0,4.956551724137931,4.26,5.58,70.16,70,Reliable,29,0,0.0,Compliant,1,1,0,0.391,0.391,Valid,4,4,0,Bangalore DC -> Chennai Warehouse -> Chennai Warehouse -> Hyderabad DC,Complete,Complete,5,0,0,0,0,17,High,Normal,Compliant,All compliance checks passed,Shipment passed the automated compliance checks.,4,100.0
SHP0168,B0168,V002,Bengaluru,Hyderabad,2026-08-07 06:41:00,2026-08-07 09:36:00,Completed,Cheese,Chilled,2.0,8.0,232,2026-08-27,Refrigerated Truck,2000.0,36,36,0,0,5.088611111111111,4.22,6.07,71.95,70,Reliable,36,0,0.0,Compliant,1,1,0,0.126,0.126,Valid,4,4,0,Salem Hub -> Hyderabad DC -> Chennai Warehouse -> Coimbatore Hub,Complete,Complete,8,0,0,0,0,99,High,Normal,Compliant,All compliance checks passed,Shipment passed the automated compliance checks.,4,100.0
SHP0169,B0169,V052,Hyderabad,Kochi,2026-08-02 10:26:00,2026-08-02 15:48:00,Completed,Frozen Mixed Vegetables,Frozen,-25.0,-18.0,238,2026-08-14,Refrigerated Truck,1500.0,65,65,0,0,-20.970615384615385,-21.91,-20.18,70.35,70,Reliable,65,0,0.0,Compliant,1,1,0,0.171,0.171,Valid,4,4,0,Bangalore DC -> Hyderabad DC -> Madurai Store -> Pune DC,Complete,Complete,6,0,0,0,0,0,High,Normal,Compliant,All compliance checks passed,Shipment passed the automated compliance checks.,4,100.0
SHP0170,B0170,V036,Chennai,Pune,2026-08-07 06:41:00,2026-08-07 09:09:00,Completed,Fresh Paneer,Chilled,2.0,8.0,98,2026-08-25,Refrigerated Van,1000.0,30,30,0,0,5.069,4.16,5.82,70.66,70,Reliable,30,0,0.0,Compliant,1,1,0,0.259,0.259,Valid,4,4,0,Salem Hub -> Pune DC -> Chennai Warehouse -> Hyderabad DC,Complete,Complete,8,0,0,0,0,43,High,Normal,Compliant,All compliance checks passed,Shipment passed the automated compliance checks.,4,100.0
SHP0171,B0171,V043,Bengaluru,Chennai,2026-08-05 06:16:00,2026-08-05 09:52:00,Completed,Fresh Milk,Chilled,2.0,8.0,66,2026-08-30,Refrigerated Van,1000.0,44,44,0,0,5.453409090909091,4.05,10.95,70.01,70,Reliable,44,4,20.0,Critical,1,1,0,0.344,0.344,Valid,3,3,0,Bangalore DC -> Bangalore DC -> Chennai Warehouse,Complete,Complete,8,0,0,0,0,39,High,Normal,Non-Compliant,Temperature: Critical,Shipment is non-compliant based on critical compliance evidence.,4,100.0
SHP0172,B0172,V046,Kochi,Salem,2026-08-02 08:54:00,2026-08-02 12:52:00,Completed,Frozen Peas,Frozen,-25.0,-18.0,241,2026-08-07,Refrigerated Van,1200.0,48,48,0,0,-21.033333333333335,-22.29,-20.24,70.43,70,Reliable,48,0,0.0,Compliant,1,1,0,0.37,0.37,Valid,2,2,0,Pune DC -> Pune DC,Complete,Complete,8,0,0,0,0,43,High,Normal,Compliant,All compliance checks passed,Shipment passed the automated compliance checks.,4,100.0
SHP0173,B0173,V088,Pune,Kochi,2026-08-04 06:29:00,2026-08-04 10:03:00,Completed,Yogurt,Chilled,2.0,8.0,50,2026-08-22,Refrigerated Van,500.0,43,43,0,0,5.002093023255814,4.17,5.95,70.18,70,Reliable,43,0,0.0,Compliant,1,1,0,0.384,0.384,Valid,4,4,0,Coimbatore Hub -> Kochi Hub -> Pune DC -> Bangalore DC,Complete,Complete,8,1,45,0,0,73,Moderate,Delayed,Compliant,Traffic delay,Shipment passed the automated compliance checks.,4,100.0
SHP0174,B0174,V082,Mumbai,Bengaluru,2026-08-03 08:37:00,2026-08-03 10:29:00,Completed,Fresh Milk,Chilled,2.0,8.0,230,2026-08-15,Refrigerated Truck,1500.0,23,23,0,0,4.988695652173913,4.09,6.25,71.41,72,Reliable,23,0,0.0,Compliant,1,1,0,0.251,0.251,Valid,3,3,0,Bangalore DC -> Kochi Hub -> Chennai Warehouse,Complete,Complete,7,0,0,0,0,0,High,Normal,Compliant,All compliance checks passed,Shipment passed the automated compliance checks.,4,100.0
SHP0175,B0175,V056,Chennai,Mumbai,2026-08-03 10:53:00,2026-08-03 15:04:00,Completed,Fresh Milk,Chilled,2.0,8.0,167,2026-08-23,Refrigerated Van,1200.0,51,51,0,0,5.050980392156863,3.82,5.98,70.38,70,Reliable,51,0,0.0,Compliant,1,1,0,0.21,0.21,Valid,4,4,0,Kochi Hub -> Coimbatore Hub -> Pune DC -> Kochi Hub,Complete,Complete,8,0,0,1,70,123,Low,Deviation,Review,Route deviation,Shipment requires auditor review because one or more evidence sources contain exceptions.,4,100.0
SHP0176,B0176,V063,Mumbai,Bengaluru,2026-08-01 09:18:00,2026-08-01 12:50:00,Completed,Fresh Paneer,Chilled,2.0,8.0,73,2026-08-22,Refrigerated Van,500.0,43,43,0,0,4.985581395348837,3.78,6.18,70.45,70,Reliable,43,0,0.0,Compliant,1,1,0,0.258,0.258,Valid,2,2,0,Pune DC -> Salem Hub,Complete,Complete,7,0,0,0,0,29,High,Normal,Compliant,All compliance checks passed,Shipment passed the automated compliance checks.,4,100.0
SHP0177,B0177,V031,Bangalore,Pune,2026-08-07 05:21:00,2026-08-07 08:42:00,Completed,Frozen Corn,Frozen,-25.0,-18.0,266,2026-08-11,Refrigerated Van,750.0,41,41,0,0,-20.460731707317073,-21.76,-15.33,70.05,70,Reliable,41,4,20.0,Critical,1,1,0,0.329,0.329,Valid,4,4,0,Pune DC -> Bangalore DC -> Bangalore DC -> Hyderabad DC,Complete,Complete,7,0,0,0,0,37,High,Normal,Non-Compliant,Temperature: Critical,Shipment is non-compliant based on critical compliance evidence.,4,100.0
SHP0178,B0178,V072,Madurai,Kochi,2026-08-07 07:41:00,2026-08-07 11:13:00,Completed,Frozen Mixed Vegetables,Frozen,-25.0,-18.0,208,2026-08-07,Refrigerated Van,1000.0,43,43,0,0,-20.95906976744186,-21.75,-20.08,70.67,70,Reliable,43,0,0.0,Compliant,1,1,0,0.136,0.136,Valid,2,2,0,Kochi Hub -> Kochi Hub,Complete,Complete,6,0,0,0,0,8,High,Normal,Compliant,All compliance checks passed,Shipment passed the automated compliance checks.,4,100.0
SHP0179,B0179,V058,Hyderabad,Coimbatore,2026-08-02 09:48:00,2026-08-02 12:51:00,Completed,Fresh Cream,Chilled,2.0,8.0,135,2026-08-29,Refrigerated Van,500.0,37,37,0,0,5.431351351351352,4.28,10.96,70.0,70,Reliable,37,4,20.0,Critical,1,1,0,0.055,0.055,Valid,3,3,0,Chennai Warehouse -> Kochi Hub -> Coimbatore Hub,Complete,Complete,8,0,0,0,0,25,High,Normal,Non-Compliant,Temperature: Critical,Shipment is non-compliant based on critical compliance evidence.,4,100.0
SHP0180,B0180,V006,Chennai,Bengaluru,2026-08-03 08:42:00,2026-08-03 12:25:00,Completed,Fresh Cream,Chilled,2.0,8.0,33,2026-08-23,Refrigerated Van,500.0,45,45,0,0,4.977111111111111,3.89,5.85,71.07,70,Reliable,45,0,0.0,Compliant,1,1,0,0.105,0.105,Valid,3,3,0,Kochi Hub -> Coimbatore Hub -> Kochi Hub,Complete,Complete,8,0,0,0,0,79,High,Normal,Compliant,All compliance checks passed,Shipment passed the automated compliance checks.,4,100.0
SHP0181,B0181,V024,Coimbatore,Chennai,2026-08-03 10:31:00,2026-08-03 14:02:00,Completed,Fresh Milk,Chilled,2.0,8.0,112,2026-08-12,Refrigerated Truck,1500.0,43,43,0,0,4.953953488372093,4.05,5.96,70.71,70,Reliable,43,0,0.0,Compliant,1,1,0,0.236,0.236,Valid,3,3,0,Bangalore DC -> Chennai Warehouse -> Coimbatore Hub,Complete,Complete,8,0,0,0,0,55,High,Normal,Compliant,All compliance checks passed,Shipment passed the automated compliance checks.,4,100.0
SHP0182,B0182,V053,Kochi,Salem,2026-08-03 08:24:00,2026-08-03 09:42:00,Completed,Fresh Paneer,Chilled,2.0,8.0,199,2026-08-04,Refrigerated Van,1000.0,16,16,0,0,5.18375,4.39,7.31,76.44,71,Reliable,16,0,0.0,Compliant,1,1,0,0.198,0.198,Valid,2,2,0,Bangalore DC -> Chennai Warehouse,Complete,Complete,6,0,0,0,0,0,High,Normal,Compliant,All compliance checks passed,Shipment passed the automated compliance checks.,4,100.0
SHP0183,B0183,V086,Bengaluru,Hyderabad,2026-08-05 07:46:00,2026-08-05 10:39:00,Completed,Frozen Corn,Frozen,-25.0,-18.0,225,2026-08-06,Refrigerated Van,1200.0,35,35,0,0,-20.67257142857143,-21.86,-6.99,70.29,70,Reliable,35,1,5.0,Warning,1,1,0,0.051,0.051,Valid,4,3,1,Chennai Warehouse -> Madurai Store -> Hyderabad DC -> Coimbatore Hub,Incomplete,Review,6,0,0,0,0,0,High,Normal,Review,Temperature: Warning; Missing custody signature,Shipment requires auditor review because one or more evidence sources contain exceptions.,4,100.0
SHP0184,B0184,V033,Mumbai,Pune,2026-08-07 10:22:00,2026-08-07 15:41:00,Completed,Frozen Peas,Frozen,-25.0,-18.0,66,2026-08-27,Refrigerated Truck,2500.0,64,64,0,0,-21.02625,-22.48,-19.91,70.17,70,Reliable,64,0,0.0,Compliant,1,1,0,0.12,0.12,Valid,3,3,0,Salem Hub -> Pune DC -> Bangalore DC,Complete,Complete,5,0,0,0,0,18,High,Normal,Compliant,All compliance checks passed,Shipment passed the automated compliance checks.,4,100.0
SHP0185,B0185,V004,Kochi,Coimbatore,2026-08-04 10:56:00,2026-08-04 16:41:00,Completed,Frozen French Fries,Frozen,-25.0,-18.0,234,2026-08-18,Refrigerated Van,500.0,70,70,0,0,-21.008142857142857,-22.44,-20.35,70.04,71,Review,70,0,0.0,Compliant,1,0,1,0.8,0.8,Review,2,1,1,Salem Hub -> Hyderabad DC,Incomplete,Review,5,0,0,0,0,22,High,Normal,Non-Compliant,Calibration issue; Missing custody signature,Shipment is non-compliant based on critical compliance evidence.,4,100.0
SHP0186,B0186,V023,Coimbatore,Kochi,2026-08-04 05:30:00,2026-08-04 07:35:00,Completed,Yogurt,Chilled,2.0,8.0,209,2026-08-13,Refrigerated Van,750.0,26,26,0,0,5.123461538461538,4.33,6.08,71.22,70,Review,26,0,0.0,Compliant,1,0,1,0.875,0.875,Review,4,3,1,Hyderabad DC -> Coimbatore Hub -> Coimbatore Hub -> Salem Hub,Incomplete,Review,6,1,15,0,0,86,Moderate,Delayed,Non-Compliant,Calibration issue; Missing custody signature; Traffic delay,Shipment is non-compliant based on critical compliance evidence.,4,100.0
SHP0187,B0187,V043,Kochi,Mumbai,2026-08-02 06:43:00,2026-08-02 10:34:00,Completed,Fresh Cream,Chilled,2.0,8.0,63,2026-08-05,Refrigerated Van,1000.0,47,47,0,0,5.072978723404256,4.27,7.87,70.26,70,Reliable,47,0,0.0,Compliant,1,1,0,0.245,0.245,Valid,4,4,0,Pune DC -> Hyderabad DC -> Hyderabad DC -> Madurai Store,Complete,Complete,7,0,0,0,0,60,High,Normal,Compliant,All compliance checks passed,Shipment passed the automated compliance checks.,4,100.0
SHP0188,B0188,V010,Bangalore,Hyderabad,2026-08-02 07:14:00,2026-08-02 10:51:00,Completed,Frozen Corn,Frozen,-25.0,-18.0,45,2026-08-25,Refrigerated Truck,2500.0,44,44,0,0,-20.965,-21.77,-20.31,70.41,70,Review,44,0,0.0,Compliant,1,0,1,0.736,0.736,Review,2,2,0,Salem Hub -> Chennai Warehouse,Complete,Complete,5,0,0,0,0,59,High,Normal,Review,Calibration issue,Shipment requires auditor review because one or more evidence sources contain exceptions.,4,100.0
SHP0189,B0189,V024,Salem,Madurai,2026-08-04 07:16:00,2026-08-04 13:15:00,Completed,Frozen Mixed Vegetables,Frozen,-25.0,-18.0,246,2026-08-25,Refrigerated Truck,1500.0,72,72,0,0,-20.73875,-22.14,-15.14,70.74,70,Reliable,72,4,20.0,Critical,1,1,0,0.332,0.332,Valid,4,3,1,Coimbatore Hub -> Coimbatore Hub -> Hyderabad DC -> Madurai Store,Incomplete,Review,6,0,0,0,0,97,High,Normal,Non-Compliant,Temperature: Critical; Missing custody signature,Shipment is non-compliant based on critical compliance evidence.,4,100.0
SHP0190,B0190,V093,Kochi,Pune,2026-08-05 05:30:00,2026-08-05 06:57:00,Completed,Cheese,Chilled,2.0,8.0,246,2026-08-17,Refrigerated Truck,2500.0,18,18,0,0,5.112777777777778,4.11,5.97,70.42,71,Reliable,18,0,0.0,Compliant,1,1,0,0.15,0.15,Valid,4,3,1,Chennai Warehouse -> Coimbatore Hub -> Bangalore DC -> Madurai Store,Incomplete,Review,8,0,0,0,0,61,High,Normal,Review,Missing custody signature,Shipment requires auditor review because one or more evidence sources contain exceptions.,4,100.0
SHP0191,B0191,V075,Bengaluru,Bangalore,2026-08-04 08:56:00,2026-08-04 11:35:00,Completed,Yogurt,Chilled,2.0,8.0,282,2026-08-07,Refrigerated Van,750.0,32,32,0,0,5.0684375,4.21,5.86,71.48,70,Reliable,32,0,0.0,Compliant,1,1,0,0.368,0.368,Valid,3,3,0,Pune DC -> Kochi Hub -> Coimbatore Hub,Complete,Complete,8,0,0,0,0,16,High,Normal,Compliant,All compliance checks passed,Shipment passed the automated compliance checks.,4,100.0
SHP0192,B0192,V039,Mumbai,Bangalore,2026-08-05 10:24:00,2026-08-05 15:55:00,Completed,Cheese,Chilled,2.0,8.0,76,2026-08-13,Refrigerated Truck,2000.0,67,67,0,0,5.024179104477612,3.74,5.88,70.45,70,Reliable,67,0,0.0,Compliant,1,1,0,0.153,0.153,Valid,4,4,0,Hyderabad DC -> Hyderabad DC -> Kochi Hub -> Chennai Warehouse,Complete,Complete,7,0,0,0,0,20,High,Normal,Compliant,All compliance checks passed,Shipment passed the automated compliance checks.,4,100.0
SHP0193,B0193,V030,Kochi,Salem,2026-08-06 05:55:00,2026-08-06 08:12:00,Completed,Fresh Cream,Chilled,2.0,8.0,177,2026-08-05,Refrigerated Truck,1500.0,28,28,0,0,5.748214285714286,4.4,11.67,70.04,71,Reliable,28,4,20.0,Critical,1,1,0,0.141,0.141,Valid,3,3,0,Salem Hub -> Salem Hub -> Coimbatore Hub,Complete,Complete,6,0,0,0,0,22,High,Normal,Non-Compliant,Temperature: Critical,Shipment is non-compliant based on critical compliance evidence.,4,100.0
SHP0194,B0194,V042,Coimbatore,Hyderabad,2026-08-02 07:26:00,2026-08-02 13:17:00,Completed,Frozen French Fries,Frozen,-25.0,-18.0,48,2026-08-04,Refrigerated Truck,2000.0,71,71,0,0,-21.048450704225353,-21.96,-19.95,70.3,70,Reliable,71,0,0.0,Compliant,1,1,0,0.15,0.15,Valid,4,3,1,Chennai Warehouse -> Kochi Hub -> Pune DC -> Coimbatore Hub,Incomplete,Review,5,0,0,0,0,0,High,Normal,Review,Missing custody signature,Shipment requires auditor review because one or more evidence sources contain exceptions.,4,100.0
SHP0195,B0195,V070,Pune,Coimbatore,2026-08-01 07:55:00,2026-08-01 10:27:00,Completed,Frozen Mixed Vegetables,Frozen,-25.0,-18.0,128,2026-08-28,Refrigerated Van,1000.0,31,31,0,0,-20.520967741935483,-21.71,-6.36,70.98,70,Reliable,31,1,5.0,Warning,1,1,0,0.13,0.13,Valid,3,3,0,Salem Hub -> Kochi Hub -> Bangalore DC,Complete,Complete,5,0,0,0,0,34,High,Normal,Review,Temperature: Warning,Shipment requires auditor review because one or more evidence sources contain exceptions.,4,100.0
SHP0196,B0196,V021,Bangalore,Pune,2026-08-03 07:40:00,2026-08-03 10:10:00,Completed,Frozen Mixed Vegetables,Frozen,-25.0,-18.0,168,2026-08-14,Refrigerated Truck,2500.0,31,31,0,0,-20.46741935483871,-22.3,-7.93,70.3,70,Review,31,1,5.0,Warning,1,0,1,0.128,0.128,Review,4,3,1,Coimbatore Hub -> Chennai Warehouse -> Coimbatore Hub -> Bangalore DC,Incomplete,Review,6,0,0,0,0,20,High,Normal,Non-Compliant,Temperature: Warning; Calibration issue; Missing custody signature,Shipment is non-compliant based on critical compliance evidence.,4,100.0
SHP0197,B0197,V043,Madurai,Chennai,2026-08-04 05:28:00,2026-08-04 08:48:00,Completed,Frozen Peas,Frozen,-25.0,-18.0,274,2026-08-27,Refrigerated Van,1000.0,41,41,0,0,-20.623414634146343,-22.53,-2.91,70.49,71,Reliable,41,1,5.0,Warning,1,1,0,0.245,0.245,Valid,4,4,0,Kochi Hub -> Salem Hub -> Salem Hub -> Chennai Warehouse,Complete,Complete,5,2,68,0,0,68,Moderate,Delayed,Review,Temperature: Warning; Traffic delay,Shipment requires auditor review because one or more evidence sources contain exceptions.,4,100.0
SHP0198,B0198,V010,Hyderabad,Coimbatore,2026-08-07 09:48:00,2026-08-07 12:09:00,Completed,Yogurt,Chilled,2.0,8.0,86,2026-08-16,Refrigerated Truck,2500.0,29,29,0,0,4.986551724137931,4.11,6.35,71.08,70,Reliable,29,0,0.0,Compliant,1,1,0,0.291,0.291,Valid,4,4,0,Kochi Hub -> Madurai Store -> Kochi Hub -> Pune DC,Complete,Complete,5,0,0,0,0,38,High,Normal,Compliant,All compliance checks passed,Shipment passed the automated compliance checks.,4,100.0
SHP0199,B0199,V020,Pune,Bangalore,2026-08-05 06:39:00,2026-08-05 11:21:00,Completed,Frozen Paneer,Frozen,-25.0,-18.0,201,2026-08-06,Refrigerated Truck,1500.0,57,57,0,0,-20.90561403508772,-22.18,-19.92,70.53,70,Review,57,0,0.0,Compliant,1,0,1,0.703,0.703,Review,4,3,1,Coimbatore Hub -> Madurai Store -> Kochi Hub -> Madurai Store,Incomplete,Review,6,0,0,0,0,0,High,Normal,Non-Compliant,Calibration issue; Missing custody signature,Shipment is non-compliant based on critical compliance evidence.,4,100.0
SHP0200,B0200,V053,Salem,Pune,2026-08-05 08:00:00,2026-08-05 09:19:00,Completed,Fresh Milk,Chilled,2.0,8.0,243,2026-08-04,Refrigerated Van,1000.0,16,16,0,0,5.010625,4.46,5.46,71.93,70,Reliable,16,0,0.0,Compliant,1,1,0,0.198,0.198,Valid,2,2,0,Salem Hub -> Madurai Store,Complete,Complete,5,0,0,0,0,0,High,Normal,Compliant,All compliance checks passed,Shipment passed the automated compliance checks.,4,100.0
SHP0201,B0201,V006,Mumbai,Hyderabad,2026-08-01 10:23:00,2026-08-01 11:30:00,Completed,Fresh Milk,Chilled,2.0,8.0,180,2026-08-22,Refrigerated Van,500.0,14,14,0,0,5.105,4.2,6.03,71.28,70,Reliable,14,0,0.0,Compliant,1,1,0,0.105,0.105,Valid,3,3,0,Madurai Store -> Hyderabad DC -> Kochi Hub,Complete,Complete,5,0,0,1,39,39,Low,Deviation,Review,Route deviation,Shipment requires auditor review because one or more evidence sources contain exceptions.,4,100.0
SHP0202,B0202,V060,Madurai,Mumbai,2026-08-07 06:01:00,2026-08-07 07:03:00,Completed,Fresh Cream,Chilled,2.0,8.0,227,2026-08-26,Refrigerated Van,1000.0,13,13,0,0,5.025384615384615,4.47,5.65,70.51,73,Reliable,13,0,0.0,Compliant,1,1,0,0.285,0.285,Valid,2,2,0,Coimbatore Hub -> Madurai Store,Complete,Complete,8,0,0,0,0,72,High,Normal,Compliant,All compliance checks passed,Shipment passed the automated compliance checks.,4,100.0
SHP0203,B0203,V056,Hyderabad,Madurai,2026-08-07 07:08:00,2026-08-07 09:00:00,Completed,Fresh Paneer,Chilled,2.0,8.0,78,2026-08-16,Refrigerated Van,1200.0,23,23,0,0,4.929130434782609,4.02,5.65,70.06,70,Reliable,23,0,0.0,Compliant,1,1,0,0.21,0.21,Valid,2,2,0,Hyderabad DC -> Madurai Store,Complete,Complete,8,0,0,0,0,48,High,Normal,Compliant,All compliance checks passed,Shipment passed the automated compliance checks.,4,100.0
SHP0204,B0204,V036,Salem,Mumbai,2026-08-05 09:19:00,2026-08-05 11:44:00,Completed,Frozen Mixed Vegetables,Frozen,-25.0,-18.0,107,2026-08-29,Refrigerated Van,1000.0,30,30,0,0,-20.297,-21.95,-15.07,72.5,74,Reliable,30,4,20.0,Critical,1,1,0,0.336,0.336,Valid,2,2,0,Pune DC -> Madurai Store,Complete,Complete,8,0,0,0,0,18,High,Normal,Non-Compliant,Temperature: Critical,Shipment is non-compliant based on critical compliance evidence.,4,100.0
SHP0205,B0205,V097,Bangalore,Chennai,2026-08-07 07:18:00,2026-08-07 12:11:00,Completed,Fresh Paneer,Chilled,2.0,8.0,65,2026-08-17,Refrigerated Truck,2000.0,59,59,0,0,5.017627118644068,4.14,9.14,70.12,70,Reliable,59,1,5.0,Warning,1,1,0,0.214,0.214,Valid,4,4,0,Hyderabad DC -> Coimbatore Hub -> Chennai Warehouse -> Madurai Store,Complete,Complete,7,0,0,0,0,26,High,Normal,Review,Temperature: Warning,Shipment requires auditor review because one or more evidence sources contain exceptions.,4,100.0
SHP0206,B0206,V002,Mumbai,Bengaluru,2026-08-01 09:21:00,2026-08-01 14:03:00,Completed,Frozen Corn,Frozen,-25.0,-18.0,243,2026-08-22,Refrigerated Truck,2000.0,57,57,0,0,-20.603508771929825,-21.71,-15.42,70.02,70,Reliable,57,4,20.0,Critical,1,1,0,0.126,0.126,Valid,3,3,0,Kochi Hub -> Salem Hub -> Pune DC,Complete,Complete,7,0,0,0,0,139,High,Normal,Non-Compliant,Temperature: Critical,Shipment is non-compliant based on critical compliance evidence.,4,100.0
SHP0207,B0207,V079,Coimbatore,Madurai,2026-08-04 08:22:00,2026-08-04 10:58:00,Completed,Fresh Cream,Chilled,2.0,8.0,60,2026-08-16,Refrigerated Van,500.0,32,32,0,0,5.039375,4.06,5.86,70.18,70,Reliable,32,0,0.0,Compliant,1,1,0,0.181,0.181,Valid,2,2,0,Kochi Hub -> Chennai Warehouse,Complete,Complete,7,0,0,1,22,54,Low,Deviation,Review,Route deviation,Shipment requires auditor review because one or more evidence sources contain exceptions.,4,100.0
SHP0208,B0208,V017,Coimbatore,Salem,2026-08-07 05:14:00,2026-08-07 08:08:00,Completed,Fresh Paneer,Chilled,2.0,8.0,133,2026-08-14,Refrigerated Truck,2500.0,35,35,0,0,4.8,-2.02,6.03,72.0,71,Reliable,35,1,5.0,Warning,1,1,0,0.292,0.292,Valid,3,3,0,Madurai Store -> Pune DC -> Coimbatore Hub,Complete,Complete,6,1,41,0,0,90,Moderate,Delayed,Review,Temperature: Warning; Traffic delay,Shipment requires auditor review because one or more evidence sources contain exceptions.,4,100.0
SHP0209,B0209,V007,Coimbatore,Hyderabad,2026-08-02 10:01:00,2026-08-02 15:19:00,Completed,Frozen Peas,Frozen,-25.0,-18.0,281,2026-08-24,Refrigerated Van,750.0,64,64,0,0,-20.6659375,-22.0,-15.43,70.29,71,Reliable,64,4,20.0,Critical,1,1,0,0.357,0.357,Valid,4,3,1,Hyderabad DC -> Hyderabad DC -> Salem Hub -> Kochi Hub,Incomplete,Review,8,0,0,0,0,49,High,Normal,Non-Compliant,Temperature: Critical; Missing custody signature,Shipment is non-compliant based on critical compliance evidence.,4,100.0
SHP0210,B0210,V096,Coimbatore,Bangalore,2026-08-04 07:45:00,2026-08-04 09:04:00,Completed,Frozen Paneer,Frozen,-25.0,-18.0,281,2026-08-10,Refrigerated Truck,2000.0,16,16,0,0,-20.90875,-21.67,-20.37,70.43,73,Reliable,16,0,0.0,Compliant,1,1,0,0.094,0.094,Valid,4,4,0,Kochi Hub -> Coimbatore Hub -> Salem Hub -> Chennai Warehouse,Complete,Complete,8,0,0,0,0,27,High,Normal,Compliant,All compliance checks passed,Shipment passed the automated compliance checks.,4,100.0
SHP0211,B0211,V056,Salem,Kochi,2026-08-05 09:39:00,2026-08-05 11:03:00,Completed,Fresh Paneer,Chilled,2.0,8.0,95,2026-08-11,Refrigerated Van,1200.0,17,17,0,0,5.127058823529412,4.44,5.94,71.41,70,Reliable,17,0,0.0,Compliant,1,1,0,0.191,0.191,Valid,2,2,0,Pune DC -> Pune DC,Complete,Complete,6,1,58,0,0,74,Moderate,Delayed,Compliant,Traffic delay,Shipment passed the automated compliance checks.,4,100.0
SHP0212,B0212,V017,Bengaluru,Chennai,2026-08-03 10:06:00,2026-08-03 11:16:00,Completed,Frozen Corn,Frozen,-25.0,-18.0,151,2026-08-10,Refrigerated Truck,2500.0,15,15,0,0,-20.918666666666667,-21.58,-20.3,70.36,76,Reliable,15,0,0.0,Compliant,1,1,0,0.292,0.292,Valid,2,1,1,Coimbatore Hub -> Madurai Store,Incomplete,Review,7,2,57,0,0,57,Moderate,Delayed,Review,Missing custody signature; Traffic delay,Shipment requires auditor review because one or more evidence sources contain exceptions.,4,100.0
SHP0213,B0213,V059,Chennai,Bangalore,2026-08-07 08:28:00,2026-08-07 12:42:00,Completed,Frozen Paneer,Frozen,-25.0,-18.0,98,2026-08-28,Refrigerated Truck,2000.0,51,51,0,0,-20.97137254901961,-21.78,-19.74,70.14,70,Reliable,51,0,0.0,Compliant,1,1,0,0.226,0.226,Valid,4,4,0,Chennai Warehouse -> Hyderabad DC -> Salem Hub -> Kochi Hub,Complete,Complete,5,0,0,0,0,35,High,Normal,Compliant,All compliance checks passed,Shipment passed the automated compliance checks.,4,100.0
SHP0214,B0214,V024,Bangalore,Mumbai,2026-08-07 07:30:00,2026-08-07 09:48:00,Completed,Frozen Corn,Frozen,-25.0,-18.0,272,2026-08-18,Refrigerated Truck,1500.0,28,28,0,0,-21.035357142857144,-21.85,-20.37,70.25,70,Reliable,28,0,0.0,Compliant,1,1,0,0.332,0.332,Valid,3,2,1,Coimbatore Hub -> Kochi Hub -> Pune DC,Incomplete,Review,7,0,0,2,171,171,Low,Deviation,Review,Missing custody signature; Route deviation,Shipment requires auditor review because one or more evidence sources contain exceptions.,4,100.0
SHP0215,B0215,V059,Hyderabad,Chennai,2026-08-03 07:26:00,2026-08-03 09:17:00,Completed,Fresh Cream,Chilled,2.0,8.0,185,2026-08-31,Refrigerated Truck,2000.0,23,23,0,0,5.045217391304348,4.19,5.5,70.37,73,Review,23,0,0.0,Compliant,1,0,1,0.283,0.283,Review,2,1,1,Chennai Warehouse -> Coimbatore Hub,Incomplete,Review,8,1,22,0,0,41,Moderate,Delayed,Non-Compliant,Calibration issue; Missing custody signature; Traffic delay,Shipment is non-compliant based on critical compliance evidence.,4,100.0
SHP0216,B0216,V008,Mumbai,Kochi,2026-08-04 09:38:00,2026-08-04 11:48:00,Completed,Yogurt,Chilled,2.0,8.0,245,2026-08-06,Refrigerated Van,750.0,27,27,0,0,4.989629629629629,4.45,5.57,70.59,71,Review,27,0,0.0,Compliant,1,0,1,0.126,0.126,Review,2,2,0,Coimbatore Hub -> Bangalore DC,Complete,Complete,7,0,0,0,0,50,High,Normal,Review,Calibration issue,Shipment requires auditor review because one or more evidence sources contain exceptions.,4,100.0
SHP0217,B0217,V090,Salem,Bangalore,2026-08-06 09:46:00,2026-08-06 11:46:00,Completed,Cheese,Chilled,2.0,8.0,175,2026-08-29,Refrigerated Truck,3000.0,25,25,0,0,4.8836,4.2,5.75,70.3,70,Review,25,0,0.0,Compliant,1,0,1,0.953,0.953,Review,4,4,0,Salem Hub -> Kochi Hub -> Pune DC -> Hyderabad DC,Complete,Complete,7,1,29,1,23,52,Low,Deviation,Review,Calibration issue; Route deviation,Shipment requires auditor review because one or more evidence sources contain exceptions.,4,100.0
SHP0218,B0218,V100,Kochi,Bangalore,2026-08-04 05:31:00,2026-08-04 08:12:00,Completed,Fresh Cream,Chilled,2.0,8.0,48,2026-08-15,Refrigerated Truck,1500.0,33,33,0,4,4.945757575757576,4.14,5.82,70.19,0,Partial,33,0,0.0,Compliant,1,1,0,0.175,0.175,Valid,3,1,2,Chennai Warehouse -> Hyderabad DC -> Chennai Warehouse,Incomplete,Review,8,0,0,0,0,11,High,Normal,Review,Missing custody signature,Shipment requires auditor review because one or more evidence sources contain exceptions.,4,100.0
SHP0219,B0219,V047,Bengaluru,Hyderabad,2026-08-04 07:53:00,2026-08-04 13:20:00,Completed,Frozen Mixed Vegetables,Frozen,-25.0,-18.0,256,2026-08-18,Refrigerated Van,500.0,66,66,0,0,-21.005454545454544,-21.69,-20.1,70.29,70,Review,66,0,0.0,Compliant,1,0,1,0.739,0.739,Review,3,2,1,Bangalore DC -> Chennai Warehouse -> Pune DC,Incomplete,Review,8,0,0,0,0,94,High,Normal,Non-Compliant,Calibration issue; Missing custody signature,Shipment is non-compliant based on critical compliance evidence.,4,100.0
SHP0220,B0220,V051,Hyderabad,Madurai,2026-08-02 10:26:00,2026-08-02 13:57:00,Completed,Frozen Peas,Frozen,-25.0,-18.0,208,2026-08-30,Refrigerated Truck,3000.0,43,43,0,0,-20.937906976744188,-22.01,-20.33,70.1,70,Reliable,43,0,0.0,Compliant,1,1,0,0.209,0.209,Valid,4,3,1,Hyderabad DC -> Salem Hub -> Coimbatore Hub -> Hyderabad DC,Incomplete,Review,7,0,0,0,0,62,High,Normal,Review,Missing custody signature,Shipment requires auditor review because one or more evidence sources contain exceptions.,4,100.0
SHP0221,B0221,V036,Coimbatore,Chennai,2026-08-06 09:31:00,2026-08-06 12:17:00,Completed,Fresh Milk,Chilled,2.0,8.0,66,2026-08-23,Refrigerated Van,1000.0,34,34,0,0,4.998529411764706,4.27,5.64,70.03,70,Reliable,34,0,0.0,Compliant,1,1,0,0.336,0.336,Valid,3,3,0,Salem Hub -> Kochi Hub -> Chennai Warehouse,Complete,Complete,7,1,44,0,0,84,Moderate,Delayed,Compliant,Traffic delay,Shipment passed the automated compliance checks.,4,100.0
SHP0222,B0222,V008,Pune,Madurai,2026-08-03 06:00:00,2026-08-03 07:06:00,Completed,Cheese,Chilled,2.0,8.0,41,2026-08-18,Refrigerated Van,750.0,14,13,1,0,4.8938461538461535,4.3,5.46,70.95,71,Review,14,0,0.0,Compliant,1,0,1,0.186,0.186,Review,3,2,1,Hyderabad DC -> Coimbatore Hub -> Bangalore DC,Incomplete,Review,6,0,0,0,0,0,High,Normal,Non-Compliant,Calibration issue; Missing custody signature,Shipment is non-compliant based on critical compliance evidence.,4,100.0
SHP0223,B0223,V050,Bangalore,Bengaluru,2026-08-06 10:31:00,2026-08-06 12:47:00,Completed,Frozen Mixed Vegetables,Frozen,-25.0,-18.0,263,2026-08-20,Refrigerated Van,1200.0,28,28,0,4,-20.888214285714287,-21.67,-20.18,71.38,0,Partial,28,0,0.0,Compliant,1,1,0,0.286,0.286,Valid,2,2,0,Chennai Warehouse -> Kochi Hub,Complete,Complete,5,0,0,0,0,0,High,Normal,Compliant,All compliance checks passed,Shipment passed the automated compliance checks.,4,100.0
SHP0224,B0224,V007,Bangalore,Mumbai,2026-08-03 05:46:00,2026-08-03 07:37:00,Completed,Frozen Peas,Frozen,-25.0,-18.0,250,2026-08-07,Refrigerated Van,750.0,23,23,0,0,-20.90695652173913,-21.51,-20.26,73.05,70,Reliable,23,0,0.0,Compliant,1,1,0,0.368,0.368,Valid,4,4,0,Chennai Warehouse -> Kochi Hub -> Salem Hub -> Madurai Store,Complete,Complete,6,0,0,0,0,14,High,Normal,Compliant,All compliance checks passed,Shipment passed the automated compliance checks.,4,100.0
SHP0225,B0225,V041,Kochi,Hyderabad,2026-08-07 08:18:00,2026-08-07 11:33:00,Completed,Fresh Milk,Chilled,2.0,8.0,278,2026-08-24,Refrigerated Truck,2000.0,40,39,1,0,5.042820512820513,4.12,5.81,70.08,71,Partial,40,0,0.0,Compliant,1,1,0,0.373,0.373,Valid,3,3,0,Hyderabad DC -> Madurai Store -> Kochi Hub,Complete,Complete,6,0,0,0,0,50,High,Normal,Compliant,All compliance checks passed,Shipment passed the automated compliance checks.,4,100.0
SHP0226,B0226,V097,Pune,Chennai,2026-08-05 05:52:00,2026-08-05 08:21:00,Completed,Frozen Peas,Frozen,-25.0,-18.0,146,2026-08-26,Refrigerated Truck,2000.0,30,30,0,0,-20.966,-21.5,-20.44,70.4,70,Reliable,30,0,0.0,Compliant,1,1,0,0.214,0.214,Valid,4,4,0,Kochi Hub -> Madurai Store -> Chennai Warehouse -> Hyderabad DC,Complete,Complete,8,0,0,0,0,31,High,Normal,Compliant,All compliance checks passed,Shipment passed the automated compliance checks.,4,100.0
SHP0227,B0227,V037,Chennai,Kochi,2026-08-02 07:51:00,2026-08-02 11:31:00,Completed,Cheese,Chilled,2.0,8.0,288,2026-08-20,Refrigerated Truck,2500.0,45,45,0,0,4.924222222222222,4.01,5.67,70.1,71,Reliable,45,0,0.0,Compliant,1,1,0,0.3,0.3,Valid,2,1,1,Coimbatore Hub -> Pune DC,Incomplete,Review,8,0,0,0,0,16,High,Normal,Review,Missing custody signature,Shipment requires auditor review because one or more evidence sources contain exceptions.,4,100.0
SHP0228,B0228,V005,Salem,Bangalore,2026-08-02 05:54:00,2026-08-02 07:17:00,Completed,Frozen Mixed Vegetables,Frozen,-25.0,-18.0,210,2026-08-13,Refrigerated Truck,1500.0,17,17,0,0,-21.131764705882354,-21.71,-20.53,70.6,70,Reliable,17,0,0.0,Compliant,1,1,0,0.115,0.115,Valid,2,2,0,Pune DC -> Kochi Hub,Complete,Complete,6,0,0,0,0,32,High,Normal,Compliant,All compliance checks passed,Shipment passed the automated compliance checks.,4,100.0
SHP0229,B0229,V052,Chennai,Coimbatore,2026-08-05 10:41:00,2026-08-05 13:08:00,Completed,Cheese,Chilled,2.0,8.0,193,2026-08-25,Refrigerated Truck,1500.0,30,30,0,0,4.980666666666667,4.23,6.11,70.09,70,Review,30,0,0.0,Compliant,1,0,1,0.302,0.302,Review,2,2,0,Salem Hub -> Bangalore DC,Complete,Complete,5,0,0,0,0,38,High,Normal,Review,Calibration issue,Shipment requires auditor review because one or more evidence sources contain exceptions.,4,100.0
SHP0230,B0230,V031,Madurai,Pune,2026-08-06 09:17:00,2026-08-06 11:04:00,Completed,Frozen Mixed Vegetables,Frozen,-25.0,-18.0,53,2026-08-14,Refrigerated Van,750.0,22,22,0,0,-21.061363636363637,-22.01,-20.22,70.82,70,Reliable,22,0,0.0,Compliant,1,1,0,0.229,0.229,Valid,2,2,0,Bangalore DC -> Coimbatore Hub,Complete,Complete,6,0,0,0,0,18,High,Normal,Compliant,All compliance checks passed,Shipment passed the automated compliance checks.,4,100.0
SHP0231,B0231,V087,Madurai,Coimbatore,2026-08-07 05:25:00,2026-08-07 09:49:00,Completed,Frozen Paneer,Frozen,-25.0,-18.0,217,2026-08-13,Refrigerated Truck,2000.0,53,53,0,0,-20.980188679245284,-21.71,-20.23,70.18,70,Reliable,53,0,0.0,Compliant,1,1,0,0.21,0.21,Valid,4,4,0,Coimbatore Hub -> Salem Hub -> Hyderabad DC -> Chennai Warehouse,Complete,Complete,5,0,0,0,0,50,High,Normal,Compliant,All compliance checks passed,Shipment passed the automated compliance checks.,4,100.0
SHP0232,B0232,V092,Pune,Kochi,2026-08-01 08:44:00,2026-08-01 13:48:00,Completed,Fresh Cream,Chilled,2.0,8.0,96,2026-08-14,Refrigerated Van,500.0,61,61,0,0,4.855901639344262,-4.65,5.72,70.24,70,Reliable,61,1,5.0,Warning,1,1,0,0.27,0.27,Valid,4,3,1,Salem Hub -> Bangalore DC -> Chennai Warehouse -> Hyderabad DC,Incomplete,Review,8,0,0,0,0,12,High,Normal,Review,Temperature: Warning; Missing custody signature,Shipment requires auditor review because one or more evidence sources contain exceptions.,4,100.0
SHP0233,B0233,V023,Salem,Coimbatore,2026-08-02 05:08:00,2026-08-02 06:38:00,Completed,Frozen Paneer,Frozen,-25.0,-18.0,92,2026-08-15,Refrigerated Van,750.0,19,19,0,0,-21.054736842105264,-21.79,-20.31,71.78,71,Review,19,0,0.0,Compliant,1,0,1,1.142,1.142,Review,3,3,0,Bangalore DC -> Salem Hub -> Chennai Warehouse,Complete,Complete,6,1,16,0,0,16,Moderate,Delayed,Review,Calibration issue; Traffic delay,Shipment requires auditor review because one or more evidence sources contain exceptions.,4,100.0
SHP0234,B0234,V023,Coimbatore,Bangalore,2026-08-07 08:58:00,2026-08-07 14:05:00,Completed,Cheese,Chilled,2.0,8.0,86,2026-08-23,Refrigerated Van,750.0,62,62,0,0,4.98983870967742,4.15,5.81,70.08,70,Reliable,62,0,0.0,Compliant,1,1,0,0.198,0.198,Valid,2,2,0,Hyderabad DC -> Coimbatore Hub,Complete,Complete,6,0,0,0,0,16,High,Normal,Compliant,All compliance checks passed,Shipment passed the automated compliance checks.,4,100.0
SHP0235,B0235,V090,Bengaluru,Pune,2026-08-02 06:39:00,2026-08-02 10:53:00,Completed,Frozen Mixed Vegetables,Frozen,-25.0,-18.0,212,2026-08-24,Refrigerated Truck,3000.0,51,51,0,0,-20.94921568627451,-21.96,-20.13,71.88,70,Review,51,0,0.0,Compliant,1,0,1,0.953,0.953,Review,2,2,0,Pune DC -> Chennai Warehouse,Complete,Complete,5,2,47,0,0,47,Moderate,Delayed,Review,Calibration issue; Traffic delay,Shipment requires auditor review because one or more evidence sources contain exceptions.,4,100.0
SHP0236,B0236,V085,Madurai,Bengaluru,2026-08-02 05:55:00,2026-08-02 08:01:00,Completed,Yogurt,Chilled,2.0,8.0,289,2026-08-06,Refrigerated Van,1200.0,26,26,0,0,5.901538461538461,4.18,11.34,71.71,70,Reliable,26,4,20.0,Critical,1,1,0,0.381,0.381,Valid,2,2,0,Salem Hub -> Kochi Hub,Complete,Complete,7,0,0,1,34,68,Low,Deviation,Non-Compliant,Temperature: Critical; Route deviation,Shipment is non-compliant based on critical compliance evidence.,4,100.0
SHP0237,B0237,V007,Pune,Bangalore,2026-08-07 08:28:00,2026-08-07 09:51:00,Completed,Fresh Cream,Chilled,2.0,8.0,205,2026-08-04,Refrigerated Van,750.0,17,17,0,0,4.878823529411765,3.9,5.86,70.38,70,Review,17,0,0.0,Compliant,1,0,1,0.967,0.967,Review,3,3,0,Kochi Hub -> Madurai Store -> Pune DC,Complete,Complete,8,0,0,0,0,25,High,Normal,Review,Calibration issue,Shipment requires auditor review because one or more evidence sources contain exceptions.,4,100.0
SHP0238,B0238,V033,Bangalore,Kochi,2026-08-06 10:20:00,2026-08-06 11:26:00,Completed,Fresh Paneer,Chilled,2.0,8.0,112,2026-08-10,Refrigerated Truck,2500.0,14,14,0,0,5.375,4.18,10.48,71.5,70,Review,14,1,5.0,Warning,1,0,1,0.905,0.905,Review,2,2,0,Pune DC -> Salem Hub,Complete,Complete,8,0,0,1,32,32,Low,Deviation,Review,Temperature: Warning; Calibration issue; Route deviation,Shipment requires auditor review because one or more evidence sources contain exceptions.,4,100.0
SHP0239,B0239,V091,Mumbai,Bengaluru,2026-08-03 10:36:00,2026-08-03 13:30:00,Completed,Cheese,Chilled,2.0,8.0,118,2026-08-11,Refrigerated Truck,1500.0,35,35,0,0,4.998571428571428,3.88,5.96,72.97,70,Reliable,35,0,0.0,Compliant,1,1,0,0.387,0.387,Valid,4,4,0,Bangalore DC -> Chennai Warehouse -> Hyderabad DC -> Chennai Warehouse,Complete,Complete,5,0,0,0,0,34,High,Normal,Compliant,All compliance checks passed,Shipment passed the automated compliance checks.,4,100.0
SHP0240,B0240,V085,Madurai,Mumbai,2026-08-05 09:44:00,2026-08-05 11:32:00,Completed,Frozen Corn,Frozen,-25.0,-18.0,59,2026-08-13,Refrigerated Van,1200.0,22,22,0,4,-20.085454545454546,-21.68,-15.39,70.1,0,Partial,22,4,20.0,Critical,1,1,0,0.391,0.391,Valid,4,4,0,Pune DC -> Madurai Store -> Salem Hub -> Hyderabad DC,Complete,Complete,7,0,0,0,0,44,High,Normal,Non-Compliant,Temperature: Critical,Shipment is non-compliant based on critical compliance evidence.,4,100.0
SHP0241,B0241,V079,Salem,Hyderabad,2026-08-01 08:22:00,2026-08-01 12:39:00,Completed,Frozen Paneer,Frozen,-25.0,-18.0,296,2026-08-30,Refrigerated Van,500.0,52,52,0,0,-20.990576923076922,-21.75,-19.99,70.48,70,Reliable,52,0,0.0,Compliant,1,1,0,0.181,0.181,Valid,2,1,1,Pune DC -> Salem Hub,Incomplete,Review,7,0,0,0,0,48,High,Normal,Review,Missing custody signature,Shipment requires auditor review because one or more evidence sources contain exceptions.,4,100.0
SHP0242,B0242,V091,Coimbatore,Mumbai,2026-08-02 09:03:00,2026-08-02 10:08:00,Completed,Frozen Mixed Vegetables,Frozen,-25.0,-18.0,87,2026-08-23,Refrigerated Truck,1500.0,14,14,0,0,-21.14142857142857,-21.54,-20.73,70.48,71,Reliable,14,0,0.0,Compliant,1,1,0,0.387,0.387,Valid,2,2,0,Madurai Store -> Hyderabad DC,Complete,Complete,5,0,0,0,0,16,High,Normal,Compliant,All compliance checks passed,Shipment passed the automated compliance checks.,4,100.0
SHP0243,B0243,V080,Coimbatore,Mumbai,2026-08-01 08:54:00,2026-08-01 14:07:00,Completed,Yogurt,Chilled,2.0,8.0,103,2026-08-09,Refrigerated Van,750.0,63,63,0,0,4.930634920634921,3.43,5.63,70.18,70,Reliable,63,0,0.0,Compliant,1,1,0,0.051,0.051,Valid,4,3,1,Chennai Warehouse -> Bangalore DC -> Salem Hub -> Hyderabad DC,Incomplete,Review,8,0,0,0,0,36,High,Normal,Review,Missing custody signature,Shipment requires auditor review because one or more evidence sources contain exceptions.,4,100.0
SHP0244,B0244,V059,Coimbatore,Bangalore,2026-08-06 08:20:00,2026-08-06 11:23:00,Completed,Frozen French Fries,Frozen,-25.0,-18.0,42,2026-08-17,Refrigerated Truck,2000.0,37,37,0,0,-20.976756756756757,-21.83,-20.08,70.04,70,Review,37,0,0.0,Compliant,1,0,1,0.283,0.283,Review,4,4,0,Hyderabad DC -> Kochi Hub -> Salem Hub -> Salem Hub,Complete,Complete,8,1,10,0,0,72,Moderate,Delayed,Review,Calibration issue; Traffic delay,Shipment requires auditor review because one or more evidence sources contain exceptions.,4,100.0
SHP0245,B0245,V090,Madurai,Kochi,2026-08-07 05:32:00,2026-08-07 08:26:00,Completed,Yogurt,Chilled,2.0,8.0,247,2026-08-23,Refrigerated Truck,3000.0,35,35,0,0,4.905142857142857,4.32,5.87,70.02,70,Review,35,0,0.0,Compliant,1,0,1,0.953,0.953,Review,4,4,0,Pune DC -> Kochi Hub -> Pune DC -> Bangalore DC,Complete,Complete,8,0,0,0,0,56,High,Normal,Review,Calibration issue,Shipment requires auditor review because one or more evidence sources contain exceptions.,4,100.0
SHP0246,B0246,V010,Mumbai,Salem,2026-08-04 08:52:00,2026-08-04 11:52:00,Completed,Cheese,Chilled,2.0,8.0,139,2026-08-21,Refrigerated Truck,2500.0,37,36,1,0,5.050833333333333,4.46,5.82,71.15,70,Review,37,0,0.0,Compliant,1,0,1,0.736,0.736,Review,3,3,0,Salem Hub -> Coimbatore Hub -> Hyderabad DC,Complete,Complete,8,0,0,0,0,55,High,Normal,Review,Calibration issue,Shipment requires auditor review because one or more evidence sources contain exceptions.,4,100.0
SHP0247,B0247,V062,Bangalore,Pune,2026-08-06 08:51:00,2026-08-06 14:44:00,Completed,Frozen Mixed Vegetables,Frozen,-25.0,-18.0,260,2026-08-30,Refrigerated Truck,3000.0,71,71,0,0,-20.966056338028167,-21.94,-20.07,70.13,70,Reliable,71,0,0.0,Compliant,1,1,0,0.358,0.358,Valid,4,4,0,Coimbatore Hub -> Bangalore DC -> Chennai Warehouse -> Madurai Store,Complete,Complete,7,1,35,0,0,51,Moderate,Delayed,Compliant,Traffic delay,Shipment passed the automated compliance checks.,4,100.0
SHP0248,B0248,V005,Pune,Bangalore,2026-08-05 08:28:00,2026-08-05 12:09:00,Completed,Frozen Mixed Vegetables,Frozen,-25.0,-18.0,245,2026-08-18,Refrigerated Truck,1500.0,45,45,0,0,-21.046444444444443,-21.8,-20.33,70.0,70,Reliable,45,0,0.0,Compliant,1,1,0,0.115,0.115,Valid,2,2,0,Pune DC -> Hyderabad DC,Complete,Complete,6,1,25,0,0,25,Moderate,Delayed,Compliant,Traffic delay,Shipment passed the automated compliance checks.,4,100.0
SHP0249,B0249,V057,Bangalore,Pune,2026-08-07 10:41:00,2026-08-07 11:50:00,Completed,Cheese,Chilled,2.0,8.0,277,2026-08-20,Refrigerated Van,1000.0,14,14,0,0,5.487857142857143,4.47,10.06,72.86,71,Reliable,14,1,5.0,Warning,1,1,0,0.238,0.238,Valid,2,2,0,Coimbatore Hub -> Pune DC,Complete,Complete,8,1,51,0,0,87,Moderate,Delayed,Review,Temperature: Warning; Traffic delay,Shipment requires auditor review because one or more evidence sources contain exceptions.,4,100.0
SHP0250,B0250,V087,Bangalore,Salem,2026-08-05 08:02:00,2026-08-05 13:47:00,Completed,Yogurt,Chilled,2.0,8.0,122,2026-08-29,Refrigerated Truck,2000.0,70,70,0,4,4.963571428571429,4.02,5.79,70.54,0,Partial,70,0,0.0,Compliant,1,1,0,0.342,0.342,Valid,3,3,0,Bangalore DC -> Kochi Hub -> Pune DC,Complete,Complete,6,0,0,0,0,29,High,Normal,Compliant,All compliance checks passed,Shipment passed the automated compliance checks.,4,100.0
SHP0251,B0251,V035,Mumbai,Chennai,2026-08-03 05:50:00,2026-08-03 09:25:00,Completed,Frozen Mixed Vegetables,Frozen,-25.0,-18.0,46,2026-08-24,Refrigerated Van,750.0,44,44,0,0,-21.08,-22.09,-20.0,70.18,70,Reliable,44,0,0.0,Compliant,1,1,0,0.113,0.113,Valid,4,4,0,Salem Hub -> Bangalore DC -> Bangalore DC -> Bangalore DC,Complete,Complete,6,0,0,0,0,15,High,Normal,Compliant,All compliance checks passed,Shipment passed the automated compliance checks.,4,100.0
SHP0252,B0252,V012,Mumbai,Hyderabad,2026-08-01 10:42:00,2026-08-01 15:35:00,Completed,Fresh Paneer,Chilled,2.0,8.0,72,2026-08-26,Refrigerated Truck,2500.0,59,59,0,0,5.370508474576271,4.31,11.98,70.13,70,Reliable,59,4,20.0,Critical,1,1,0,0.242,0.242,Valid,2,1,1,Kochi Hub -> Pune DC,Incomplete,Review,6,0,0,0,0,25,High,Normal,Non-Compliant,Temperature: Critical; Missing custody signature,Shipment is non-compliant based on critical compliance evidence.,4,100.0
SHP0253,B0253,V045,Madurai,Chennai,2026-08-02 06:54:00,2026-08-02 11:46:00,Completed,Frozen Mixed Vegetables,Frozen,-25.0,-18.0,62,2026-08-28,Refrigerated Truck,2000.0,59,59,0,0,-21.003389830508475,-22.1,-20.33,70.27,70,Review,59,0,0.0,Compliant,1,0,1,0.394,0.394,Review,4,4,0,Kochi Hub -> Chennai Warehouse -> Kochi Hub -> Kochi Hub,Complete,Complete,7,1,48,0,0,54,Moderate,Delayed,Review,Calibration issue; Traffic delay,Shipment requires auditor review because one or more evidence sources contain exceptions.,4,100.0
SHP0254,B0254,V082,Madurai,Mumbai,2026-08-02 09:38:00,2026-08-02 14:40:00,Completed,Frozen Mixed Vegetables,Frozen,-25.0,-18.0,250,2026-08-20,Refrigerated Truck,1500.0,61,61,0,0,-20.95409836065574,-21.94,-20.21,70.07,71,Reliable,61,0,0.0,Compliant,1,1,0,0.394,0.394,Valid,4,4,0,Chennai Warehouse -> Hyderabad DC -> Coimbatore Hub -> Coimbatore Hub,Complete,Complete,7,0,0,0,0,61,High,Normal,Compliant,All compliance checks passed,Shipment passed the automated compliance checks.,4,100.0
SHP0255,B0255,V057,Madurai,Pune,2026-08-04 05:06:00,2026-08-04 07:59:00,Completed,Frozen French Fries,Frozen,-25.0,-18.0,66,2026-08-11,Refrigerated Van,1000.0,35,35,0,0,-20.98542857142857,-21.8,-20.18,70.12,70,Reliable,35,0,0.0,Compliant,1,1,0,0.238,0.238,Valid,3,3,0,Bangalore DC -> Hyderabad DC -> Hyderabad DC,Complete,Complete,5,1,13,0,0,52,Moderate,Delayed,Compliant,Traffic delay,Shipment passed the automated compliance checks.,4,100.0
SHP0256,B0256,V022,Chennai,Madurai,2026-08-04 07:53:00,2026-08-04 11:22:00,Completed,Fresh Paneer,Chilled,2.0,8.0,33,2026-08-17,Refrigerated Van,500.0,42,42,0,0,5.016190476190476,4.0,6.03,70.21,70,Review,42,0,0.0,Compliant,1,0,1,0.989,0.989,Review,3,2,1,Salem Hub -> Bangalore DC -> Bangalore DC,Incomplete,Review,8,0,0,1,17,98,Low,Deviation,Non-Compliant,Calibration issue; Missing custody signature; Route deviation,Shipment is non-compliant based on critical compliance evidence.,4,100.0
SHP0257,B0257,V021,Mumbai,Madurai,2026-08-02 10:06:00,2026-08-02 11:29:00,Completed,Frozen French Fries,Frozen,-25.0,-18.0,277,2026-08-15,Refrigerated Truck,2500.0,17,17,0,0,-20.97235294117647,-21.75,-20.4,70.36,71,Review,17,0,0.0,Compliant,1,0,1,0.128,0.128,Review,2,2,0,Hyderabad DC -> Bangalore DC,Complete,Complete,6,1,29,0,0,61,Moderate,Delayed,Review,Calibration issue; Traffic delay,Shipment requires auditor review because one or more evidence sources contain exceptions.,4,100.0
SHP0258,B0258,V087,Coimbatore,Pune,2026-08-01 06:52:00,2026-08-01 11:21:00,Completed,Frozen French Fries,Frozen,-25.0,-18.0,61,2026-08-15,Refrigerated Truck,2000.0,54,54,0,0,-21.005555555555556,-21.61,-19.95,70.4,70,Reliable,54,0,0.0,Compliant,1,1,0,0.052,0.052,Valid,4,4,0,Kochi Hub -> Chennai Warehouse -> Pune DC -> Coimbatore Hub,Complete,Complete,5,0,0,0,0,62,High,Normal,Compliant,All compliance checks passed,Shipment passed the automated compliance checks.,4,100.0
SHP0259,B0259,V021,Bangalore,Kochi,2026-08-06 09:12:00,2026-08-06 11:48:00,Completed,Frozen Peas,Frozen,-25.0,-18.0,183,2026-08-07,Refrigerated Truck,2500.0,32,32,0,0,-21.035,-21.59,-20.24,70.81,70,Review,32,0,0.0,Compliant,1,0,1,0.128,0.128,Review,3,3,0,Madurai Store -> Chennai Warehouse -> Bangalore DC,Complete,Complete,6,0,0,0,0,26,High,Normal,Review,Calibration issue,Shipment requires auditor review because one or more evidence sources contain exceptions.,4,100.0
SHP0260,B0260,V005,Bangalore,Salem,2026-08-07 06:29:00,2026-08-07 09:06:00,Completed,Yogurt,Chilled,2.0,8.0,90,2026-08-05,Refrigerated Truck,1500.0,32,32,0,0,5.000625,4.24,5.85,70.51,70,Reliable,32,0,0.0,Compliant,1,1,0,0.115,0.115,Valid,3,3,0,Chennai Warehouse -> Coimbatore Hub -> Chennai Warehouse,Complete,Complete,8,0,0,0,0,52,High,Normal,Compliant,All compliance checks passed,Shipment passed the automated compliance checks.,4,100.0
SHP0261,B0261,V065,Madurai,Bangalore,2026-08-07 08:02:00,2026-08-07 10:05:00,Completed,Cheese,Chilled,2.0,8.0,91,2026-08-28,Refrigerated Van,500.0,25,25,0,0,4.8648,3.88,5.75,70.8,71,Reliable,25,0,0.0,Compliant,1,1,0,0.21,0.21,Valid,3,3,0,Madurai Store -> Chennai Warehouse -> Hyderabad DC,Complete,Complete,6,0,0,0,0,42,High,Normal,Compliant,All compliance checks passed,Shipment passed the automated compliance checks.,4,100.0
SHP0262,B0262,V034,Pune,Bengaluru,2026-08-02 09:08:00,2026-08-02 14:23:00,Completed,Cheese,Chilled,2.0,8.0,22,2026-08-06,Refrigerated Van,1000.0,64,64,0,0,5.00734375,4.11,6.12,70.65,70,Reliable,64,0,0.0,Compliant,1,1,0,0.136,0.136,Valid,3,3,0,Madurai Store -> Chennai Warehouse -> Hyderabad DC,Complete,Complete,5,1,12,0,0,28,Moderate,Delayed,Compliant,Traffic delay,Shipment passed the automated compliance checks.,4,100.0
SHP0263,B0263,V071,Chennai,Mumbai,2026-08-03 10:03:00,2026-08-03 15:46:00,Completed,Frozen Mixed Vegetables,Frozen,-25.0,-18.0,130,2026-08-30,Refrigerated Truck,2000.0,69,69,0,0,-21.0136231884058,-21.76,-20.21,70.39,70,Reliable,69,0,0.0,Compliant,1,1,0,0.15,0.15,Valid,3,3,0,Chennai Warehouse -> Chennai Warehouse -> Chennai Warehouse,Complete,Complete,8,1,39,1,57,115,Low,Deviation,Review,Route deviation,Shipment requires auditor review because one or more evidence sources contain exceptions.,4,100.0
SHP0264,B0264,V004,Salem,Bengaluru,2026-08-02 08:59:00,2026-08-02 14:19:00,Completed,Frozen Paneer,Frozen,-25.0,-18.0,290,2026-08-17,Refrigerated Van,500.0,65,65,0,0,-21.07553846153846,-22.29,-20.14,70.02,70,Review,65,0,0.0,Compliant,1,0,1,0.8,0.8,Review,2,0,2,Chennai Warehouse -> Hyderabad DC,Incomplete,Review,5,0,0,0,0,8,High,Normal,Non-Compliant,Calibration issue; Missing custody signature,Shipment is non-compliant based on critical compliance evidence.,4,100.0
SHP0265,B0265,V037,Coimbatore,Bengaluru,2026-08-05 06:46:00,2026-08-05 08:51:00,Completed,Frozen Mixed Vegetables,Frozen,-25.0,-18.0,141,2026-08-13,Refrigerated Truck,2500.0,26,26,0,0,-20.89076923076923,-22.21,-20.2,71.0,70,Reliable,26,0,0.0,Compliant,1,1,0,0.3,0.3,Valid,3,2,1,Salem Hub -> Pune DC -> Coimbatore Hub,Incomplete,Review,5,0,0,0,0,0,High,Normal,Review,Missing custody signature,Shipment requires auditor review because one or more evidence sources contain exceptions.,4,100.0
SHP0266,B0266,V058,Bangalore,Salem,2026-08-03 10:38:00,2026-08-03 14:22:00,Completed,Frozen Peas,Frozen,-25.0,-18.0,142,2026-08-17,Refrigerated Van,500.0,45,44,1,4,-21.045909090909092,-21.76,-20.32,70.15,0,Partial,45,0,0.0,Compliant,1,1,0,0.055,0.055,Valid,2,2,0,Chennai Warehouse -> Bangalore DC,Complete,Complete,7,0,0,0,0,36,High,Normal,Compliant,All compliance checks passed,Shipment passed the automated compliance checks.,4,100.0
SHP0267,B0267,V072,Mumbai,Salem,2026-08-06 08:38:00,2026-08-06 11:45:00,Completed,Fresh Milk,Chilled,2.0,8.0,76,2026-08-30,Refrigerated Van,1000.0,38,38,0,0,4.926052631578948,4.47,5.66,72.76,72,Reliable,38,0,0.0,Compliant,1,1,0,0.136,0.136,Valid,3,3,0,Pune DC -> Salem Hub -> Madurai Store,Complete,Complete,5,0,0,0,0,28,High,Normal,Compliant,All compliance checks passed,Shipment passed the automated compliance checks.,4,100.0
SHP0268,B0268,V001,Kochi,Salem,2026-08-02 07:18:00,2026-08-02 12:09:00,Completed,Fresh Cream,Chilled,2.0,8.0,294,2026-08-04,Refrigerated Van,500.0,59,59,0,0,4.930677966101695,4.22,5.59,70.77,70,Reliable,59,0,0.0,Compliant,1,1,0,0.359,0.359,Valid,3,3,0,Coimbatore Hub -> Coimbatore Hub -> Kochi Hub,Complete,Complete,8,0,0,1,80,96,Low,Deviation,Review,Route deviation,Shipment requires auditor review because one or more evidence sources contain exceptions.,4,100.0
SHP0269,B0269,V024,Coimbatore,Salem,2026-08-02 09:44:00,2026-08-02 15:06:00,Completed,Frozen Corn,Frozen,-25.0,-18.0,169,2026-08-17,Refrigerated Truck,1500.0,65,65,0,0,-21.025692307692307,-22.19,-20.11,70.83,70,Reliable,65,0,0.0,Compliant,1,1,0,0.236,0.236,Valid,2,2,0,Madurai Store -> Hyderabad DC,Complete,Complete,7,1,10,0,0,17,Moderate,Delayed,Compliant,Traffic delay,Shipment passed the automated compliance checks.,4,100.0
SHP0270,B0270,V070,Kochi,Mumbai,2026-08-04 07:45:00,2026-08-04 13:28:00,Completed,Frozen Paneer,Frozen,-25.0,-18.0,200,2026-08-11,Refrigerated Van,1000.0,69,69,0,0,-20.96710144927536,-21.67,-20.13,70.1,70,Reliable,69,0,0.0,Compliant,1,1,0,0.13,0.13,Valid,2,2,0,Pune DC -> Kochi Hub,Complete,Complete,6,0,0,0,0,56,High,Normal,Compliant,All compliance checks passed,Shipment passed the automated compliance checks.,4,100.0
SHP0271,B0271,V086,Hyderabad,Bengaluru,2026-08-07 10:18:00,2026-08-07 14:14:00,Completed,Yogurt,Chilled,2.0,8.0,63,2026-08-20,Refrigerated Van,1200.0,48,47,1,0,4.966595744680851,3.82,5.69,70.04,70,Partial,48,0,0.0,Compliant,1,1,0,0.051,0.051,Valid,3,3,0,Coimbatore Hub -> Hyderabad DC -> Madurai Store,Complete,Complete,6,0,0,0,0,45,High,Normal,Compliant,All compliance checks passed,Shipment passed the automated compliance checks.,4,100.0
SHP0272,B0272,V020,Coimbatore,Mumbai,2026-08-02 09:44:00,2026-08-02 13:29:00,Completed,Fresh Milk,Chilled,2.0,8.0,289,2026-08-21,Refrigerated Truck,1500.0,46,46,0,0,4.991739130434783,4.25,5.59,70.44,70,Review,46,0,0.0,Compliant,1,0,1,0.703,0.703,Review,4,4,0,Hyderabad DC -> Hyderabad DC -> Bangalore DC -> Bangalore DC,Complete,Complete,8,0,0,0,0,16,High,Normal,Review,Calibration issue,Shipment requires auditor review because one or more evidence sources contain exceptions.,4,100.0
SHP0273,B0273,V032,Bangalore,Madurai,2026-08-05 09:30:00,2026-08-05 15:28:00,Completed,Frozen French Fries,Frozen,-25.0,-18.0,260,2026-08-05,Refrigerated Van,1200.0,72,72,0,0,-20.97722222222222,-22.35,-20.06,70.06,70,Reliable,72,0,0.0,Compliant,1,1,0,0.252,0.252,Valid,2,2,0,Pune DC -> Chennai Warehouse,Complete,Complete,5,0,0,0,0,0,High,Normal,Compliant,All compliance checks passed,Shipment passed the automated compliance checks.,4,100.0
SHP0274,B0274,V006,Bengaluru,Salem,2026-08-04 10:47:00,2026-08-04 16:20:00,Completed,Fresh Paneer,Chilled,2.0,8.0,149,2026-08-27,Refrigerated Van,500.0,67,67,0,0,5.025223880597015,3.89,6.09,70.07,70,Reliable,67,0,0.0,Compliant,1,1,0,0.105,0.105,Valid,2,2,0,Kochi Hub -> Chennai Warehouse,Complete,Complete,7,1,25,0,0,56,Moderate,Delayed,Compliant,Traffic delay,Shipment passed the automated compliance checks.,4,100.0
SHP0275,B0275,V096,Kochi,Salem,2026-08-01 05:33:00,2026-08-01 07:27:00,Completed,Frozen Mixed Vegetables,Frozen,-25.0,-18.0,54,2026-08-15,Refrigerated Truck,2000.0,23,23,0,0,-21.135217391304348,-21.87,-20.22,72.95,70,Reliable,23,0,0.0,Compliant,1,1,0,0.287,0.287,Valid,4,4,0,Madurai Store -> Chennai Warehouse -> Bangalore DC -> Kochi Hub,Complete,Complete,8,0,0,1,78,94,Low,Deviation,Review,Route deviation,Shipment requires auditor review because one or more evidence sources contain exceptions.,4,100.0
SHP0276,B0276,V057,Chennai,Salem,2026-08-05 06:03:00,2026-08-05 07:31:00,Completed,Frozen Peas,Frozen,-25.0,-18.0,190,2026-08-08,Refrigerated Van,1000.0,18,18,0,0,-20.976666666666667,-21.52,-20.36,73.3,74,Reliable,18,0,0.0,Compliant,1,1,0,0.238,0.238,Valid,2,2,0,Coimbatore Hub -> Madurai Store,Complete,Complete,7,1,16,1,59,75,Low,Deviation,Review,Route deviation,Shipment requires auditor review because one or more evidence sources contain exceptions.,4,100.0
SHP0277,B0277,V031,Hyderabad,Kochi,2026-08-05 06:18:00,2026-08-05 09:26:00,Completed,Frozen Mixed Vegetables,Frozen,-25.0,-18.0,299,2026-08-14,Refrigerated Van,750.0,38,38,0,0,-20.91236842105263,-21.57,-19.65,70.13,74,Reliable,38,0,0.0,Compliant,1,1,0,0.229,0.229,Valid,3,2,1,Kochi Hub -> Coimbatore Hub -> Salem Hub,Incomplete,Review,8,1,32,0,0,32,Moderate,Delayed,Review,Missing custody signature; Traffic delay,Shipment requires auditor review because one or more evidence sources contain exceptions.,4,100.0
SHP0278,B0278,V087,Coimbatore,Chennai,2026-08-06 10:50:00,2026-08-06 14:21:00,Completed,Frozen French Fries,Frozen,-25.0,-18.0,265,2026-08-24,Refrigerated Truck,2000.0,43,43,0,0,-21.09186046511628,-21.96,-20.31,71.47,70,Reliable,43,0,0.0,Compliant,1,1,0,0.052,0.052,Valid,4,4,0,Chennai Warehouse -> Chennai Warehouse -> Bangalore DC -> Pune DC,Complete,Complete,7,0,0,0,0,0,High,Normal,Compliant,All compliance checks passed,Shipment passed the automated compliance checks.,4,100.0
SHP0279,B0279,V095,Hyderabad,Mumbai,2026-08-01 05:22:00,2026-08-01 10:13:00,Completed,Frozen Corn,Frozen,-25.0,-18.0,52,2026-08-26,Refrigerated Van,750.0,59,59,0,4,-20.72322033898305,-22.33,-15.75,70.36,0,Partial,59,4,20.0,Critical,1,1,0,0.261,0.261,Valid,2,2,0,Coimbatore Hub -> Coimbatore Hub,Complete,Complete,5,0,0,0,0,22,High,Normal,Non-Compliant,Temperature: Critical,Shipment is non-compliant based on critical compliance evidence.,4,100.0
SHP0280,B0280,V001,Bangalore,Bengaluru,2026-08-06 10:47:00,2026-08-06 16:34:00,Completed,Fresh Milk,Chilled,2.0,8.0,170,2026-08-10,Refrigerated Van,500.0,70,70,0,0,5.012714285714286,3.84,5.75,70.13,70,Reliable,70,0,0.0,Compliant,1,1,0,0.359,0.359,Valid,4,3,1,Kochi Hub -> Chennai Warehouse -> Bangalore DC -> Hyderabad DC,Incomplete,Review,6,0,0,0,0,22,High,Normal,Review,Missing custody signature,Shipment requires auditor review because one or more evidence sources contain exceptions.,4,100.0
SHP0281,B0281,V062,Hyderabad,Mumbai,2026-08-04 08:15:00,2026-08-04 13:36:00,Completed,Frozen Corn,Frozen,-25.0,-18.0,41,2026-08-14,Refrigerated Truck,3000.0,65,65,0,0,-20.95169230769231,-21.81,-19.99,70.92,70,Reliable,65,0,0.0,Compliant,1,1,0,0.358,0.358,Valid,2,1,1,Kochi Hub -> Chennai Warehouse,Incomplete,Review,5,0,0,0,0,6,High,Normal,Review,Missing custody signature,Shipment requires auditor review because one or more evidence sources contain exceptions.,4,100.0
SHP0282,B0282,V054,Kochi,Chennai,2026-08-05 08:24:00,2026-08-05 12:57:00,Completed,Fresh Cream,Chilled,2.0,8.0,223,2026-08-30,Refrigerated Truck,1500.0,55,55,0,4,5.099090909090909,3.81,6.04,70.11,0,Partial,55,0,0.0,Compliant,1,1,0,0.13,0.13,Valid,3,3,0,Salem Hub -> Coimbatore Hub -> Kochi Hub,Complete,Complete,5,0,0,0,0,17,High,Normal,Compliant,All compliance checks passed,Shipment passed the automated compliance checks.,4,100.0
SHP0283,B0283,V005,Madurai,Mumbai,2026-08-01 05:00:00,2026-08-01 08:08:00,Completed,Fresh Paneer,Chilled,2.0,8.0,38,2026-08-28,Refrigerated Truck,1500.0,38,37,1,0,4.931081081081081,3.88,5.84,70.34,70,Partial,38,0,0.0,Compliant,1,1,0,0.115,0.115,Valid,2,2,0,Pune DC -> Kochi Hub,Complete,Complete,6,0,0,0,0,11,High,Normal,Compliant,All compliance checks passed,Shipment passed the automated compliance checks.,4,100.0
SHP0284,B0284,V052,Hyderabad,Bengaluru,2026-08-04 08:53:00,2026-08-04 11:48:00,Completed,Frozen Mixed Vegetables,Frozen,-25.0,-18.0,202,2026-08-31,Refrigerated Truck,1500.0,36,36,0,0,-20.949444444444445,-21.67,-20.02,70.13,70,Reliable,36,0,0.0,Compliant,1,1,0,0.171,0.171,Valid,3,3,0,Chennai Warehouse -> Hyderabad DC -> Coimbatore Hub,Complete,Complete,8,1,58,0,0,58,Moderate,Delayed,Compliant,Traffic delay,Shipment passed the automated compliance checks.,4,100.0
SHP0285,B0285,V019,Madurai,Bengaluru,2026-08-04 09:47:00,2026-08-04 12:27:00,Completed,Frozen Mixed Vegetables,Frozen,-25.0,-18.0,159,2026-08-07,Refrigerated Truck,1500.0,33,33,0,0,-20.991515151515152,-22.21,-20.22,70.88,70,Review,33,0,0.0,Compliant,1,0,1,0.335,0.335,Review,4,4,0,Salem Hub -> Pune DC -> Bangalore DC -> Kochi Hub,Complete,Complete,6,0,0,0,0,62,High,Normal,Review,Calibration issue,Shipment requires auditor review because one or more evidence sources contain exceptions.,4,100.0
SHP0286,B0286,V070,Hyderabad,Kochi,2026-08-05 08:11:00,2026-08-05 09:49:00,Completed,Cheese,Chilled,2.0,8.0,224,2026-08-27,Refrigerated Van,1000.0,20,20,0,4,4.842,4.23,5.52,70.25,0,Partial,20,0,0.0,Compliant,1,1,0,0.13,0.13,Valid,2,1,1,Hyderabad DC -> Pune DC,Incomplete,Review,8,0,0,0,0,26,High,Normal,Review,Missing custody signature,Shipment requires auditor review because one or more evidence sources contain exceptions.,4,100.0
SHP0287,B0287,V037,Coimbatore,Mumbai,2026-08-06 05:24:00,2026-08-06 06:44:00,Completed,Cheese,Chilled,2.0,8.0,193,2026-08-09,Refrigerated Truck,2500.0,17,17,0,0,5.068235294117647,4.25,5.69,70.14,70,Reliable,17,0,0.0,Compliant,1,1,0,0.3,0.3,Valid,3,3,0,Coimbatore Hub -> Salem Hub -> Pune DC,Complete,Complete,6,0,0,0,0,0,High,Normal,Compliant,All compliance checks passed,Shipment passed the automated compliance checks.,4,100.0
SHP0288,B0288,V092,Salem,Kochi,2026-08-02 09:16:00,2026-08-02 11:22:00,Completed,Cheese,Chilled,2.0,8.0,208,2026-08-29,Refrigerated Van,500.0,26,26,0,0,5.852692307692307,4.43,11.03,74.27,70,Review,26,4,20.0,Critical,1,0,1,0.398,0.398,Review,3,2,1,Salem Hub -> Madurai Store -> Salem Hub,Incomplete,Review,8,1,22,0,0,50,Moderate,Delayed,Non-Compliant,Temperature: Critical; Calibration issue; Missing custody signature; Traffic delay,Shipment is non-compliant based on critical compliance evidence.,4,100.0
SHP0289,B0289,V001,Coimbatore,Bengaluru,2026-08-04 07:00:00,2026-08-04 10:49:00,Completed,Fresh Milk,Chilled,2.0,8.0,237,2026-08-06,Refrigerated Van,500.0,46,45,1,0,4.972222222222222,4.09,5.75,70.94,70,Partial,46,0,0.0,Compliant,1,1,0,0.359,0.359,Valid,3,2,1,Salem Hub -> Pune DC -> Chennai Warehouse,Incomplete,Review,7,0,0,0,0,27,High,Normal,Review,Missing custody signature,Shipment requires auditor review because one or more evidence sources contain exceptions.,4,100.0
SHP0290,B0290,V045,Pune,Coimbatore,2026-08-03 05:09:00,2026-08-03 08:54:00,Completed,Fresh Cream,Chilled,2.0,8.0,112,2026-08-21,Refrigerated Truck,2000.0,46,46,0,0,4.919347826086956,4.09,6.03,70.47,73,Review,46,0,0.0,Compliant,1,0,1,0.902,0.902,Review,2,2,0,Salem Hub -> Madurai Store,Complete,Complete,8,0,0,0,0,77,High,Normal,Review,Calibration issue,Shipment requires auditor review because one or more evidence sources contain exceptions.,4,100.0
SHP0291,B0291,V090,Bengaluru,Chennai,2026-08-03 10:39:00,2026-08-03 14:13:00,Completed,Fresh Paneer,Chilled,2.0,8.0,72,2026-08-06,Refrigerated Truck,3000.0,43,42,1,0,5.021904761904762,3.8,5.98,70.26,70,Review,43,0,0.0,Compliant,1,0,1,0.953,0.953,Review,2,2,0,Madurai Store -> Kochi Hub,Complete,Complete,5,0,0,0,0,44,High,Normal,Review,Calibration issue,Shipment requires auditor review because one or more evidence sources contain exceptions.,4,100.0
SHP0292,B0292,V079,Pune,Bengaluru,2026-08-03 09:22:00,2026-08-03 10:59:00,Completed,Fresh Paneer,Chilled,2.0,8.0,176,2026-08-18,Refrigerated Van,500.0,20,20,0,0,4.7955,3.92,5.89,70.83,70,Reliable,20,0,0.0,Compliant,1,1,0,0.071,0.071,Valid,4,3,1,Kochi Hub -> Salem Hub -> Pune DC -> Madurai Store,Incomplete,Review,8,0,0,0,0,67,High,Normal,Review,Missing custody signature,Shipment requires auditor review because one or more evidence sources contain exceptions.,4,100.0
SHP0293,B0293,V098,Madurai,Mumbai,2026-08-01 06:11:00,2026-08-01 11:37:00,Completed,Yogurt,Chilled,2.0,8.0,247,2026-08-15,Refrigerated Truck,3000.0,66,65,1,0,5.046769230769231,4.07,6.02,70.03,70,Review,66,0,0.0,Compliant,1,0,1,0.281,0.281,Review,2,2,0,Salem Hub -> Hyderabad DC,Complete,Complete,6,0,0,0,0,15,High,Normal,Review,Calibration issue,Shipment requires auditor review because one or more evidence sources contain exceptions.,4,100.0
SHP0294,B0294,V037,Bangalore,Mumbai,2026-08-01 06:26:00,2026-08-01 12:04:00,Completed,Fresh Milk,Chilled,2.0,8.0,200,2026-08-23,Refrigerated Truck,2500.0,68,68,0,0,5.060588235294118,4.19,5.81,71.1,71,Reliable,68,0,0.0,Compliant,1,1,0,0.3,0.3,Valid,3,3,0,Kochi Hub -> Bangalore DC -> Hyderabad DC,Complete,Complete,6,1,56,0,0,112,Moderate,Delayed,Compliant,Traffic delay,Shipment passed the automated compliance checks.,4,100.0
SHP0295,B0295,V021,Mumbai,Salem,2026-08-05 05:22:00,2026-08-05 08:15:00,Completed,Fresh Paneer,Chilled,2.0,8.0,49,2026-08-06,Refrigerated Truck,2500.0,35,35,0,0,5.014,4.12,5.78,72.09,71,Review,35,0,0.0,Compliant,1,0,1,0.128,0.128,Review,4,4,0,Bangalore DC -> Bangalore DC -> Pune DC -> Pune DC,Complete,Complete,8,0,0,0,0,0,High,Normal,Review,Calibration issue,Shipment requires auditor review because one or more evidence sources contain exceptions.,4,100.0
SHP0296,B0296,V026,Hyderabad,Madurai,2026-08-03 07:23:00,2026-08-03 10:53:00,Completed,Fresh Paneer,Chilled,2.0,8.0,282,2026-08-29,Refrigerated Truck,2500.0,43,43,0,0,4.984651162790698,4.19,6.01,72.0,70,Reliable,43,0,0.0,Compliant,1,1,0,0.07,0.07,Valid,2,2,0,Chennai Warehouse -> Madurai Store,Complete,Complete,8,0,0,0,0,0,High,Normal,Compliant,All compliance checks passed,Shipment passed the automated compliance checks.,4,100.0
SHP0297,B0297,V100,Hyderabad,Bengaluru,2026-08-07 09:30:00,2026-08-07 15:17:00,Completed,Frozen Peas,Frozen,-25.0,-18.0,93,2026-08-31,Refrigerated Truck,1500.0,70,69,1,0,-20.95101449275362,-21.86,-19.82,70.24,70,Partial,70,0,0.0,Compliant,1,1,0,0.174,0.174,Valid,3,3,0,Salem Hub -> Pune DC -> Hyderabad DC,Complete,Complete,7,1,16,0,0,56,Moderate,Delayed,Compliant,Traffic delay,Shipment passed the automated compliance checks.,4,100.0
SHP0298,B0298,V093,Chennai,Bangalore,2026-08-01 10:22:00,2026-08-01 15:10:00,Completed,Fresh Milk,Chilled,2.0,8.0,84,2026-08-06,Refrigerated Truck,2500.0,58,58,0,0,5.045344827586207,4.19,5.82,70.0,70,Reliable,58,0,0.0,Compliant,1,1,0,0.149,0.149,Valid,3,3,0,Hyderabad DC -> Bangalore DC -> Bangalore DC,Complete,Complete,5,0,0,0,0,13,High,Normal,Compliant,All compliance checks passed,Shipment passed the automated compliance checks.,4,100.0
SHP0299,B0299,V004,Hyderabad,Bengaluru,2026-08-06 09:15:00,2026-08-06 10:35:00,Completed,Frozen Mixed Vegetables,Frozen,-25.0,-18.0,205,2026-08-16,Refrigerated Van,500.0,17,17,0,0,-21.123529411764707,-21.97,-20.62,71.0,72,Review,17,0,0.0,Compliant,1,0,1,0.8,0.8,Review,4,4,0,Kochi Hub -> Chennai Warehouse -> Bangalore DC -> Salem Hub,Complete,Complete,8,0,0,0,0,54,High,Normal,Review,Calibration issue,Shipment requires auditor review because one or more evidence sources contain exceptions.,4,100.0
SHP0300,B0300,V065,Madurai,Salem,2026-08-01 05:24:00,2026-08-01 08:35:00,Completed,Frozen Paneer,Frozen,-25.0,-18.0,98,2026-08-25,Refrigerated Van,500.0,39,39,0,0,-20.607179487179486,-21.95,-16.01,71.43,70,Reliable,39,4,20.0,Critical,1,1,0,0.312,0.312,Valid,2,2,0,Chennai Warehouse -> Chennai Warehouse,Complete,Complete,5,0,0,0,0,0,High,Normal,Non-Compliant,Temperature: Critical,Shipment is non-compliant based on critical compliance evidence.,4,100.0
SHP0301,B0301,V032,Mumbai,Kochi,2026-08-03 05:58:00,2026-08-03 11:22:00,Completed,Fresh Paneer,Chilled,2.0,8.0,210,2026-08-18,Refrigerated Van,1200.0,65,65,0,0,4.982615384615385,4.09,5.95,71.0,70,Reliable,65,0,0.0,Compliant,1,1,0,0.252,0.252,Valid,2,2,0,Chennai Warehouse -> Pune DC,Complete,Complete,8,0,0,0,0,38,High,Normal,Compliant,All compliance checks passed,Shipment passed the automated compliance checks.,4,100.0
SHP0302,B0302,V064,Madurai,Mumbai,2026-08-07 09:28:00,2026-08-07 14:37:00,Completed,Frozen Paneer,Frozen,-25.0,-18.0,90,2026-08-20,Refrigerated Truck,2500.0,62,62,0,0,-21.00548387096774,-21.72,-20.13,70.08,70,Review,62,0,0.0,Compliant,1,0,1,0.313,0.313,Review,2,2,0,Madurai Store -> Pune DC,Complete,Complete,8,1,35,1,30,65,Low,Deviation,Review,Calibration issue; Route deviation,Shipment requires auditor review because one or more evidence sources contain exceptions.,4,100.0
SHP0303,B0303,V035,Chennai,Kochi,2026-08-04 10:12:00,2026-08-04 13:56:00,Completed,Cheese,Chilled,2.0,8.0,180,2026-08-24,Refrigerated Van,750.0,45,45,0,0,4.964,4.39,5.84,71.66,71,Reliable,45,0,0.0,Compliant,1,1,0,0.113,0.113,Valid,3,2,1,Coimbatore Hub -> Hyderabad DC -> Hyderabad DC,Incomplete,Review,5,0,0,0,0,5,High,Normal,Review,Missing custody signature,Shipment requires auditor review because one or more evidence sources contain exceptions.,4,100.0
SHP0304,B0304,V063,Mumbai,Bangalore,2026-08-04 05:10:00,2026-08-04 10:45:00,Completed,Yogurt,Chilled,2.0,8.0,78,2026-08-04,Refrigerated Van,500.0,68,68,0,0,4.999411764705882,4.18,6.19,70.48,70,Reliable,68,0,0.0,Compliant,1,1,0,0.258,0.258,Valid,2,2,0,Hyderabad DC -> Kochi Hub,Complete,Complete,8,0,0,0,0,78,High,Normal,Compliant,All compliance checks passed,Shipment passed the automated compliance checks.,4,100.0
SHP0305,B0305,V019,Mumbai,Chennai,2026-08-07 10:04:00,2026-08-07 12:51:00,Completed,Frozen French Fries,Frozen,-25.0,-18.0,285,2026-08-16,Refrigerated Truck,1500.0,34,34,0,0,-20.970882352941178,-21.93,-20.23,70.27,72,Review,34,0,0.0,Compliant,1,0,1,0.335,0.335,Review,4,3,1,Coimbatore Hub -> Chennai Warehouse -> Kochi Hub -> Pune DC,Incomplete,Review,7,0,0,0,0,31,High,Normal,Non-Compliant,Calibration issue; Missing custody signature,Shipment is non-compliant based on critical compliance evidence.,4,100.0
SHP0306,B0306,V083,Hyderabad,Salem,2026-08-03 05:13:00,2026-08-03 10:48:00,Completed,Frozen Mixed Vegetables,Frozen,-25.0,-18.0,153,2026-08-26,Refrigerated Van,1000.0,68,68,0,0,-20.726029411764706,-21.98,-2.91,71.25,70,Reliable,68,1,5.0,Warning,1,1,0,0.331,0.331,Valid,2,2,0,Pune DC -> Hyderabad DC,Complete,Complete,6,1,56,0,0,74,Moderate,Delayed,Review,Temperature: Warning; Traffic delay,Shipment requires auditor review because one or more evidence sources contain exceptions.,4,100.0
SHP0307,B0307,V046,Salem,Bangalore,2026-08-03 10:43:00,2026-08-03 13:01:00,Completed,Yogurt,Chilled,2.0,8.0,166,2026-08-26,Refrigerated Van,1200.0,28,28,0,0,5.065714285714286,4.3,5.91,70.24,71,Reliable,28,0,0.0,Compliant,1,1,0,0.37,0.37,Valid,3,3,0,Hyderabad DC -> Chennai Warehouse -> Bangalore DC,Complete,Complete,5,0,0,0,0,39,High,Normal,Compliant,All compliance checks passed,Shipment passed the automated compliance checks.,4,100.0
SHP0308,B0308,V007,Chennai,Pune,2026-08-04 10:21:00,2026-08-04 11:40:00,Completed,Yogurt,Chilled,2.0,8.0,82,2026-08-08,Refrigerated Van,750.0,16,16,0,0,4.983125,4.3,5.88,71.23,70,Reliable,16,0,0.0,Compliant,1,1,0,0.357,0.357,Valid,4,3,1,Bangalore DC -> Chennai Warehouse -> Salem Hub -> Kochi Hub,Incomplete,Review,8,1,22,0,0,90,Moderate,Delayed,Review,Missing custody signature; Traffic delay,Shipment requires auditor review because one or more evidence sources contain exceptions.,4,100.0
SHP0309,B0309,V075,Bangalore,Chennai,2026-08-05 06:50:00,2026-08-05 09:58:00,Completed,Frozen French Fries,Frozen,-25.0,-18.0,108,2026-08-26,Refrigerated Van,750.0,38,38,0,0,-20.62842105263158,-22.11,-7.82,72.06,70,Reliable,38,1,5.0,Warning,1,1,0,0.058,0.058,Valid,2,2,0,Coimbatore Hub -> Salem Hub,Complete,Complete,8,0,0,0,0,57,High,Normal,Review,Temperature: Warning,Shipment requires auditor review because one or more evidence sources contain exceptions.,4,100.0
SHP0310,B0310,V011,Mumbai,Bangalore,2026-08-05 09:52:00,2026-08-05 12:48:00,Completed,Fresh Milk,Chilled,2.0,8.0,183,2026-08-25,Refrigerated Van,750.0,36,36,0,0,4.985277777777778,4.3,5.57,70.08,70,Reliable,36,0,0.0,Compliant,1,1,0,0.318,0.318,Valid,2,1,1,Kochi Hub -> Salem Hub,Incomplete,Review,5,0,0,0,0,13,High,Normal,Review,Missing custody signature,Shipment requires auditor review because one or more evidence sources contain exceptions.,4,100.0
SHP0311,B0311,V041,Kochi,Salem,2026-08-04 08:28:00,2026-08-04 12:55:00,Completed,Fresh Milk,Chilled,2.0,8.0,297,2026-08-13,Refrigerated Truck,2000.0,54,54,0,0,4.937962962962963,4.11,5.86,70.58,70,Reliable,54,0,0.0,Compliant,1,1,0,0.373,0.373,Valid,4,4,0,Chennai Warehouse -> Coimbatore Hub -> Bangalore DC -> Hyderabad DC,Complete,Complete,7,0,0,0,0,0,High,Normal,Compliant,All compliance checks passed,Shipment passed the automated compliance checks.,4,100.0
SHP0312,B0312,V028,Salem,Madurai,2026-08-07 05:24:00,2026-08-07 07:24:00,Completed,Yogurt,Chilled,2.0,8.0,109,2026-08-29,Refrigerated Van,1000.0,25,25,0,0,5.0064,4.29,6.14,71.36,71,Reliable,25,0,0.0,Compliant,1,1,0,0.143,0.143,Valid,2,1,1,Hyderabad DC -> Madurai Store,Incomplete,Review,7,0,0,0,0,19,High,Normal,Review,Missing custody signature,Shipment requires auditor review because one or more evidence sources contain exceptions.,4,100.0
SHP0313,B0313,V056,Mumbai,Chennai,2026-08-04 10:46:00,2026-08-04 12:18:00,Completed,Fresh Cream,Chilled,2.0,8.0,134,2026-08-07,Refrigerated Van,1200.0,19,19,0,0,4.854210526315789,3.97,5.54,70.76,70,Reliable,19,0,0.0,Compliant,1,1,0,0.191,0.191,Valid,4,4,0,Chennai Warehouse -> Hyderabad DC -> Pune DC -> Coimbatore Hub,Complete,Complete,5,1,54,0,0,54,Moderate,Delayed,Compliant,Traffic delay,Shipment passed the automated compliance checks.,4,100.0
SHP0314,B0314,V082,Bengaluru,Chennai,2026-08-04 10:54:00,2026-08-04 12:31:00,Completed,Frozen Corn,Frozen,-25.0,-18.0,141,2026-08-29,Refrigerated Truck,1500.0,20,20,0,0,-20.959,-21.81,-20.15,72.27,72,Reliable,20,0,0.0,Compliant,1,1,0,0.251,0.251,Valid,3,2,1,Bangalore DC -> Chennai Warehouse -> Madurai Store,Incomplete,Review,8,0,0,0,0,44,High,Normal,Review,Missing custody signature,Shipment requires auditor review because one or more evidence sources contain exceptions.,4,100.0
SHP0315,B0315,V056,Madurai,Mumbai,2026-08-02 05:18:00,2026-08-02 08:52:00,Completed,Fresh Milk,Chilled,2.0,8.0,204,2026-08-21,Refrigerated Van,1200.0,43,43,0,0,4.972325581395348,4.08,5.64,70.05,70,Review,43,0,0.0,Compliant,1,0,1,1.041,1.041,Review,4,3,1,Hyderabad DC -> Pune DC -> Salem Hub -> Hyderabad DC,Incomplete,Review,6,0,0,0,0,0,High,Normal,Non-Compliant,Calibration issue; Missing custody signature,Shipment is non-compliant based on critical compliance evidence.,4,100.0
SHP0316,B0316,V054,Bengaluru,Bangalore,2026-08-02 07:48:00,2026-08-02 12:32:00,Completed,Cheese,Chilled,2.0,8.0,86,2026-08-23,Refrigerated Truck,1500.0,57,57,0,0,5.067368421052632,4.3,5.94,70.13,70,Reliable,57,0,0.0,Compliant,1,1,0,0.325,0.325,Valid,3,3,0,Madurai Store -> Coimbatore Hub -> Hyderabad DC,Complete,Complete,7,0,0,0,0,31,High,Normal,Compliant,All compliance checks passed,Shipment passed the automated compliance checks.,4,100.0
SHP0317,B0317,V050,Salem,Chennai,2026-08-01 08:10:00,2026-08-01 13:43:00,Completed,Frozen Peas,Frozen,-25.0,-18.0,178,2026-08-16,Refrigerated Van,1200.0,67,67,0,0,-20.936119402985074,-21.85,-19.93,70.14,70,Reliable,67,0,0.0,Compliant,1,1,0,0.131,0.131,Valid,3,2,1,Chennai Warehouse -> Madurai Store -> Hyderabad DC,Incomplete,Review,8,1,45,0,0,78,Moderate,Delayed,Review,Missing custody signature; Traffic delay,Shipment requires auditor review because one or more evidence sources contain exceptions.,4,100.0
SHP0318,B0318,V001,Hyderabad,Coimbatore,2026-08-01 10:25:00,2026-08-01 16:04:00,Completed,Fresh Cream,Chilled,2.0,8.0,230,2026-08-28,Refrigerated Van,500.0,68,68,0,0,5.041029411764706,4.01,6.22,70.74,71,Reliable,68,0,0.0,Compliant,1,1,0,0.359,0.359,Valid,2,1,1,Coimbatore Hub -> Salem Hub,Incomplete,Review,6,1,46,0,0,46,Moderate,Delayed,Review,Missing custody signature; Traffic delay,Shipment requires auditor review because one or more evidence sources contain exceptions.,4,100.0
SHP0319,B0319,V092,Kochi,Coimbatore,2026-08-06 07:43:00,2026-08-06 11:54:00,Completed,Fresh Cream,Chilled,2.0,8.0,57,2026-08-08,Refrigerated Van,500.0,51,51,0,0,5.067647058823529,4.13,6.37,70.13,70,Reliable,51,0,0.0,Compliant,1,1,0,0.27,0.27,Valid,4,2,2,Madurai Store -> Madurai Store -> Salem Hub -> Madurai Store,Incomplete,Review,5,0,0,1,53,53,Low,Deviation,Review,Missing custody signature; Route deviation,Shipment requires auditor review because one or more evidence sources contain exceptions.,4,100.0
SHP0320,B0320,V016,Chennai,Mumbai,2026-08-06 09:09:00,2026-08-06 11:12:00,Completed,Fresh Milk,Chilled,2.0,8.0,250,2026-08-18,Refrigerated Truck,1500.0,25,24,1,0,5.029166666666667,4.19,6.05,70.31,71,Partial,25,0,0.0,Compliant,1,1,0,0.341,0.341,Valid,4,4,0,Madurai Store -> Pune DC -> Coimbatore Hub -> Coimbatore Hub,Complete,Complete,6,0,0,1,54,65,Low,Deviation,Review,Route deviation,Shipment requires auditor review because one or more evidence sources contain exceptions.,4,100.0
SHP0321,B0321,V085,Chennai,Bengaluru,2026-08-03 09:25:00,2026-08-03 15:00:00,Completed,Yogurt,Chilled,2.0,8.0,113,2026-08-28,Refrigerated Van,1200.0,68,68,0,0,5.039558823529412,4.06,5.95,72.99,70,Reliable,68,0,0.0,Compliant,1,1,0,0.381,0.381,Valid,2,2,0,Chennai Warehouse -> Bangalore DC,Complete,Complete,5,0,0,0,0,0,High,Normal,Compliant,All compliance checks passed,Shipment passed the automated compliance checks.,4,100.0
SHP0322,B0322,V047,Mumbai,Bangalore,2026-08-03 07:13:00,2026-08-03 11:09:00,Completed,Frozen French Fries,Frozen,-25.0,-18.0,277,2026-08-31,Refrigerated Van,500.0,48,48,0,0,-21.071875,-21.9,-20.45,70.38,70,Review,48,0,0.0,Compliant,1,0,1,0.739,0.739,Review,2,2,0,Pune DC -> Bangalore DC,Complete,Complete,6,0,0,0,0,14,High,Normal,Review,Calibration issue,Shipment requires auditor review because one or more evidence sources contain exceptions.,4,100.0
SHP0323,B0323,V019,Hyderabad,Salem,2026-08-06 10:54:00,2026-08-06 16:16:00,Completed,Frozen Peas,Frozen,-25.0,-18.0,285,2026-08-08,Refrigerated Truck,1500.0,65,65,0,0,-20.412307692307692,-22.13,-2.28,70.58,70,Review,65,5,25.0,Critical,1,0,1,0.335,0.335,Review,2,2,0,Bangalore DC -> Bangalore DC,Complete,Complete,6,0,0,0,0,33,High,Normal,Non-Compliant,Temperature: Critical; Calibration issue,Shipment is non-compliant based on critical compliance evidence.,4,100.0
SHP0324,B0324,V010,Coimbatore,Hyderabad,2026-08-01 09:53:00,2026-08-01 13:02:00,Completed,Yogurt,Chilled,2.0,8.0,102,2026-08-14,Refrigerated Truck,2500.0,38,38,0,0,5.0131578947368425,4.19,5.84,71.26,70,Reliable,38,0,0.0,Compliant,1,1,0,0.291,0.291,Valid,4,4,0,Bangalore DC -> Hyderabad DC -> Bangalore DC -> Coimbatore Hub,Complete,Complete,8,0,0,0,0,0,High,Normal,Compliant,All compliance checks passed,Shipment passed the automated compliance checks.,4,100.0
SHP0325,B0325,V028,Hyderabad,Bangalore,2026-08-05 06:42:00,2026-08-05 12:32:00,Completed,Frozen Mixed Vegetables,Frozen,-25.0,-18.0,285,2026-08-13,Refrigerated Van,1000.0,71,71,0,0,-20.680281690140845,-22.23,-1.9,70.05,70,Reliable,71,1,5.0,Warning,1,1,0,0.143,0.143,Valid,3,3,0,Coimbatore Hub -> Chennai Warehouse -> Coimbatore Hub,Complete,Complete,5,0,0,0,0,0,High,Normal,Review,Temperature: Warning,Shipment requires auditor review because one or more evidence sources contain exceptions.,4,100.0
SHP0326,B0326,V099,Chennai,Mumbai,2026-08-06 08:41:00,2026-08-06 14:22:00,Completed,Frozen Mixed Vegetables,Frozen,-25.0,-18.0,120,2026-08-24,Refrigerated Van,500.0,69,69,0,0,-20.72840579710145,-21.83,-15.07,70.38,70,Reliable,69,4,20.0,Critical,1,1,0,0.127,0.127,Valid,2,2,0,Hyderabad DC -> Coimbatore Hub,Complete,Complete,6,0,0,0,0,39,High,Normal,Non-Compliant,Temperature: Critical,Shipment is non-compliant based on critical compliance evidence.,4,100.0
SHP0327,B0327,V022,Bangalore,Kochi,2026-08-07 10:04:00,2026-08-07 13:12:00,Completed,Yogurt,Chilled,2.0,8.0,175,2026-08-23,Refrigerated Van,500.0,38,38,0,0,4.99921052631579,4.11,5.82,72.56,71,Review,38,0,0.0,Compliant,1,0,1,0.989,0.989,Review,4,4,0,Pune DC -> Hyderabad DC -> Madurai Store -> Bangalore DC,Complete,Complete,8,1,40,0,0,77,Moderate,Delayed,Review,Calibration issue; Traffic delay,Shipment requires auditor review because one or more evidence sources contain exceptions.,4,100.0
SHP0328,B0328,V033,Bangalore,Hyderabad,2026-08-02 10:37:00,2026-08-02 15:46:00,Completed,Frozen Paneer,Frozen,-25.0,-18.0,106,2026-08-22,Refrigerated Truck,2500.0,62,62,0,0,-20.658870967741937,-21.89,-15.89,70.07,70,Reliable,62,4,20.0,Critical,1,1,0,0.12,0.12,Valid,3,3,0,Kochi Hub -> Salem Hub -> Pune DC,Complete,Complete,8,0,0,0,0,31,High,Normal,Non-Compliant,Temperature: Critical,Shipment is non-compliant based on critical compliance evidence.,4,100.0
SHP0329,B0329,V071,Madurai,Coimbatore,2026-08-01 10:41:00,2026-08-01 13:41:00,Completed,Frozen Corn,Frozen,-25.0,-18.0,192,2026-08-30,Refrigerated Truck,2000.0,37,37,0,0,-20.987027027027025,-21.95,-20.11,71.11,70,Review,37,0,0.0,Compliant,1,0,1,0.367,0.367,Review,3,2,1,Chennai Warehouse -> Pune DC -> Chennai Warehouse,Incomplete,Review,8,0,0,1,20,52,Low,Deviation,Non-Compliant,Calibration issue; Missing custody signature; Route deviation,Shipment is non-compliant based on critical compliance evidence.,4,100.0
SHP0330,B0330,V097,Bangalore,Kochi,2026-08-06 09:04:00,2026-08-06 11:43:00,Completed,Frozen Peas,Frozen,-25.0,-18.0,61,2026-08-05,Refrigerated Truck,2000.0,32,32,0,0,-21.10375,-21.95,-20.08,71.0,70,Reliable,32,0,0.0,Compliant,1,1,0,0.201,0.201,Valid,2,2,0,Pune DC -> Bangalore DC,Complete,Complete,6,0,0,0,0,36,High,Normal,Compliant,All compliance checks passed,Shipment passed the automated compliance checks.,4,100.0
SHP0331,B0331,V010,Madurai,Pune,2026-08-05 08:21:00,2026-08-05 11:57:00,Completed,Yogurt,Chilled,2.0,8.0,233,2026-08-23,Refrigerated Truck,2500.0,44,44,0,0,5.098863636363636,3.96,5.98,70.15,71,Reliable,44,0,0.0,Compliant,1,1,0,0.291,0.291,Valid,3,2,1,Salem Hub -> Hyderabad DC -> Coimbatore Hub,Incomplete,Review,5,2,83,0,0,98,Moderate,Delayed,Review,Missing custody signature; Traffic delay,Shipment requires auditor review because one or more evidence sources contain exceptions.,4,100.0
SHP0332,B0332,V080,Bengaluru,Coimbatore,2026-08-06 09:36:00,2026-08-06 13:42:00,Completed,Frozen French Fries,Frozen,-25.0,-18.0,299,2026-08-13,Refrigerated Van,750.0,50,50,0,0,-20.9286,-21.93,-20.21,70.45,72,Reliable,50,0,0.0,Compliant,1,1,0,0.091,0.091,Valid,4,3,1,Pune DC -> Coimbatore Hub -> Coimbatore Hub -> Salem Hub,Incomplete,Review,7,0,0,0,0,58,High,Normal,Review,Missing custody signature,Shipment requires auditor review because one or more evidence sources contain exceptions.,4,100.0
SHP0333,B0333,V030,Madurai,Salem,2026-08-04 06:00:00,2026-08-04 09:40:00,Completed,Cheese,Chilled,2.0,8.0,145,2026-08-29,Refrigerated Truck,1500.0,45,45,0,0,4.9495555555555555,3.84,5.86,70.2,70,Reliable,45,0,0.0,Compliant,1,1,0,0.141,0.141,Valid,2,2,0,Hyderabad DC -> Bangalore DC,Complete,Complete,5,1,43,0,0,43,Moderate,Delayed,Compliant,Traffic delay,Shipment passed the automated compliance checks.,4,100.0
SHP0334,B0334,V046,Hyderabad,Salem,2026-08-06 07:53:00,2026-08-06 11:57:00,Completed,Fresh Paneer,Chilled,2.0,8.0,252,2026-08-06,Refrigerated Van,1200.0,49,49,0,0,5.067142857142857,3.82,6.31,70.08,70,Reliable,49,0,0.0,Compliant,1,1,0,0.37,0.37,Valid,3,3,0,Madurai Store -> Salem Hub -> Chennai Warehouse,Complete,Complete,7,0,0,1,19,32,Low,Deviation,Review,Route deviation,Shipment requires auditor review because one or more evidence sources contain exceptions.,4,100.0
SHP0335,B0335,V034,Coimbatore,Madurai,2026-08-01 08:29:00,2026-08-01 13:17:00,Completed,Frozen Corn,Frozen,-25.0,-18.0,245,2026-08-17,Refrigerated Van,1000.0,58,58,0,0,-20.999827586206898,-21.73,-20.01,70.04,70,Reliable,58,0,0.0,Compliant,1,1,0,0.373,0.373,Valid,4,4,0,Bangalore DC -> Coimbatore Hub -> Kochi Hub -> Salem Hub,Complete,Complete,6,1,50,0,0,50,Moderate,Delayed,Compliant,Traffic delay,Shipment passed the automated compliance checks.,4,100.0
SHP0336,B0336,V050,Madurai,Kochi,2026-08-04 08:35:00,2026-08-04 10:30:00,Completed,Cheese,Chilled,2.0,8.0,124,2026-08-14,Refrigerated Van,1200.0,24,24,0,0,5.882083333333333,4.6,11.48,70.56,74,Reliable,24,4,20.0,Critical,1,1,0,0.37,0.37,Valid,2,2,0,Hyderabad DC -> Hyderabad DC,Complete,Complete,8,0,0,1,83,117,Low,Deviation,Non-Compliant,Temperature: Critical; Route deviation,Shipment is non-compliant based on critical compliance evidence.,4,100.0
SHP0337,B0337,V064,Coimbatore,Bengaluru,2026-08-03 05:53:00,2026-08-03 09:16:00,Completed,Frozen Mixed Vegetables,Frozen,-25.0,-18.0,183,2026-08-27,Refrigerated Truck,2500.0,41,41,0,0,-21.023170731707317,-21.86,-20.09,70.02,70,Review,41,0,0.0,Compliant,1,0,1,0.313,0.313,Review,4,4,0,Coimbatore Hub -> Hyderabad DC -> Kochi Hub -> Hyderabad DC,Complete,Complete,8,0,0,0,0,31,High,Normal,Review,Calibration issue,Shipment requires auditor review because one or more evidence sources contain exceptions.,4,100.0
SHP0338,B0338,V036,Coimbatore,Mumbai,2026-08-04 06:16:00,2026-08-04 07:55:00,Completed,Cheese,Chilled,2.0,8.0,86,2026-08-28,Refrigerated Van,1000.0,20,20,0,0,4.9015,3.93,5.86,71.53,70,Reliable,20,0,0.0,Compliant,1,1,0,0.259,0.259,Valid,4,4,0,Madurai Store -> Chennai Warehouse -> Kochi Hub -> Pune DC,Complete,Complete,5,0,0,0,0,0,High,Normal,Compliant,All compliance checks passed,Shipment passed the automated compliance checks.,4,100.0
SHP0339,B0339,V061,Bangalore,Chennai,2026-08-04 09:40:00,2026-08-04 10:55:00,Completed,Fresh Cream,Chilled,2.0,8.0,74,2026-08-14,Refrigerated Van,500.0,16,16,0,0,4.924375,4.04,5.54,70.93,71,Review,16,0,0.0,Compliant,1,0,1,0.249,0.249,Review,3,2,1,Madurai Store -> Coimbatore Hub -> Hyderabad DC,Incomplete,Review,5,1,23,1,25,48,Low,Deviation,Non-Compliant,Calibration issue; Missing custody signature; Route deviation,Shipment is non-compliant based on critical compliance evidence.,4,100.0
SHP0340,B0340,V093,Bengaluru,Salem,2026-08-03 09:13:00,2026-08-03 10:31:00,Completed,Frozen French Fries,Frozen,-25.0,-18.0,82,2026-08-12,Refrigerated Truck,2500.0,16,16,0,4,-20.916875,-21.77,-20.04,74.7,0,Partial,16,0,0.0,Compliant,1,1,0,0.149,0.149,Valid,3,3,0,Salem Hub -> Kochi Hub -> Pune DC,Complete,Complete,5,0,0,1,71,76,Low,Deviation,Review,Route deviation,Shipment requires auditor review because one or more evidence sources contain exceptions.,4,100.0
SHP0341,B0341,V018,Mumbai,Kochi,2026-08-04 09:57:00,2026-08-04 15:33:00,Completed,Yogurt,Chilled,2.0,8.0,92,2026-08-07,Refrigerated Truck,1500.0,68,68,0,0,5.403088235294118,4.22,11.38,70.88,70,Reliable,68,4,20.0,Critical,1,1,0,0.116,0.116,Valid,4,4,0,Hyderabad DC -> Salem Hub -> Salem Hub -> Coimbatore Hub,Complete,Complete,7,1,13,0,0,13,Moderate,Delayed,Non-Compliant,Temperature: Critical; Traffic delay,Shipment is non-compliant based on critical compliance evidence.,4,100.0
SHP0342,B0342,V085,Pune,Coimbatore,2026-08-07 07:25:00,2026-08-07 10:19:00,Completed,Frozen Mixed Vegetables,Frozen,-25.0,-18.0,216,2026-08-31,Refrigerated Van,1200.0,35,35,0,0,-20.895714285714284,-21.7,-20.06,71.26,70,Reliable,35,0,0.0,Compliant,1,1,0,0.391,0.391,Valid,4,4,0,Madurai Store -> Kochi Hub -> Bangalore DC -> Chennai Warehouse,Complete,Complete,7,0,0,0,0,57,High,Normal,Compliant,All compliance checks passed,Shipment passed the automated compliance checks.,4,100.0
SHP0343,B0343,V051,Bengaluru,Kochi,2026-08-06 06:29:00,2026-08-06 11:45:00,Completed,Yogurt,Chilled,2.0,8.0,101,2026-08-30,Refrigerated Truck,3000.0,64,64,0,0,4.98328125,3.87,5.96,70.04,70,Reliable,64,0,0.0,Compliant,1,1,0,0.209,0.209,Valid,3,3,0,Kochi Hub -> Salem Hub -> Pune DC,Complete,Complete,5,0,0,0,0,0,High,Normal,Compliant,All compliance checks passed,Shipment passed the automated compliance checks.,4,100.0
SHP0344,B0344,V075,Mumbai,Bangalore,2026-08-07 08:23:00,2026-08-07 13:40:00,Completed,Fresh Cream,Chilled,2.0,8.0,180,2026-08-10,Refrigerated Van,750.0,64,64,0,0,5.3503125,3.95,10.88,70.02,70,Reliable,64,4,20.0,Critical,1,1,0,0.368,0.368,Valid,4,3,1,Madurai Store -> Pune DC -> Salem Hub -> Coimbatore Hub,Incomplete,Review,8,1,21,0,0,29,Moderate,Delayed,Non-Compliant,Temperature: Critical; Missing custody signature; Traffic delay,Shipment is non-compliant based on critical compliance evidence.,4,100.0
SHP0345,B0345,V070,Chennai,Hyderabad,2026-08-07 09:43:00,2026-08-07 12:07:00,Completed,Frozen French Fries,Frozen,-25.0,-18.0,283,2026-08-18,Refrigerated Van,1000.0,29,29,0,0,-21.03655172413793,-21.7,-20.42,71.05,70,Reliable,29,0,0.0,Compliant,1,1,0,0.13,0.13,Valid,3,3,0,Chennai Warehouse -> Hyderabad DC -> Salem Hub,Complete,Complete,8,0,0,0,0,45,High,Normal,Compliant,All compliance checks passed,Shipment passed the automated compliance checks.,4,100.0
SHP0346,B0346,V023,Mumbai,Coimbatore,2026-08-03 08:10:00,2026-08-03 10:41:00,Completed,Fresh Paneer,Chilled,2.0,8.0,274,2026-08-04,Refrigerated Van,750.0,31,31,0,0,5.0112903225806456,4.34,5.85,70.26,72,Review,31,0,0.0,Compliant,1,0,1,0.875,0.875,Review,3,3,0,Hyderabad DC -> Coimbatore Hub -> Kochi Hub,Complete,Complete,7,1,13,0,0,78,Moderate,Delayed,Review,Calibration issue; Traffic delay,Shipment requires auditor review because one or more evidence sources contain exceptions.,4,100.0
SHP0347,B0347,V097,Bengaluru,Coimbatore,2026-08-03 10:46:00,2026-08-03 15:53:00,Completed,Frozen French Fries,Frozen,-25.0,-18.0,278,2026-08-18,Refrigerated Truck,2000.0,62,62,0,0,-21.031290322580645,-21.88,-20.07,70.13,70,Reliable,62,0,0.0,Compliant,1,1,0,0.201,0.201,Valid,2,2,0,Salem Hub -> Chennai Warehouse,Complete,Complete,6,1,44,0,0,81,Moderate,Delayed,Compliant,Traffic delay,Shipment passed the automated compliance checks.,4,100.0
SHP0348,B0348,V035,Madurai,Chennai,2026-08-07 06:48:00,2026-08-07 11:57:00,Completed,Frozen Corn,Frozen,-25.0,-18.0,200,2026-08-05,Refrigerated Van,750.0,62,62,0,0,-21.009032258064515,-21.76,-20.34,70.5,70,Reliable,62,0,0.0,Compliant,1,1,0,0.234,0.234,Valid,4,4,0,Madurai Store -> Kochi Hub -> Pune DC -> Chennai Warehouse,Complete,Complete,8,0,0,0,0,35,High,Normal,Compliant,All compliance checks passed,Shipment passed the automated compliance checks.,4,100.0
SHP0349,B0349,V082,Hyderabad,Bangalore,2026-08-05 07:23:00,2026-08-05 10:22:00,Completed,Frozen Mixed Vegetables,Frozen,-25.0,-18.0,273,2026-08-23,Refrigerated Truck,1500.0,36,36,0,0,-21.063333333333333,-22.33,-20.16,70.68,71,Reliable,36,0,0.0,Compliant,1,1,0,0.394,0.394,Valid,4,4,0,Salem Hub -> Chennai Warehouse -> Chennai Warehouse -> Bangalore DC,Complete,Complete,6,0,0,1,86,115,Low,Deviation,Review,Route deviation,Shipment requires auditor review because one or more evidence sources contain exceptions.,4,100.0
SHP0350,B0350,V093,Chennai,Hyderabad,2026-08-02 09:58:00,2026-08-02 14:02:00,Completed,Fresh Paneer,Chilled,2.0,8.0,294,2026-08-04,Refrigerated Truck,2500.0,49,49,0,0,5.0626530612244895,3.7,5.97,70.3,70,Reliable,49,0,0.0,Compliant,1,1,0,0.149,0.149,Valid,4,4,0,Kochi Hub -> Chennai Warehouse -> Kochi Hub -> Bangalore DC,Complete,Complete,6,0,0,0,0,0,High,Normal,Compliant,All compliance checks passed,Shipment passed the automated compliance checks.,4,100.0
SHP0351,B0351,V099,Salem,Pune,2026-08-02 08:56:00,2026-08-02 10:19:00,Completed,Frozen French Fries,Frozen,-25.0,-18.0,88,2026-08-12,Refrigerated Van,500.0,17,17,0,0,-20.898235294117647,-21.36,-20.13,70.76,72,Reliable,17,0,0.0,Compliant,1,1,0,0.127,0.127,Valid,4,3,1,Chennai Warehouse -> Bangalore DC -> Chennai Warehouse -> Hyderabad DC,Incomplete,Review,7,0,0,0,0,39,High,Normal,Review,Missing custody signature,Shipment requires auditor review because one or more evidence sources contain exceptions.,4,100.0
SHP0352,B0352,V086,Chennai,Madurai,2026-08-06 05:45:00,2026-08-06 11:11:00,Completed,Cheese,Chilled,2.0,8.0,207,2026-08-05,Refrigerated Van,1200.0,66,66,0,0,4.958939393939394,2.06,5.92,70.24,70,Reliable,66,0,0.0,Compliant,1,1,0,0.124,0.124,Valid,4,2,2,Hyderabad DC -> Kochi Hub -> Bangalore DC -> Chennai Warehouse,Incomplete,Review,8,0,0,0,0,48,High,Normal,Review,Missing custody signature,Shipment requires auditor review because one or more evidence sources contain exceptions.,4,100.0
SHP0353,B0353,V012,Kochi,Bengaluru,2026-08-06 09:36:00,2026-08-06 12:05:00,Completed,Fresh Milk,Chilled,2.0,8.0,119,2026-08-15,Refrigerated Truck,2500.0,30,30,0,0,4.975333333333333,4.03,5.79,70.34,71,Reliable,30,0,0.0,Compliant,1,1,0,0.242,0.242,Valid,4,4,0,Madurai Store -> Bangalore DC -> Pune DC -> Chennai Warehouse,Complete,Complete,5,0,0,0,0,0,High,Normal,Compliant,All compliance checks passed,Shipment passed the automated compliance checks.,4,100.0
SHP0354,B0354,V042,Salem,Madurai,2026-08-06 09:41:00,2026-08-06 11:20:00,Completed,Fresh Milk,Chilled,2.0,8.0,217,2026-08-20,Refrigerated Truck,2000.0,20,20,0,0,5.042,4.59,5.48,70.78,74,Reliable,20,0,0.0,Compliant,1,1,0,0.15,0.15,Valid,2,2,0,Bangalore DC -> Kochi Hub,Complete,Complete,8,0,0,0,0,76,High,Normal,Compliant,All compliance checks passed,Shipment passed the automated compliance checks.,4,100.0
SHP0355,B0355,V086,Mumbai,Kochi,2026-08-04 08:58:00,2026-08-04 11:52:00,Completed,Fresh Cream,Chilled,2.0,8.0,163,2026-08-30,Refrigerated Van,1200.0,35,35,0,0,4.968,4.17,5.71,70.16,70,Reliable,35,0,0.0,Compliant,1,1,0,0.124,0.124,Valid,3,2,1,Madurai Store -> Coimbatore Hub -> Pune DC,Incomplete,Review,6,0,0,0,0,19,High,Normal,Review,Missing custody signature,Shipment requires auditor review because one or more evidence sources contain exceptions.,4,100.0
SHP0356,B0356,V100,Mumbai,Salem,2026-08-05 07:52:00,2026-08-05 11:48:00,Completed,Frozen Corn,Frozen,-25.0,-18.0,69,2026-08-16,Refrigerated Truck,1500.0,48,48,0,0,-20.933541666666667,-21.73,-20.38,70.72,70,Reliable,48,0,0.0,Compliant,1,1,0,0.174,0.174,Valid,2,2,0,Salem Hub -> Madurai Store,Complete,Complete,8,2,44,0,0,79,Moderate,Delayed,Compliant,Traffic delay,Shipment passed the automated compliance checks.,4,100.0
SHP0357,B0357,V039,Pune,Bengaluru,2026-08-03 05:32:00,2026-08-03 07:43:00,Completed,Fresh Paneer,Chilled,2.0,8.0,207,2026-08-28,Refrigerated Truck,2000.0,27,27,0,0,4.984814814814815,4.28,5.52,70.86,74,Reliable,27,0,0.0,Compliant,1,1,0,0.153,0.153,Valid,2,2,0,Pune DC -> Kochi Hub,Complete,Complete,5,0,0,0,0,23,High,Normal,Compliant,All compliance checks passed,Shipment passed the automated compliance checks.,4,100.0
SHP0358,B0358,V072,Pune,Coimbatore,2026-08-01 06:04:00,2026-08-01 11:27:00,Completed,Frozen Corn,Frozen,-25.0,-18.0,280,2026-08-16,Refrigerated Van,1000.0,65,65,0,0,-20.964307692307692,-21.89,-19.74,70.23,70,Reliable,65,0,0.0,Compliant,1,1,0,0.136,0.136,Valid,3,2,1,Salem Hub -> Madurai Store -> Kochi Hub,Incomplete,Review,7,1,56,0,0,114,Moderate,Delayed,Review,Missing custody signature; Traffic delay,Shipment requires auditor review because one or more evidence sources contain exceptions.,4,100.0
SHP0359,B0359,V081,Kochi,Hyderabad,2026-08-07 06:11:00,2026-08-07 08:31:00,Completed,Frozen Peas,Frozen,-25.0,-18.0,39,2026-08-08,Refrigerated Van,500.0,29,28,1,0,-20.909642857142856,-21.66,-19.87,70.06,72,Partial,29,0,0.0,Compliant,1,1,0,0.343,0.343,Valid,3,3,0,Bangalore DC -> Pune DC -> Bangalore DC,Complete,Complete,8,0,0,0,0,61,High,Normal,Compliant,All compliance checks passed,Shipment passed the automated compliance checks.,4,100.0
SHP0360,B0360,V008,Madurai,Bengaluru,2026-08-06 10:52:00,2026-08-06 12:52:00,Completed,Cheese,Chilled,2.0,8.0,285,2026-08-18,Refrigerated Van,750.0,25,25,0,0,5.0544,4.49,5.62,70.92,71,Review,25,0,0.0,Compliant,1,0,1,0.126,0.126,Review,2,2,0,Chennai Warehouse -> Kochi Hub,Complete,Complete,8,0,0,0,0,38,High,Normal,Review,Calibration issue,Shipment requires auditor review because one or more evidence sources contain exceptions.,4,100.0
SHP0361,B0361,V098,Hyderabad,Salem,2026-08-03 07:46:00,2026-08-03 09:44:00,Completed,Frozen Paneer,Frozen,-25.0,-18.0,283,2026-08-08,Refrigerated Truck,3000.0,24,24,0,4,-21.0975,-21.68,-20.3,71.9,0,Review,24,0,0.0,Compliant,1,0,1,0.281,0.281,Review,4,4,0,Salem Hub -> Salem Hub -> Madurai Store -> Hyderabad DC,Complete,Complete,6,0,0,0,0,0,High,Normal,Review,Calibration issue,Shipment requires auditor review because one or more evidence sources contain exceptions.,4,100.0
SHP0362,B0362,V036,Pune,Hyderabad,2026-08-02 09:10:00,2026-08-02 13:40:00,Completed,Fresh Cream,Chilled,2.0,8.0,183,2026-08-09,Refrigerated Van,1000.0,55,55,0,0,4.957636363636364,4.03,5.76,70.99,70,Reliable,55,0,0.0,Compliant,1,1,0,0.336,0.336,Valid,3,3,0,Hyderabad DC -> Bangalore DC -> Kochi Hub,Complete,Complete,5,0,0,0,0,11,High,Normal,Compliant,All compliance checks passed,Shipment passed the automated compliance checks.,4,100.0
SHP0363,B0363,V060,Chennai,Hyderabad,2026-08-05 05:08:00,2026-08-05 11:01:00,Completed,Fresh Cream,Chilled,2.0,8.0,173,2026-08-22,Refrigerated Van,1000.0,71,71,0,0,4.954366197183099,3.55,5.84,70.9,70,Reliable,71,0,0.0,Compliant,1,1,0,0.305,0.305,Valid,2,2,0,Bangalore DC -> Pune DC,Complete,Complete,7,0,0,0,0,13,High,Normal,Compliant,All compliance checks passed,Shipment passed the automated compliance checks.,4,100.0
SHP0364,B0364,V020,Bengaluru,Coimbatore,2026-08-04 06:40:00,2026-08-04 12:02:00,Completed,Fresh Cream,Chilled,2.0,8.0,280,2026-08-21,Refrigerated Truck,1500.0,65,65,0,0,5.099692307692307,4.13,6.08,70.15,70,Review,65,0,0.0,Compliant,1,0,1,0.703,0.703,Review,2,2,0,Coimbatore Hub -> Pune DC,Complete,Complete,6,0,0,0,0,0,High,Normal,Review,Calibration issue,Shipment requires auditor review because one or more evidence sources contain exceptions.,4,100.0
SHP0365,B0365,V008,Chennai,Bengaluru,2026-08-07 06:03:00,2026-08-07 08:28:00,Completed,Fresh Cream,Chilled,2.0,8.0,173,2026-08-19,Refrigerated Van,750.0,30,30,0,0,5.0986666666666665,4.39,6.07,73.92,70,Reliable,30,0,0.0,Compliant,1,1,0,0.19,0.19,Valid,3,3,0,Kochi Hub -> Kochi Hub -> Kochi Hub,Complete,Complete,5,0,0,0,0,35,High,Normal,Compliant,All compliance checks passed,Shipment passed the automated compliance checks.,4,100.0
SHP0366,B0366,V093,Kochi,Coimbatore,2026-08-04 09:25:00,2026-08-04 15:13:00,Completed,Frozen Mixed Vegetables,Frozen,-25.0,-18.0,189,2026-08-25,Refrigerated Truck,2500.0,70,70,0,0,-21.085285714285714,-22.24,-19.94,70.01,71,Reliable,70,0,0.0,Compliant,1,1,0,0.149,0.149,Valid,2,2,0,Kochi Hub -> Pune DC,Complete,Complete,8,0,0,0,0,54,High,Normal,Compliant,All compliance checks passed,Shipment passed the automated compliance checks.,4,100.0
SHP0367,B0367,V061,Chennai,Kochi,2026-08-05 05:13:00,2026-08-05 10:02:00,Completed,Frozen French Fries,Frozen,-25.0,-18.0,177,2026-08-29,Refrigerated Van,500.0,58,58,0,0,-21.05603448275862,-21.72,-20.27,70.34,71,Review,58,0,0.0,Compliant,1,0,1,0.249,0.249,Review,4,3,1,Bangalore DC -> Madurai Store -> Coimbatore Hub -> Pune DC,Incomplete,Review,8,0,0,0,0,24,High,Normal,Non-Compliant,Calibration issue; Missing custody signature,Shipment is non-compliant based on critical compliance evidence.,4,100.0
SHP0368,B0368,V080,Bengaluru,Pune,2026-08-02 08:10:00,2026-08-02 11:02:00,Completed,Frozen Paneer,Frozen,-25.0,-18.0,262,2026-08-12,Refrigerated Van,750.0,35,35,0,0,-20.97714285714286,-21.53,-20.26,70.35,70,Review,35,0,0.0,Compliant,1,0,1,0.857,0.857,Review,3,3,0,Pune DC -> Hyderabad DC -> Pune DC,Complete,Complete,8,0,0,0,0,83,High,Normal,Review,Calibration issue,Shipment requires auditor review because one or more evidence sources contain exceptions.,4,100.0
SHP0369,B0369,V039,Salem,Bengaluru,2026-08-07 06:50:00,2026-08-07 12:48:00,Completed,Frozen Peas,Frozen,-25.0,-18.0,265,2026-08-09,Refrigerated Truck,2000.0,72,72,0,0,-20.94236111111111,-21.8,-19.85,70.02,70,Reliable,72,0,0.0,Compliant,1,1,0,0.216,0.216,Valid,2,2,0,Coimbatore Hub -> Chennai Warehouse,Complete,Complete,7,1,12,0,0,47,Moderate,Delayed,Compliant,Traffic delay,Shipment passed the automated compliance checks.,4,100.0
SHP0370,B0370,V011,Coimbatore,Bengaluru,2026-08-04 10:32:00,2026-08-04 13:47:00,Completed,Yogurt,Chilled,2.0,8.0,144,2026-08-05,Refrigerated Van,750.0,40,40,0,0,5.063,4.09,5.78,71.35,70,Reliable,40,0,0.0,Compliant,1,1,0,0.318,0.318,Valid,2,2,0,Hyderabad DC -> Bangalore DC,Complete,Complete,8,2,77,0,0,77,Moderate,Delayed,Compliant,Traffic delay,Shipment passed the automated compliance checks.,4,100.0
SHP0371,B0371,V075,Coimbatore,Madurai,2026-08-06 08:38:00,2026-08-06 10:13:00,Completed,Frozen Corn,Frozen,-25.0,-18.0,29,2026-08-18,Refrigerated Van,750.0,20,20,0,0,-21.2905,-22.32,-20.54,70.21,70,Reliable,20,0,0.0,Compliant,1,1,0,0.217,0.217,Valid,3,3,0,Coimbatore Hub -> Salem Hub -> Salem Hub,Complete,Complete,7,0,0,0,0,11,High,Normal,Compliant,All compliance checks passed,Shipment passed the automated compliance checks.,4,100.0
SHP0372,B0372,V026,Hyderabad,Salem,2026-08-04 08:08:00,2026-08-04 10:03:00,Completed,Cheese,Chilled,2.0,8.0,97,2026-08-17,Refrigerated Truck,2500.0,24,23,1,0,4.939130434782609,4.01,5.77,71.03,70,Partial,24,0,0.0,Compliant,1,1,0,0.07,0.07,Valid,2,2,0,Madurai Store -> Coimbatore Hub,Complete,Complete,8,0,0,0,0,19,High,Normal,Compliant,All compliance checks passed,Shipment passed the automated compliance checks.,4,100.0
SHP0373,B0373,V060,Chennai,Hyderabad,2026-08-01 09:55:00,2026-08-01 15:13:00,Completed,Frozen French Fries,Frozen,-25.0,-18.0,276,2026-08-28,Refrigerated Van,1000.0,64,64,0,0,-20.9953125,-22.0,-19.99,70.11,70,Reliable,64,0,0.0,Compliant,1,1,0,0.305,0.305,Valid,3,3,0,Salem Hub -> Chennai Warehouse -> Chennai Warehouse,Complete,Complete,6,0,0,1,20,20,Low,Deviation,Review,Route deviation,Shipment requires auditor review because one or more evidence sources contain exceptions.,4,100.0
SHP0374,B0374,V095,Salem,Coimbatore,2026-08-03 09:06:00,2026-08-03 11:36:00,Completed,Fresh Milk,Chilled,2.0,8.0,90,2026-08-20,Refrigerated Van,750.0,31,31,0,4,4.94483870967742,4.16,5.61,70.87,0,Partial,31,0,0.0,Compliant,1,1,0,0.369,0.369,Valid,4,3,1,Hyderabad DC -> Salem Hub -> Hyderabad DC -> Madurai Store,Incomplete,Review,6,0,0,0,0,61,High,Normal,Review,Missing custody signature,Shipment requires auditor review because one or more evidence sources contain exceptions.,4,100.0
SHP0375,B0375,V005,Pune,Bengaluru,2026-08-03 09:02:00,2026-08-03 14:34:00,Completed,Frozen Paneer,Frozen,-25.0,-18.0,186,2026-08-25,Refrigerated Truck,1500.0,67,67,0,0,-21.026417910447762,-22.14,-20.05,70.38,70,Reliable,67,0,0.0,Compliant,1,1,0,0.115,0.115,Valid,3,3,0,Madurai Store -> Chennai Warehouse -> Madurai Store,Complete,Complete,8,0,0,0,0,16,High,Normal,Compliant,All compliance checks passed,Shipment passed the automated compliance checks.,4,100.0
SHP0376,B0376,V018,Mumbai,Bangalore,2026-08-07 05:30:00,2026-08-07 07:36:00,Completed,Fresh Cream,Chilled,2.0,8.0,212,2026-08-14,Refrigerated Truck,1500.0,26,26,0,0,5.058076923076923,4.5,5.6,70.14,71,Reliable,26,0,0.0,Compliant,1,1,0,0.116,0.116,Valid,2,1,1,Hyderabad DC -> Coimbatore Hub,Incomplete,Review,5,0,0,0,0,34,High,Normal,Review,Missing custody signature,Shipment requires auditor review because one or more evidence sources contain exceptions.,4,100.0
SHP0377,B0377,V050,Bengaluru,Mumbai,2026-08-07 05:57:00,2026-08-07 10:37:00,Completed,Frozen French Fries,Frozen,-25.0,-18.0,292,2026-08-14,Refrigerated Van,1200.0,57,57,0,0,-21.024736842105263,-21.93,-20.22,71.12,70,Reliable,57,0,0.0,Compliant,1,1,0,0.131,0.131,Valid,4,4,0,Kochi Hub -> Kochi Hub -> Kochi Hub -> Bangalore DC,Complete,Complete,7,0,0,0,0,31,High,Normal,Compliant,All compliance checks passed,Shipment passed the automated compliance checks.,4,100.0
SHP0378,B0378,V098,Mumbai,Salem,2026-08-06 07:55:00,2026-08-06 09:17:00,Completed,Fresh Paneer,Chilled,2.0,8.0,267,2026-08-10,Refrigerated Truck,3000.0,17,17,0,0,5.17,4.53,6.79,73.34,70,Reliable,17,0,0.0,Compliant,1,1,0,0.27,0.27,Valid,3,3,0,Chennai Warehouse -> Bangalore DC -> Bangalore DC,Complete,Complete,7,0,0,0,0,25,High,Normal,Compliant,All compliance checks passed,Shipment passed the automated compliance checks.,4,100.0
SHP0379,B0379,V006,Mumbai,Salem,2026-08-06 06:51:00,2026-08-06 11:57:00,Completed,Frozen Mixed Vegetables,Frozen,-25.0,-18.0,172,2026-08-11,Refrigerated Van,500.0,62,62,0,0,-20.934354838709677,-21.8,-20.1,70.22,70,Reliable,62,0,0.0,Compliant,1,1,0,0.105,0.105,Valid,3,3,0,Kochi Hub -> Coimbatore Hub -> Bangalore DC,Complete,Complete,8,1,34,0,0,91,Moderate,Delayed,Compliant,Traffic delay,Shipment passed the automated compliance checks.,4,100.0
SHP0380,B0380,V058,Salem,Madurai,2026-08-04 09:51:00,2026-08-04 15:45:00,Completed,Fresh Paneer,Chilled,2.0,8.0,126,2026-08-26,Refrigerated Van,500.0,71,71,0,0,5.028450704225352,4.32,6.1,70.64,70,Reliable,71,0,0.0,Compliant,1,1,0,0.055,0.055,Valid,3,3,0,Salem Hub -> Chennai Warehouse -> Chennai Warehouse,Complete,Complete,7,0,0,0,0,24,High,Normal,Compliant,All compliance checks passed,Shipment passed the automated compliance checks.,4,100.0
SHP0381,B0381,V045,Bangalore,Salem,2026-08-04 06:16:00,2026-08-04 11:20:00,Completed,Fresh Paneer,Chilled,2.0,8.0,265,2026-08-15,Refrigerated Truck,2000.0,61,61,0,0,5.418360655737705,4.2,11.14,70.45,70,Review,61,4,20.0,Critical,1,0,1,0.902,0.902,Review,3,2,1,Pune DC -> Coimbatore Hub -> Madurai Store,Incomplete,Review,7,0,0,0,0,29,High,Normal,Non-Compliant,Temperature: Critical; Calibration issue; Missing custody signature,Shipment is non-compliant based on critical compliance evidence.,4,100.0
SHP0382,B0382,V092,Hyderabad,Bangalore,2026-08-07 07:38:00,2026-08-07 13:16:00,Completed,Fresh Paneer,Chilled,2.0,8.0,82,2026-08-22,Refrigerated Van,500.0,68,68,0,0,5.0058823529411764,4.19,5.99,70.07,70,Reliable,68,0,0.0,Compliant,1,1,0,0.27,0.27,Valid,4,4,0,Chennai Warehouse -> Kochi Hub -> Madurai Store -> Pune DC,Complete,Complete,7,0,0,0,0,20,High,Normal,Compliant,All compliance checks passed,Shipment passed the automated compliance checks.,4,100.0
SHP0383,B0383,V096,Salem,Kochi,2026-08-06 06:00:00,2026-08-06 07:03:00,Completed,Cheese,Chilled,2.0,8.0,196,2026-08-28,Refrigerated Truck,2000.0,13,13,0,0,5.106923076923077,4.52,5.61,74.05,70,Reliable,13,0,0.0,Compliant,1,1,0,0.094,0.094,Valid,2,2,0,Hyderabad DC -> Pune DC,Complete,Complete,5,1,59,0,0,59,Moderate,Delayed,Compliant,Traffic delay,Shipment passed the automated compliance checks.,4,100.0
SHP0384,B0384,V098,Bengaluru,Mumbai,2026-08-05 05:33:00,2026-08-05 06:36:00,Completed,Frozen Mixed Vegetables,Frozen,-25.0,-18.0,41,2026-08-13,Refrigerated Truck,3000.0,13,13,0,0,-20.981538461538463,-21.83,-20.42,77.72,72,Review,13,0,0.0,Compliant,1,0,1,0.281,0.281,Review,4,3,1,Coimbatore Hub -> Chennai Warehouse -> Chennai Warehouse -> Bangalore DC,Incomplete,Review,8,1,36,0,0,41,Moderate,Delayed,Non-Compliant,Calibration issue; Missing custody signature; Traffic delay,Shipment is non-compliant based on critical compliance evidence.,4,100.0
SHP0385,B0385,V057,Salem,Hyderabad,2026-08-06 10:51:00,2026-08-06 14:32:00,Completed,Frozen Mixed Vegetables,Frozen,-25.0,-18.0,246,2026-08-24,Refrigerated Van,1000.0,45,45,0,0,-20.658,-22.11,-15.06,71.6,70,Reliable,45,4,20.0,Critical,1,1,0,0.238,0.238,Valid,2,2,0,Coimbatore Hub -> Chennai Warehouse,Complete,Complete,7,2,45,0,0,102,Moderate,Delayed,Non-Compliant,Temperature: Critical; Traffic delay,Shipment is non-compliant based on critical compliance evidence.,4,100.0
SHP0386,B0386,V096,Salem,Madurai,2026-08-03 05:09:00,2026-08-03 09:47:00,Completed,Cheese,Chilled,2.0,8.0,129,2026-08-10,Refrigerated Truck,2000.0,56,55,1,0,5.049454545454545,4.4,6.1,70.05,70,Partial,56,0,0.0,Compliant,1,1,0,0.094,0.094,Valid,2,2,0,Chennai Warehouse -> Chennai Warehouse,Complete,Complete,8,0,0,0,0,71,High,Normal,Compliant,All compliance checks passed,Shipment passed the automated compliance checks.,4,100.0
SHP0387,B0387,V033,Bengaluru,Kochi,2026-08-03 07:54:00,2026-08-03 13:28:00,Completed,Fresh Cream,Chilled,2.0,8.0,159,2026-08-08,Refrigerated Truck,2500.0,67,67,0,0,4.99089552238806,3.97,5.8,70.23,70,Reliable,67,0,0.0,Compliant,1,1,0,0.12,0.12,Valid,3,3,0,Bangalore DC -> Bangalore DC -> Pune DC,Complete,Complete,5,0,0,0,0,46,High,Normal,Compliant,All compliance checks passed,Shipment passed the automated compliance checks.,4,100.0
SHP0388,B0388,V087,Salem,Bengaluru,2026-08-02 07:39:00,2026-08-02 11:00:00,Completed,Frozen Paneer,Frozen,-25.0,-18.0,142,2026-08-11,Refrigerated Truck,2000.0,41,41,0,0,-21.02658536585366,-22.1,-19.91,70.2,70,Reliable,41,0,0.0,Compliant,1,1,0,0.313,0.313,Valid,3,3,0,Kochi Hub -> Kochi Hub -> Salem Hub,Complete,Complete,6,0,0,1,57,72,Low,Deviation,Review,Route deviation,Shipment requires auditor review because one or more evidence sources contain exceptions.,4,100.0
SHP0389,B0389,V020,Salem,Hyderabad,2026-08-03 08:35:00,2026-08-03 14:20:00,Completed,Frozen Paneer,Frozen,-25.0,-18.0,135,2026-08-24,Refrigerated Truck,1500.0,70,70,0,0,-20.773714285714284,-22.03,-15.44,70.64,70,Review,70,4,20.0,Critical,1,0,1,0.703,0.703,Review,3,3,0,Pune DC -> Chennai Warehouse -> Chennai Warehouse,Complete,Complete,7,1,33,0,0,49,Moderate,Delayed,Non-Compliant,Temperature: Critical; Calibration issue; Traffic delay,Shipment is non-compliant based on critical compliance evidence.,4,100.0
SHP0390,B0390,V085,Pune,Coimbatore,2026-08-04 07:35:00,2026-08-04 13:19:00,Completed,Frozen Peas,Frozen,-25.0,-18.0,71,2026-08-17,Refrigerated Van,1200.0,69,69,0,0,-20.992028985507247,-22.17,-20.03,71.08,71,Reliable,69,0,0.0,Compliant,1,1,0,0.391,0.391,Valid,3,3,0,Kochi Hub -> Madurai Store -> Coimbatore Hub,Complete,Complete,6,0,0,0,0,7,High,Normal,Compliant,All compliance checks passed,Shipment passed the automated compliance checks.,4,100.0
SHP0391,B0391,V079,Pune,Kochi,2026-08-02 07:36:00,2026-08-02 11:32:00,Completed,Cheese,Chilled,2.0,8.0,71,2026-08-25,Refrigerated Van,500.0,48,48,0,4,5.032708333333333,4.42,5.94,71.5,0,Review,48,0,0.0,Compliant,1,0,1,0.304,0.304,Review,4,4,0,Salem Hub -> Hyderabad DC -> Pune DC -> Madurai Store,Complete,Complete,7,0,0,1,55,67,Low,Deviation,Review,Calibration issue; Route deviation,Shipment requires auditor review because one or more evidence sources contain exceptions.,4,100.0
SHP0392,B0392,V033,Salem,Coimbatore,2026-08-05 10:07:00,2026-08-05 13:04:00,Completed,Frozen Peas,Frozen,-25.0,-18.0,100,2026-08-17,Refrigerated Truck,2500.0,36,36,0,0,-21.04222222222222,-21.9,-20.17,70.1,71,Reliable,36,0,0.0,Compliant,1,1,0,0.12,0.12,Valid,4,4,0,Kochi Hub -> Bangalore DC -> Kochi Hub -> Hyderabad DC,Complete,Complete,6,0,0,0,0,12,High,Normal,Compliant,All compliance checks passed,Shipment passed the automated compliance checks.,4,100.0
SHP0393,B0393,V008,Pune,Coimbatore,2026-08-05 05:13:00,2026-08-05 10:33:00,Completed,Cheese,Chilled,2.0,8.0,122,2026-08-28,Refrigerated Van,750.0,65,65,0,0,5.0346153846153845,3.98,5.98,70.17,71,Reliable,65,0,0.0,Compliant,1,1,0,0.19,0.19,Valid,3,3,0,Chennai Warehouse -> Madurai Store -> Pune DC,Complete,Complete,7,0,0,0,0,20,High,Normal,Compliant,All compliance checks passed,Shipment passed the automated compliance checks.,4,100.0
SHP0394,B0394,V065,Salem,Madurai,2026-08-03 09:39:00,2026-08-03 11:05:00,Completed,Fresh Paneer,Chilled,2.0,8.0,166,2026-08-24,Refrigerated Van,500.0,18,18,0,0,5.105,4.56,5.79,70.3,71,Reliable,18,0,0.0,Compliant,1,1,0,0.21,0.21,Valid,3,2,1,Hyderabad DC -> Chennai Warehouse -> Kochi Hub,Incomplete,Review,6,1,35,0,0,52,Moderate,Delayed,Review,Missing custody signature; Traffic delay,Shipment requires auditor review because one or more evidence sources contain exceptions.,4,100.0
SHP0395,B0395,V053,Coimbatore,Salem,2026-08-06 10:00:00,2026-08-06 11:46:00,Completed,Frozen Peas,Frozen,-25.0,-18.0,138,2026-08-21,Refrigerated Van,1000.0,22,22,0,0,-20.994090909090907,-21.67,-20.29,70.61,70,Reliable,22,0,0.0,Compliant,1,1,0,0.198,0.198,Valid,2,2,0,Madurai Store -> Hyderabad DC,Complete,Complete,6,0,0,0,0,53,High,Normal,Compliant,All compliance checks passed,Shipment passed the automated compliance checks.,4,100.0
SHP0396,B0396,V046,Coimbatore,Pune,2026-08-07 09:27:00,2026-08-07 11:12:00,Completed,Frozen Corn,Frozen,-25.0,-18.0,233,2026-08-30,Refrigerated Van,1200.0,22,22,0,0,-21.044545454545453,-21.56,-19.96,70.64,72,Reliable,22,0,0.0,Compliant,1,1,0,0.37,0.37,Valid,4,3,1,Bangalore DC -> Pune DC -> Salem Hub -> Chennai Warehouse,Incomplete,Review,7,1,39,0,0,92,Moderate,Delayed,Review,Missing custody signature; Traffic delay,Shipment requires auditor review because one or more evidence sources contain exceptions.,4,100.0
SHP0397,B0397,V082,Bangalore,Kochi,2026-08-06 06:23:00,2026-08-06 08:03:00,Completed,Frozen Peas,Frozen,-25.0,-18.0,223,2026-08-29,Refrigerated Truck,1500.0,21,21,0,0,-20.944285714285716,-21.7,-20.37,70.1,78,Reliable,21,0,0.0,Compliant,1,1,0,0.394,0.394,Valid,3,3,0,Coimbatore Hub -> Madurai Store -> Madurai Store,Complete,Complete,5,1,14,0,0,14,Moderate,Delayed,Compliant,Traffic delay,Shipment passed the automated compliance checks.,4,100.0
SHP0398,B0398,V092,Bengaluru,Chennai,2026-08-05 10:24:00,2026-08-05 14:49:00,Completed,Yogurt,Chilled,2.0,8.0,168,2026-08-05,Refrigerated Van,500.0,54,54,0,0,5.374444444444444,4.36,10.51,70.78,70,Review,54,4,20.0,Critical,1,0,1,0.398,0.398,Review,4,4,0,Chennai Warehouse -> Kochi Hub -> Hyderabad DC -> Salem Hub,Complete,Complete,5,0,0,0,0,16,High,Normal,Non-Compliant,Temperature: Critical; Calibration issue,Shipment is non-compliant based on critical compliance evidence.,4,100.0
SHP0399,B0399,V096,Bengaluru,Mumbai,2026-08-07 07:45:00,2026-08-07 09:14:00,Completed,Frozen Mixed Vegetables,Frozen,-25.0,-18.0,74,2026-08-14,Refrigerated Truck,2000.0,18,17,1,0,-21.06764705882353,-21.79,-20.46,70.62,72,Review,18,0,0.0,Compliant,1,0,1,0.347,0.347,Review,2,2,0,Chennai Warehouse -> Kochi Hub,Complete,Complete,8,0,0,0,0,6,High,Normal,Review,Calibration issue,Shipment requires auditor review because one or more evidence sources contain exceptions.,4,100.0
SHP0400,B0400,V031,Coimbatore,Pune,2026-08-03 08:00:00,2026-08-03 10:43:00,Completed,Cheese,Chilled,2.0,8.0,298,2026-08-20,Refrigerated Van,750.0,33,33,0,0,5.055151515151516,4.23,5.87,71.3,70,Reliable,33,0,0.0,Compliant,1,1,0,0.329,0.329,Valid,4,3,1,Hyderabad DC -> Hyderabad DC -> Hyderabad DC -> Chennai Warehouse,Incomplete,Review,7,0,0,1,43,78,Low,Deviation,Review,Missing custody signature; Route deviation,Shipment requires auditor review because one or more evidence sources contain exceptions.,4,100.0
SHP0401,B0401,V063,Mumbai,Kochi,2026-08-03 06:02:00,2026-08-03 11:23:00,Completed,Yogurt,Chilled,2.0,8.0,278,2026-08-18,Refrigerated Van,500.0,65,65,0,0,4.9903076923076926,4.11,5.98,70.94,70,Reliable,65,0,0.0,Compliant,1,1,0,0.258,0.258,Valid,4,4,0,Pune DC -> Bangalore DC -> Hyderabad DC -> Hyderabad DC,Complete,Complete,6,1,40,0,0,72,Moderate,Delayed,Compliant,Traffic delay,Shipment passed the automated compliance checks.,4,100.0
SHP0402,B0402,V080,Mumbai,Hyderabad,2026-08-03 09:10:00,2026-08-03 10:28:00,Completed,Yogurt,Chilled,2.0,8.0,77,2026-08-14,Refrigerated Van,750.0,16,16,0,0,5.185625,4.23,5.76,70.47,73,Review,16,0,0.0,Compliant,1,0,1,0.857,0.857,Review,3,3,0,Coimbatore Hub -> Kochi Hub -> Bangalore DC,Complete,Complete,6,2,89,0,0,102,Moderate,Delayed,Review,Calibration issue; Traffic delay,Shipment requires auditor review because one or more evidence sources contain exceptions.,4,100.0
SHP0403,B0403,V054,Madurai,Hyderabad,2026-08-06 10:00:00,2026-08-06 12:20:00,Completed,Frozen French Fries,Frozen,-25.0,-18.0,151,2026-08-26,Refrigerated Truck,1500.0,29,29,0,0,-20.95689655172414,-21.55,-19.81,71.8,71,Reliable,29,0,0.0,Compliant,1,1,0,0.325,0.325,Valid,2,2,0,Bangalore DC -> Pune DC,Complete,Complete,5,0,0,0,0,0,High,Normal,Compliant,All compliance checks passed,Shipment passed the automated compliance checks.,4,100.0
SHP0404,B0404,V024,Bangalore,Kochi,2026-08-05 08:22:00,2026-08-05 12:44:00,Completed,Frozen Peas,Frozen,-25.0,-18.0,192,2026-08-29,Refrigerated Truck,1500.0,53,53,0,0,-21.022264150943396,-22.01,-20.01,70.35,71,Reliable,53,0,0.0,Compliant,1,1,0,0.332,0.332,Valid,4,4,0,Pune DC -> Hyderabad DC -> Chennai Warehouse -> Madurai Store,Complete,Complete,6,1,59,0,0,59,Moderate,Delayed,Compliant,Traffic delay,Shipment passed the automated compliance checks.,4,100.0
SHP0405,B0405,V034,Salem,Bengaluru,2026-08-03 06:33:00,2026-08-03 07:40:00,Completed,Fresh Cream,Chilled,2.0,8.0,118,2026-08-09,Refrigerated Van,1000.0,14,14,0,0,5.010714285714286,4.48,5.58,71.37,70,Reliable,14,0,0.0,Compliant,1,1,0,0.373,0.373,Valid,2,2,0,Pune DC -> Pune DC,Complete,Complete,8,0,0,0,0,85,High,Normal,Compliant,All compliance checks passed,Shipment passed the automated compliance checks.,4,100.0
SHP0406,B0406,V050,Bangalore,Mumbai,2026-08-03 07:46:00,2026-08-03 13:32:00,Completed,Cheese,Chilled,2.0,8.0,283,2026-08-14,Refrigerated Van,1200.0,70,70,0,0,5.019428571428572,4.35,5.97,70.26,70,Reliable,70,0,0.0,Compliant,1,1,0,0.286,0.286,Valid,3,3,0,Hyderabad DC -> Pune DC -> Salem Hub,Complete,Complete,7,0,0,0,0,64,High,Normal,Compliant,All compliance checks passed,Shipment passed the automated compliance checks.,4,100.0
SHP0407,B0407,V062,Bengaluru,Madurai,2026-08-01 07:52:00,2026-08-01 11:13:00,Completed,Frozen French Fries,Frozen,-25.0,-18.0,68,2026-08-09,Refrigerated Truck,3000.0,41,41,0,0,-21.027073170731708,-22.1,-20.12,70.71,70,Reliable,41,0,0.0,Compliant,1,1,0,0.358,0.358,Valid,4,3,1,Salem Hub -> Kochi Hub -> Madurai Store -> Bangalore DC,Incomplete,Review,8,0,0,0,0,46,High,Normal,Review,Missing custody signature,Shipment requires auditor review because one or more evidence sources contain exceptions.,4,100.0
SHP0408,B0408,V062,Hyderabad,Bengaluru,2026-08-03 06:29:00,2026-08-03 10:55:00,Completed,Frozen French Fries,Frozen,-25.0,-18.0,185,2026-08-11,Refrigerated Truck,3000.0,54,54,0,0,-20.601296296296297,-22.03,-15.04,70.01,70,Reliable,54,4,20.0,Critical,1,1,0,0.358,0.358,Valid,4,4,0,Salem Hub -> Kochi Hub -> Coimbatore Hub -> Kochi Hub,Complete,Complete,6,0,0,0,0,9,High,Normal,Non-Compliant,Temperature: Critical,Shipment is non-compliant based on critical compliance evidence.,4,100.0
SHP0409,B0409,V041,Bengaluru,Chennai,2026-08-01 07:11:00,2026-08-01 11:39:00,Completed,Frozen Mixed Vegetables,Frozen,-25.0,-18.0,216,2026-08-11,Refrigerated Truck,2000.0,54,54,0,4,-20.993703703703705,-21.98,-20.01,71.01,0,Partial,54,0,0.0,Compliant,1,1,0,0.373,0.373,Valid,3,3,0,Pune DC -> Pune DC -> Pune DC,Complete,Complete,5,0,0,0,0,14,High,Normal,Compliant,All compliance checks passed,Shipment passed the automated compliance checks.,4,100.0
SHP0410,B0410,V045,Mumbai,Bangalore,2026-08-07 09:04:00,2026-08-07 14:21:00,Completed,Fresh Paneer,Chilled,2.0,8.0,188,2026-08-13,Refrigerated Truck,2000.0,64,64,0,0,5.06765625,4.28,5.72,70.15,70,Review,64,0,0.0,Compliant,1,0,1,0.394,0.394,Review,2,1,1,Salem Hub -> Pune DC,Incomplete,Review,7,0,0,0,0,5,High,Normal,Non-Compliant,Calibration issue; Missing custody signature,Shipment is non-compliant based on critical compliance evidence.,4,100.0
SHP0411,B0411,V059,Kochi,Madurai,2026-08-04 05:51:00,2026-08-04 11:13:00,Completed,Frozen Mixed Vegetables,Frozen,-25.0,-18.0,204,2026-08-26,Refrigerated Truck,2000.0,65,64,1,0,-20.9053125,-21.8,-19.93,70.71,70,Review,65,0,0.0,Compliant,1,0,1,1.05,1.05,Review,2,1,1,Chennai Warehouse -> Coimbatore Hub,Incomplete,Review,6,1,12,0,0,49,Moderate,Delayed,Non-Compliant,Calibration issue; Missing custody signature; Traffic delay,Shipment is non-compliant based on critical compliance evidence.,4,100.0
SHP0412,B0412,V016,Kochi,Mumbai,2026-08-07 09:16:00,2026-08-07 14:02:00,Completed,Frozen Peas,Frozen,-25.0,-18.0,80,2026-08-18,Refrigerated Truck,1500.0,58,57,1,4,-21.016491228070176,-21.89,-19.77,70.15,0,Partial,58,0,0.0,Compliant,1,1,0,0.341,0.341,Valid,4,4,0,Pune DC -> Pune DC -> Madurai Store -> Coimbatore Hub,Complete,Complete,7,0,0,0,0,13,High,Normal,Compliant,All compliance checks passed,Shipment passed the automated compliance checks.,4,100.0
SHP0413,B0413,V096,Salem,Bengaluru,2026-08-05 08:49:00,2026-08-05 11:53:00,Completed,Yogurt,Chilled,2.0,8.0,227,2026-08-25,Refrigerated Truck,2000.0,37,37,0,0,4.95027027027027,3.99,6.24,70.12,71,Review,37,0,0.0,Compliant,1,0,1,0.347,0.347,Review,3,3,0,Hyderabad DC -> Chennai Warehouse -> Coimbatore Hub,Complete,Complete,5,0,0,0,0,29,High,Normal,Review,Calibration issue,Shipment requires auditor review because one or more evidence sources contain exceptions.,4,100.0
SHP0414,B0414,V007,Madurai,Pune,2026-08-05 10:29:00,2026-08-05 16:29:00,Completed,Fresh Milk,Chilled,2.0,8.0,171,2026-08-15,Refrigerated Van,750.0,73,73,0,0,4.983424657534247,4.21,6.03,70.73,70,Reliable,73,0,0.0,Compliant,1,1,0,0.204,0.204,Valid,3,3,0,Hyderabad DC -> Pune DC -> Coimbatore Hub,Complete,Complete,5,1,22,0,0,61,Moderate,Delayed,Compliant,Traffic delay,Shipment passed the automated compliance checks.,4,100.0
SHP0415,B0415,V021,Chennai,Pune,2026-08-04 05:16:00,2026-08-04 06:50:00,Completed,Frozen Corn,Frozen,-25.0,-18.0,88,2026-08-19,Refrigerated Truck,2500.0,19,19,0,0,-20.89421052631579,-21.82,-20.32,72.1,71,Review,19,0,0.0,Compliant,1,0,1,0.128,0.128,Review,3,3,0,Kochi Hub -> Hyderabad DC -> Madurai Store,Complete,Complete,8,0,0,0,0,66,High,Normal,Review,Calibration issue,Shipment requires auditor review because one or more evidence sources contain exceptions.,4,100.0
SHP0416,B0416,V080,Salem,Hyderabad,2026-08-05 10:44:00,2026-08-05 13:41:00,Completed,Frozen French Fries,Frozen,-25.0,-18.0,211,2026-08-17,Refrigerated Van,750.0,36,35,1,0,-20.905714285714286,-21.62,-20.03,71.31,70,Partial,36,0,0.0,Compliant,1,1,0,0.251,0.251,Valid,3,3,0,Coimbatore Hub -> Kochi Hub -> Madurai Store,Complete,Complete,7,0,0,0,0,31,High,Normal,Compliant,All compliance checks passed,Shipment passed the automated compliance checks.,4,100.0
SHP0417,B0417,V016,Madurai,Salem,2026-08-05 07:33:00,2026-08-05 13:07:00,Completed,Fresh Cream,Chilled,2.0,8.0,131,2026-08-28,Refrigerated Truck,1500.0,67,67,0,0,5.011940298507462,3.95,6.16,70.26,72,Reliable,67,0,0.0,Compliant,1,1,0,0.341,0.341,Valid,3,2,1,Hyderabad DC -> Chennai Warehouse -> Pune DC,Incomplete,Review,7,0,0,0,0,22,High,Normal,Review,Missing custody signature,Shipment requires auditor review because one or more evidence sources contain exceptions.,4,100.0
SHP0418,B0418,V040,Chennai,Kochi,2026-08-07 06:18:00,2026-08-07 08:05:00,Completed,Frozen Paneer,Frozen,-25.0,-18.0,61,2026-08-20,Refrigerated Truck,3000.0,22,22,0,0,-20.913636363636364,-21.66,-20.39,70.49,74,Reliable,22,0,0.0,Compliant,1,1,0,0.369,0.369,Valid,4,3,1,Hyderabad DC -> Coimbatore Hub -> Pune DC -> Madurai Store,Incomplete,Review,7,1,19,0,0,36,Moderate,Delayed,Review,Missing custody signature; Traffic delay,Shipment requires auditor review because one or more evidence sources contain exceptions.,4,100.0
SHP0419,B0419,V047,Salem,Madurai,2026-08-02 05:35:00,2026-08-02 08:06:00,Completed,Fresh Cream,Chilled,2.0,8.0,205,2026-08-06,Refrigerated Van,500.0,31,31,0,0,5.381290322580645,4.4,15.34,71.38,73,Review,31,1,5.0,Warning,1,0,1,0.739,0.739,Review,4,4,0,Coimbatore Hub -> Pune DC -> Madurai Store -> Coimbatore Hub,Complete,Complete,6,0,0,0,0,13,High,Normal,Review,Temperature: Warning; Calibration issue,Shipment requires auditor review because one or more evidence sources contain exceptions.,4,100.0
SHP0420,B0420,V034,Pune,Madurai,2026-08-07 07:13:00,2026-08-07 13:06:00,Completed,Frozen Peas,Frozen,-25.0,-18.0,300,2026-08-20,Refrigerated Van,1000.0,71,71,0,0,-20.978591549295775,-22.1,-20.19,70.15,70,Reliable,71,0,0.0,Compliant,1,1,0,0.136,0.136,Valid,2,2,0,Chennai Warehouse -> Salem Hub,Complete,Complete,8,0,0,0,0,15,High,Normal,Compliant,All compliance checks passed,Shipment passed the automated compliance checks.,4,100.0
SHP0421,B0421,V046,Kochi,Coimbatore,2026-08-01 10:43:00,2026-08-01 13:20:00,Completed,Frozen Paneer,Frozen,-25.0,-18.0,294,2026-08-08,Refrigerated Van,1200.0,32,32,0,0,-20.48,-21.67,-15.43,70.21,70,Reliable,32,4,20.0,Critical,1,1,0,0.37,0.37,Valid,3,3,0,Kochi Hub -> Pune DC -> Pune DC,Complete,Complete,7,1,24,1,59,96,Low,Deviation,Non-Compliant,Temperature: Critical; Route deviation,Shipment is non-compliant based on critical compliance evidence.,4,100.0
SHP0422,B0422,V017,Pune,Hyderabad,2026-08-06 06:47:00,2026-08-06 09:50:00,Completed,Frozen Mixed Vegetables,Frozen,-25.0,-18.0,286,2026-08-18,Refrigerated Truck,2500.0,37,36,1,0,-21.0425,-22.02,-20.15,70.23,70,Partial,37,0,0.0,Compliant,1,1,0,0.399,0.399,Valid,2,2,0,Pune DC -> Bangalore DC,Complete,Complete,5,0,0,0,0,0,High,Normal,Compliant,All compliance checks passed,Shipment passed the automated compliance checks.,4,100.0
SHP0423,B0423,V031,Kochi,Hyderabad,2026-08-04 06:12:00,2026-08-04 09:19:00,Completed,Frozen Corn,Frozen,-25.0,-18.0,270,2026-08-06,Refrigerated Van,750.0,38,38,0,0,-21.065526315789473,-21.82,-20.28,70.76,70,Reliable,38,0,0.0,Compliant,1,1,0,0.329,0.329,Valid,3,3,0,Pune DC -> Bangalore DC -> Pune DC,Complete,Complete,6,0,0,0,0,0,High,Normal,Compliant,All compliance checks passed,Shipment passed the automated compliance checks.,4,100.0
SHP0424,B0424,V012,Bengaluru,Madurai,2026-08-03 06:49:00,2026-08-03 08:43:00,Completed,Fresh Milk,Chilled,2.0,8.0,252,2026-08-08,Refrigerated Truck,2500.0,23,23,0,0,5.80304347826087,3.99,11.1,75.48,74,Reliable,23,4,20.0,Critical,1,1,0,0.242,0.242,Valid,3,3,0,Bangalore DC -> Salem Hub -> Bangalore DC,Complete,Complete,6,0,0,0,0,37,High,Normal,Non-Compliant,Temperature: Critical,Shipment is non-compliant based on critical compliance evidence.,4,100.0
SHP0425,B0425,V019,Bangalore,Pune,2026-08-03 09:00:00,2026-08-03 14:37:00,Completed,Cheese,Chilled,2.0,8.0,49,2026-08-21,Refrigerated Truck,1500.0,68,68,0,0,5.007058823529412,3.8,5.84,70.09,70,Review,68,0,0.0,Compliant,1,0,1,0.335,0.335,Review,3,3,0,Salem Hub -> Coimbatore Hub -> Bangalore DC,Complete,Complete,7,0,0,0,0,40,High,Normal,Review,Calibration issue,Shipment requires auditor review because one or more evidence sources contain exceptions.,4,100.0
SHP0426,B0426,V016,Chennai,Pune,2026-08-02 07:39:00,2026-08-02 11:20:00,Completed,Fresh Paneer,Chilled,2.0,8.0,31,2026-08-16,Refrigerated Truck,1500.0,45,45,0,0,5.847555555555555,4.17,18.21,70.05,70,Reliable,45,5,25.0,Critical,1,1,0,0.341,0.341,Valid,2,2,0,Coimbatore Hub -> Pune DC,Complete,Complete,7,0,0,0,0,56,High,Normal,Non-Compliant,Temperature: Critical,Shipment is non-compliant based on critical compliance evidence.,4,100.0
SHP0427,B0427,V018,Pune,Bengaluru,2026-08-03 07:31:00,2026-08-03 10:04:00,Completed,Fresh Milk,Chilled,2.0,8.0,131,2026-08-22,Refrigerated Truck,1500.0,31,30,1,4,5.919666666666667,4.3,16.68,70.48,0,Partial,31,4,20.0,Critical,1,1,0,0.116,0.116,Valid,4,4,0,Salem Hub -> Kochi Hub -> Madurai Store -> Coimbatore Hub,Complete,Complete,7,0,0,0,0,39,High,Normal,Non-Compliant,Temperature: Critical,Shipment is non-compliant based on critical compliance evidence.,4,100.0
SHP0428,B0428,V028,Mumbai,Kochi,2026-08-02 08:14:00,2026-08-02 14:09:00,Completed,Frozen Peas,Frozen,-25.0,-18.0,236,2026-08-15,Refrigerated Van,1000.0,72,72,0,0,-21.02125,-21.91,-20.43,70.03,70,Reliable,72,0,0.0,Compliant,1,1,0,0.143,0.143,Valid,4,4,0,Chennai Warehouse -> Hyderabad DC -> Hyderabad DC -> Hyderabad DC,Complete,Complete,5,0,0,0,0,32,High,Normal,Compliant,All compliance checks passed,Shipment passed the automated compliance checks.,4,100.0
SHP0429,B0429,V043,Coimbatore,Chennai,2026-08-01 09:51:00,2026-08-01 14:27:00,Completed,Frozen Paneer,Frozen,-25.0,-18.0,50,2026-08-06,Refrigerated Van,1000.0,56,56,0,4,-20.60017857142857,-22.2,-15.17,70.48,0,Partial,56,4,20.0,Critical,1,1,0,0.245,0.245,Valid,3,3,0,Bangalore DC -> Coimbatore Hub -> Bangalore DC,Complete,Complete,7,1,47,1,63,128,Low,Deviation,Non-Compliant,Temperature: Critical; Route deviation,Shipment is non-compliant based on critical compliance evidence.,4,100.0
SHP0430,B0430,V051,Pune,Mumbai,2026-08-01 05:32:00,2026-08-01 09:29:00,Completed,Fresh Milk,Chilled,2.0,8.0,166,2026-08-17,Refrigerated Truck,3000.0,48,48,0,0,4.999583333333334,4.13,5.84,71.01,70,Reliable,48,0,0.0,Compliant,1,1,0,0.209,0.209,Valid,4,4,0,Chennai Warehouse -> Salem Hub -> Salem Hub -> Hyderabad DC,Complete,Complete,5,0,0,0,0,8,High,Normal,Compliant,All compliance checks passed,Shipment passed the automated compliance checks.,4,100.0
SHP0431,B0431,V032,Salem,Coimbatore,2026-08-04 08:07:00,2026-08-04 13:32:00,Completed,Frozen Corn,Frozen,-25.0,-18.0,235,2026-08-15,Refrigerated Van,1200.0,66,65,1,0,-20.78276923076923,-22.33,-6.25,70.38,70,Partial,66,1,5.0,Warning,1,1,0,0.252,0.252,Valid,2,2,0,Kochi Hub -> Hyderabad DC,Complete,Complete,7,0,0,0,0,76,High,Normal,Review,Temperature: Warning,Shipment requires auditor review because one or more evidence sources contain exceptions.,4,100.0
SHP0432,B0432,V093,Pune,Madurai,2026-08-06 10:00:00,2026-08-06 11:06:00,Completed,Cheese,Chilled,2.0,8.0,213,2026-08-16,Refrigerated Truck,2500.0,14,13,1,0,4.903076923076923,4.07,5.7,71.75,71,Partial,14,0,0.0,Compliant,1,1,0,0.149,0.149,Valid,3,3,0,Hyderabad DC -> Hyderabad DC -> Coimbatore Hub,Complete,Complete,6,0,0,0,0,37,High,Normal,Compliant,All compliance checks passed,Shipment passed the automated compliance checks.,4,100.0
SHP0433,B0433,V022,Hyderabad,Salem,2026-08-03 09:06:00,2026-08-03 12:52:00,Completed,Frozen Paneer,Frozen,-25.0,-18.0,88,2026-08-24,Refrigerated Van,500.0,46,46,0,0,-20.968695652173913,-21.53,-20.07,70.06,70,Review,46,0,0.0,Compliant,1,0,1,0.989,0.989,Review,2,2,0,Madurai Store -> Salem Hub,Complete,Complete,7,0,0,0,0,48,High,Normal,Review,Calibration issue,Shipment requires auditor review because one or more evidence sources contain exceptions.,4,100.0
SHP0434,B0434,V095,Madurai,Bengaluru,2026-08-07 07:11:00,2026-08-07 12:51:00,Completed,Fresh Milk,Chilled,2.0,8.0,111,2026-08-21,Refrigerated Van,750.0,69,69,0,0,5.0114492753623185,4.2,6.2,70.9,70,Reliable,69,0,0.0,Compliant,1,1,0,0.369,0.369,Valid,4,2,2,Madurai Store -> Pune DC -> Pune DC -> Salem Hub,Incomplete,Review,7,1,15,0,0,37,Moderate,Delayed,Review,Missing custody signature; Traffic delay,Shipment requires auditor review because one or more evidence sources contain exceptions.,4,100.0
SHP0435,B0435,V091,Kochi,Hyderabad,2026-08-01 07:30:00,2026-08-01 11:25:00,Completed,Fresh Cream,Chilled,2.0,8.0,85,2026-08-27,Refrigerated Truck,1500.0,48,48,0,0,5.029166666666667,3.81,6.14,71.03,70,Reliable,48,0,0.0,Compliant,1,1,0,0.387,0.387,Valid,4,3,1,Chennai Warehouse -> Hyderabad DC -> Salem Hub -> Hyderabad DC,Incomplete,Review,6,0,0,1,28,51,Low,Deviation,Review,Missing custody signature; Route deviation,Shipment requires auditor review because one or more evidence sources contain exceptions.,4,100.0
SHP0436,B0436,V060,Madurai,Coimbatore,2026-08-06 08:27:00,2026-08-06 11:14:00,Completed,Frozen Peas,Frozen,-25.0,-18.0,31,2026-08-13,Refrigerated Van,1000.0,34,33,1,0,-20.89878787878788,-21.8,-20.16,71.46,70,Partial,34,0,0.0,Compliant,1,1,0,0.285,0.285,Valid,3,3,0,Salem Hub -> Kochi Hub -> Kochi Hub,Complete,Complete,5,0,0,0,0,38,High,Normal,Compliant,All compliance checks passed,Shipment passed the automated compliance checks.,4,100.0
SHP0437,B0437,V043,Salem,Madurai,2026-08-07 07:54:00,2026-08-07 12:19:00,Completed,Fresh Cream,Chilled,2.0,8.0,237,2026-08-21,Refrigerated Van,1000.0,54,53,1,0,4.94811320754717,4.2,5.74,71.09,70,Partial,54,0,0.0,Compliant,1,1,0,0.344,0.344,Valid,4,4,0,Salem Hub -> Coimbatore Hub -> Hyderabad DC -> Chennai Warehouse,Complete,Complete,6,1,15,0,0,43,Moderate,Delayed,Compliant,Traffic delay,Shipment passed the automated compliance checks.,4,100.0
SHP0438,B0438,V030,Kochi,Pune,2026-08-05 06:36:00,2026-08-05 08:43:00,Completed,Yogurt,Chilled,2.0,8.0,146,2026-08-18,Refrigerated Truck,1500.0,26,26,0,0,5.058076923076923,4.27,6.01,70.13,71,Reliable,26,0,0.0,Compliant,1,1,0,0.141,0.141,Valid,4,4,0,Kochi Hub -> Coimbatore Hub -> Coimbatore Hub -> Kochi Hub,Complete,Complete,6,0,0,0,0,30,High,Normal,Compliant,All compliance checks passed,Shipment passed the automated compliance checks.,4,100.0
SHP0439,B0439,V075,Bengaluru,Hyderabad,2026-08-02 05:46:00,2026-08-02 09:04:00,Completed,Yogurt,Chilled,2.0,8.0,161,2026-08-10,Refrigerated Van,750.0,40,40,0,0,5.14925,4.24,13.01,70.28,71,Reliable,40,1,5.0,Warning,1,1,0,0.058,0.058,Valid,4,4,0,Pune DC -> Chennai Warehouse -> Hyderabad DC -> Coimbatore Hub,Complete,Complete,8,1,50,0,0,64,Moderate,Delayed,Review,Temperature: Warning; Traffic delay,Shipment requires auditor review because one or more evidence sources contain exceptions.,4,100.0
SHP0440,B0440,V040,Hyderabad,Mumbai,2026-08-04 08:54:00,2026-08-04 13:09:00,Completed,Frozen Peas,Frozen,-25.0,-18.0,234,2026-08-23,Refrigerated Truck,3000.0,52,52,0,4,-21.005,-22.1,-19.82,70.03,0,Partial,52,0,0.0,Compliant,1,1,0,0.369,0.369,Valid,2,2,0,Coimbatore Hub -> Hyderabad DC,Complete,Complete,6,1,31,0,0,31,Moderate,Delayed,Compliant,Traffic delay,Shipment passed the automated compliance checks.,4,100.0
SHP0441,B0441,V097,Hyderabad,Coimbatore,2026-08-04 10:09:00,2026-08-04 15:11:00,Completed,Frozen Corn,Frozen,-25.0,-18.0,125,2026-08-06,Refrigerated Truck,2000.0,61,61,0,0,-21.034426229508195,-21.74,-20.12,70.27,70,Reliable,61,0,0.0,Compliant,1,1,0,0.201,0.201,Valid,4,4,0,Madurai Store -> Pune DC -> Salem Hub -> Chennai Warehouse,Complete,Complete,8,0,0,0,0,44,High,Normal,Compliant,All compliance checks passed,Shipment passed the automated compliance checks.,4,100.0
SHP0442,B0442,V083,Chennai,Coimbatore,2026-08-02 08:31:00,2026-08-02 10:39:00,Completed,Frozen Paneer,Frozen,-25.0,-18.0,37,2026-08-18,Refrigerated Van,1000.0,26,26,0,0,-21.101153846153846,-21.97,-20.34,70.53,70,Reliable,26,0,0.0,Compliant,1,1,0,0.331,0.331,Valid,3,3,0,Kochi Hub -> Chennai Warehouse -> Madurai Store,Complete,Complete,8,1,60,0,0,141,Moderate,Delayed,Compliant,Traffic delay,Shipment passed the automated compliance checks.,4,100.0
SHP0443,B0443,V060,Mumbai,Madurai,2026-08-04 08:19:00,2026-08-04 11:27:00,Completed,Frozen Corn,Frozen,-25.0,-18.0,42,2026-08-16,Refrigerated Van,1000.0,38,38,0,0,-21.036315789473683,-21.66,-20.5,70.46,70,Reliable,38,0,0.0,Compliant,1,1,0,0.305,0.305,Valid,4,4,0,Hyderabad DC -> Hyderabad DC -> Chennai Warehouse -> Pune DC,Complete,Complete,8,0,0,0,0,43,High,Normal,Compliant,All compliance checks passed,Shipment passed the automated compliance checks.,4,100.0
SHP0444,B0444,V081,Mumbai,Bengaluru,2026-08-05 05:25:00,2026-08-05 07:15:00,Completed,Yogurt,Chilled,2.0,8.0,296,2026-08-10,Refrigerated Van,500.0,23,23,0,0,5.1152173913043475,4.33,5.67,71.37,70,Reliable,23,0,0.0,Compliant,1,1,0,0.343,0.343,Valid,2,2,0,Kochi Hub -> Coimbatore Hub,Complete,Complete,6,0,0,0,0,10,High,Normal,Compliant,All compliance checks passed,Shipment passed the automated compliance checks.,4,100.0
SHP0445,B0445,V053,Coimbatore,Chennai,2026-08-07 06:52:00,2026-08-07 10:02:00,Completed,Frozen Corn,Frozen,-25.0,-18.0,277,2026-08-13,Refrigerated Van,1000.0,39,39,0,0,-20.935641025641026,-21.86,-19.93,70.15,70,Reliable,39,0,0.0,Compliant,1,1,0,0.198,0.198,Valid,4,4,0,Chennai Warehouse -> Hyderabad DC -> Pune DC -> Madurai Store,Complete,Complete,7,0,0,0,0,48,High,Normal,Compliant,All compliance checks passed,Shipment passed the automated compliance checks.,4,100.0
SHP0446,B0446,V063,Pune,Bangalore,2026-08-07 08:47:00,2026-08-07 12:38:00,Completed,Frozen Paneer,Frozen,-25.0,-18.0,183,2026-08-22,Refrigerated Van,500.0,47,47,0,4,-21.023829787234042,-21.78,-19.42,70.05,0,Partial,47,0,0.0,Compliant,1,1,0,0.258,0.258,Valid,4,4,0,Hyderabad DC -> Chennai Warehouse -> Salem Hub -> Chennai Warehouse,Complete,Complete,6,0,0,1,35,54,Low,Deviation,Review,Route deviation,Shipment requires auditor review because one or more evidence sources contain exceptions.,4,100.0
SHP0447,B0447,V030,Kochi,Madurai,2026-08-03 07:35:00,2026-08-03 13:20:00,Completed,Yogurt,Chilled,2.0,8.0,174,2026-08-08,Refrigerated Truck,1500.0,70,70,0,0,4.896714285714285,4.05,5.87,70.65,71,Reliable,70,0,0.0,Compliant,1,1,0,0.141,0.141,Valid,2,1,1,Salem Hub -> Salem Hub,Incomplete,Review,7,0,0,0,0,66,High,Normal,Review,Missing custody signature,Shipment requires auditor review because one or more evidence sources contain exceptions.,4,100.0
SHP0448,B0448,V037,Kochi,Madurai,2026-08-03 05:26:00,2026-08-03 07:28:00,Completed,Frozen French Fries,Frozen,-25.0,-18.0,173,2026-08-12,Refrigerated Truck,2500.0,25,25,0,0,-20.9812,-21.67,-20.39,70.07,71,Reliable,25,0,0.0,Compliant,1,1,0,0.3,0.3,Valid,4,3,1,Kochi Hub -> Hyderabad DC -> Salem Hub -> Bangalore DC,Incomplete,Review,5,0,0,0,0,16,High,Normal,Review,Missing custody signature,Shipment requires auditor review because one or more evidence sources contain exceptions.,4,100.0
SHP0449,B0449,V063,Madurai,Bengaluru,2026-08-02 06:36:00,2026-08-02 12:30:00,Completed,Frozen Paneer,Frozen,-25.0,-18.0,109,2026-08-24,Refrigerated Van,500.0,71,71,0,0,-20.930985915492958,-21.93,-19.98,70.28,70,Reliable,71,0,0.0,Compliant,1,1,0,0.258,0.258,Valid,3,3,0,Hyderabad DC -> Salem Hub -> Kochi Hub,Complete,Complete,7,0,0,0,0,54,High,Normal,Compliant,All compliance checks passed,Shipment passed the automated compliance checks.,4,100.0
SHP0450,B0450,V059,Mumbai,Coimbatore,2026-08-01 07:22:00,2026-08-01 11:08:00,Completed,Fresh Cream,Chilled,2.0,8.0,273,2026-08-05,Refrigerated Truck,2000.0,46,46,0,0,4.991086956521739,4.03,5.94,70.33,70,Reliable,46,0,0.0,Compliant,1,1,0,0.226,0.226,Valid,4,3,1,Chennai Warehouse -> Pune DC -> Kochi Hub -> Madurai Store,Incomplete,Review,7,2,76,0,0,93,Moderate,Delayed,Review,Missing custody signature; Traffic delay,Shipment requires auditor review because one or more evidence sources contain exceptions.,4,100.0
SHP0451,B0451,V061,Mumbai,Pune,2026-08-03 10:28:00,2026-08-03 12:08:00,Completed,Cheese,Chilled,2.0,8.0,288,2026-08-14,Refrigerated Van,500.0,21,20,1,0,4.942,4.24,5.78,74.46,70,Review,21,0,0.0,Compliant,1,0,1,0.249,0.249,Review,2,1,1,Hyderabad DC -> Kochi Hub,Incomplete,Review,6,0,0,0,0,0,High,Normal,Non-Compliant,Calibration issue; Missing custody signature,Shipment is non-compliant based on critical compliance evidence.,4,100.0
SHP0452,B0452,V064,Salem,Bengaluru,2026-08-06 07:29:00,2026-08-06 09:43:00,Completed,Cheese,Chilled,2.0,8.0,96,2026-08-13,Refrigerated Truck,2500.0,27,27,0,0,4.915555555555556,4.23,6.08,70.25,70,Review,27,0,0.0,Compliant,1,0,1,0.313,0.313,Review,3,3,0,Kochi Hub -> Hyderabad DC -> Bangalore DC,Complete,Complete,7,0,0,0,0,23,High,Normal,Review,Calibration issue,Shipment requires auditor review because one or more evidence sources contain exceptions.,4,100.0
SHP0453,B0453,V011,Coimbatore,Madurai,2026-08-07 08:40:00,2026-08-07 14:32:00,Completed,Yogurt,Chilled,2.0,8.0,295,2026-08-19,Refrigerated Van,750.0,71,70,1,0,5.394285714285714,4.08,11.55,70.13,70,Partial,71,4,20.0,Critical,1,1,0,0.318,0.318,Valid,2,2,0,Bangalore DC -> Salem Hub,Complete,Complete,6,0,0,0,0,27,High,Normal,Non-Compliant,Temperature: Critical,Shipment is non-compliant based on critical compliance evidence.,4,100.0
SHP0454,B0454,V088,Salem,Bangalore,2026-08-07 05:10:00,2026-08-07 09:05:00,Completed,Frozen Corn,Frozen,-25.0,-18.0,173,2026-08-31,Refrigerated Van,500.0,48,48,0,0,-21.014375,-21.6,-19.86,70.53,70,Reliable,48,0,0.0,Compliant,1,1,0,0.384,0.384,Valid,4,4,0,Bangalore DC -> Salem Hub -> Chennai Warehouse -> Hyderabad DC,Complete,Complete,8,3,100,0,0,100,Moderate,Delayed,Compliant,Traffic delay,Shipment passed the automated compliance checks.,4,100.0
SHP0455,B0455,V022,Hyderabad,Madurai,2026-08-05 07:41:00,2026-08-05 11:10:00,Completed,Frozen French Fries,Frozen,-25.0,-18.0,49,2026-08-21,Refrigerated Van,500.0,42,42,0,0,-20.952142857142857,-22.01,-20.35,70.05,70,Review,42,0,0.0,Compliant,1,0,1,0.989,0.989,Review,2,2,0,Coimbatore Hub -> Madurai Store,Complete,Complete,7,1,31,0,0,46,Moderate,Delayed,Review,Calibration issue; Traffic delay,Shipment requires auditor review because one or more evidence sources contain exceptions.,4,100.0
SHP0456,B0456,V012,Kochi,Bengaluru,2026-08-05 10:25:00,2026-08-05 13:43:00,Completed,Cheese,Chilled,2.0,8.0,291,2026-08-08,Refrigerated Truck,2500.0,40,40,0,0,5.047,4.46,5.82,71.64,72,Review,40,0,0.0,Compliant,1,0,1,0.876,0.876,Review,2,2,0,Hyderabad DC -> Hyderabad DC,Complete,Complete,6,0,0,0,0,17,High,Normal,Review,Calibration issue,Shipment requires auditor review because one or more evidence sources contain exceptions.,4,100.0
SHP0457,B0457,V099,Pune,Madurai,2026-08-01 10:37:00,2026-08-01 16:03:00,Completed,Yogurt,Chilled,2.0,8.0,150,2026-08-10,Refrigerated Van,500.0,66,66,0,0,5.001969696969697,3.84,6.11,70.03,70,Reliable,66,0,0.0,Compliant,1,1,0,0.127,0.127,Valid,2,2,0,Madurai Store -> Salem Hub,Complete,Complete,7,0,0,0,0,18,High,Normal,Compliant,All compliance checks passed,Shipment passed the automated compliance checks.,4,100.0
SHP0458,B0458,V047,Pune,Salem,2026-08-07 06:11:00,2026-08-07 07:22:00,Completed,Fresh Milk,Chilled,2.0,8.0,250,2026-08-31,Refrigerated Van,500.0,15,15,0,0,4.942,4.2,5.77,70.32,74,Review,15,0,0.0,Compliant,1,0,1,0.739,0.739,Review,4,4,0,Chennai Warehouse -> Pune DC -> Hyderabad DC -> Chennai Warehouse,Complete,Complete,5,0,0,0,0,0,High,Normal,Review,Calibration issue,Shipment requires auditor review because one or more evidence sources contain exceptions.,4,100.0
SHP0459,B0459,V092,Coimbatore,Hyderabad,2026-08-03 10:16:00,2026-08-03 11:56:00,Completed,Fresh Milk,Chilled,2.0,8.0,294,2026-08-27,Refrigerated Van,500.0,21,21,0,0,5.048095238095238,4.34,5.99,71.15,70,Reliable,21,0,0.0,Compliant,1,1,0,0.27,0.27,Valid,3,2,1,Chennai Warehouse -> Bangalore DC -> Salem Hub,Incomplete,Review,7,1,57,0,0,57,Moderate,Delayed,Review,Missing custody signature; Traffic delay,Shipment requires auditor review because one or more evidence sources contain exceptions.,4,100.0
SHP0460,B0460,V061,Hyderabad,Coimbatore,2026-08-01 08:06:00,2026-08-01 09:54:00,Completed,Frozen Peas,Frozen,-25.0,-18.0,157,2026-08-16,Refrigerated Van,500.0,22,22,0,0,-20.89181818181818,-21.66,-20.27,72.71,71,Review,22,0,0.0,Compliant,1,0,1,0.249,0.249,Review,2,2,0,Madurai Store -> Bangalore DC,Complete,Complete,6,0,0,0,0,33,High,Normal,Review,Calibration issue,Shipment requires auditor review because one or more evidence sources contain exceptions.,4,100.0
SHP0461,B0461,V024,Bangalore,Pune,2026-08-01 09:03:00,2026-08-01 10:16:00,Completed,Frozen Peas,Frozen,-25.0,-18.0,116,2026-08-29,Refrigerated Truck,1500.0,15,15,0,0,-21.037333333333333,-21.99,-19.83,72.88,71,Reliable,15,0,0.0,Compliant,1,1,0,0.236,0.236,Valid,4,3,1,Bangalore DC -> Kochi Hub -> Madurai Store -> Hyderabad DC,Incomplete,Review,7,0,0,0,0,86,High,Normal,Review,Missing custody signature,Shipment requires auditor review because one or more evidence sources contain exceptions.,4,100.0
SHP0462,B0462,V052,Salem,Mumbai,2026-08-07 05:06:00,2026-08-07 08:20:00,Completed,Frozen French Fries,Frozen,-25.0,-18.0,126,2026-08-31,Refrigerated Truck,1500.0,39,39,0,0,-20.99051282051282,-21.67,-20.21,70.77,70,Reliable,39,0,0.0,Compliant,1,1,0,0.171,0.171,Valid,3,2,1,Bangalore DC -> Coimbatore Hub -> Pune DC,Incomplete,Review,6,0,0,0,0,17,High,Normal,Review,Missing custody signature,Shipment requires auditor review because one or more evidence sources contain exceptions.,4,100.0
SHP0463,B0463,V054,Bengaluru,Coimbatore,2026-08-03 05:41:00,2026-08-03 10:00:00,Completed,Fresh Paneer,Chilled,2.0,8.0,27,2026-08-10,Refrigerated Truck,1500.0,52,52,0,0,5.3425,4.0,10.87,70.02,71,Reliable,52,4,20.0,Critical,1,1,0,0.259,0.259,Valid,2,2,0,Coimbatore Hub -> Coimbatore Hub,Complete,Complete,7,1,20,2,60,80,Low,Deviation,Non-Compliant,Temperature: Critical; Route deviation,Shipment is non-compliant based on critical compliance evidence.,4,100.0
SHP0464,B0464,V095,Kochi,Hyderabad,2026-08-04 06:47:00,2026-08-04 10:12:00,Completed,Frozen Peas,Frozen,-25.0,-18.0,265,2026-08-11,Refrigerated Van,750.0,42,42,0,0,-20.916666666666668,-21.47,-19.89,72.01,70,Reliable,42,0,0.0,Compliant,1,1,0,0.369,0.369,Valid,2,2,0,Bangalore DC -> Kochi Hub,Complete,Complete,6,1,51,0,0,87,Moderate,Delayed,Compliant,Traffic delay,Shipment passed the automated compliance checks.,4,100.0
SHP0465,B0465,V054,Pune,Coimbatore,2026-08-04 06:33:00,2026-08-04 09:00:00,Completed,Frozen French Fries,Frozen,-25.0,-18.0,142,2026-08-21,Refrigerated Truck,1500.0,30,30,0,0,-20.982666666666667,-21.78,-20.22,70.6,70,Reliable,30,0,0.0,Compliant,1,1,0,0.259,0.259,Valid,2,2,0,Chennai Warehouse -> Madurai Store,Complete,Complete,8,0,0,0,0,0,High,Normal,Compliant,All compliance checks passed,Shipment passed the automated compliance checks.,4,100.0
SHP0466,B0466,V039,Chennai,Madurai,2026-08-04 07:55:00,2026-08-04 12:58:00,Completed,Fresh Paneer,Chilled,2.0,8.0,214,2026-08-18,Refrigerated Truck,2000.0,61,60,1,0,4.9375,3.46,5.85,70.07,70,Partial,61,0,0.0,Compliant,1,1,0,0.153,0.153,Valid,2,2,0,Bangalore DC -> Salem Hub,Complete,Complete,6,0,0,1,17,50,Low,Deviation,Review,Route deviation,Shipment requires auditor review because one or more evidence sources contain exceptions.,4,100.0
SHP0467,B0467,V012,Pune,Mumbai,2026-08-04 07:35:00,2026-08-04 12:22:00,Completed,Fresh Paneer,Chilled,2.0,8.0,153,2026-08-15,Refrigerated Truck,2500.0,58,58,0,4,5.053448275862069,4.29,5.94,70.09,0,Review,58,0,0.0,Compliant,1,0,1,0.876,0.876,Review,4,3,1,Bangalore DC -> Hyderabad DC -> Chennai Warehouse -> Pune DC,Incomplete,Review,5,0,0,0,0,0,High,Normal,Non-Compliant,Calibration issue; Missing custody signature,Shipment is non-compliant based on critical compliance evidence.,4,100.0
SHP0468,B0468,V057,Coimbatore,Mumbai,2026-08-03 06:37:00,2026-08-03 11:30:00,Completed,Cheese,Chilled,2.0,8.0,70,2026-08-29,Refrigerated Van,1000.0,59,59,0,0,5.0996610169491525,4.05,5.96,70.42,70,Reliable,59,0,0.0,Compliant,1,1,0,0.238,0.238,Valid,3,3,0,Pune DC -> Hyderabad DC -> Hyderabad DC,Complete,Complete,6,0,0,0,0,13,High,Normal,Compliant,All compliance checks passed,Shipment passed the automated compliance checks.,4,100.0
SHP0469,B0469,V083,Bengaluru,Salem,2026-08-07 09:40:00,2026-08-07 15:13:00,Completed,Fresh Paneer,Chilled,2.0,8.0,124,2026-08-15,Refrigerated Van,1000.0,67,67,0,0,4.98910447761194,3.67,5.7,70.63,70,Reliable,67,0,0.0,Compliant,1,1,0,0.331,0.331,Valid,3,3,0,Kochi Hub -> Coimbatore Hub -> Chennai Warehouse,Complete,Complete,8,1,26,1,35,80,Low,Deviation,Review,Route deviation,Shipment requires auditor review because one or more evidence sources contain exceptions.,4,100.0
SHP0470,B0470,V049,Kochi,Madurai,2026-08-01 08:34:00,2026-08-01 11:30:00,Completed,Cheese,Chilled,2.0,8.0,43,2026-08-22,Refrigerated Van,1200.0,36,36,0,0,4.876666666666667,4.22,5.55,70.2,70,Reliable,36,0,0.0,Compliant,1,1,0,0.154,0.154,Valid,3,2,1,Chennai Warehouse -> Madurai Store -> Kochi Hub,Incomplete,Review,5,0,0,0,0,40,High,Normal,Review,Missing custody signature,Shipment requires auditor review because one or more evidence sources contain exceptions.,4,100.0
SHP0471,B0471,V081,Bangalore,Pune,2026-08-01 07:23:00,2026-08-01 11:54:00,Completed,Frozen Corn,Frozen,-25.0,-18.0,28,2026-08-12,Refrigerated Van,500.0,55,55,0,0,-21.017636363636363,-22.15,-20.06,70.34,70,Reliable,55,0,0.0,Compliant,1,1,0,0.343,0.343,Valid,4,4,0,Coimbatore Hub -> Pune DC -> Pune DC -> Kochi Hub,Complete,Complete,7,0,0,0,0,0,High,Normal,Compliant,All compliance checks passed,Shipment passed the automated compliance checks.,4,100.0
SHP0472,B0472,V047,Kochi,Coimbatore,2026-08-01 07:00:00,2026-08-01 08:00:00,Completed,Fresh Paneer,Chilled,2.0,8.0,98,2026-08-10,Refrigerated Van,500.0,13,13,0,0,5.147692307692307,4.35,5.69,70.53,71,Review,13,0,0.0,Compliant,1,0,1,0.739,0.739,Review,2,2,0,Bangalore DC -> Madurai Store,Complete,Complete,7,0,0,0,0,34,High,Normal,Review,Calibration issue,Shipment requires auditor review because one or more evidence sources contain exceptions.,4,100.0
SHP0473,B0473,V064,Mumbai,Coimbatore,2026-08-02 07:18:00,2026-08-02 12:18:00,Completed,Yogurt,Chilled,2.0,8.0,214,2026-08-22,Refrigerated Truck,2500.0,61,61,0,0,4.938688524590164,3.93,5.89,70.3,70,Review,61,0,0.0,Compliant,1,0,1,0.313,0.313,Review,4,4,0,Bangalore DC -> Madurai Store -> Coimbatore Hub -> Kochi Hub,Complete,Complete,7,0,0,0,0,19,High,Normal,Review,Calibration issue,Shipment requires auditor review because one or more evidence sources contain exceptions.,4,100.0
SHP0474,B0474,V028,Mumbai,Chennai,2026-08-06 10:59:00,2026-08-06 16:10:00,Completed,Frozen French Fries,Frozen,-25.0,-18.0,192,2026-08-12,Refrigerated Van,1000.0,63,62,1,0,-20.989838709677418,-22.16,-19.56,70.21,70,Partial,63,0,0.0,Compliant,1,1,0,0.143,0.143,Valid,3,3,0,Hyderabad DC -> Coimbatore Hub -> Pune DC,Complete,Complete,8,1,20,0,0,39,Moderate,Delayed,Compliant,Traffic delay,Shipment passed the automated compliance checks.,4,100.0
SHP0475,B0475,V032,Pune,Kochi,2026-08-07 05:49:00,2026-08-07 10:29:00,Completed,Cheese,Chilled,2.0,8.0,255,2026-08-09,Refrigerated Van,1200.0,57,57,0,0,5.011578947368421,4.17,5.71,70.15,70,Reliable,57,0,0.0,Compliant,1,1,0,0.252,0.252,Valid,4,3,1,Bangalore DC -> Coimbatore Hub -> Hyderabad DC -> Coimbatore Hub,Incomplete,Review,7,1,58,0,0,64,Moderate,Delayed,Review,Missing custody signature; Traffic delay,Shipment requires auditor review because one or more evidence sources contain exceptions.,4,100.0
SHP0476,B0476,V011,Kochi,Bengaluru,2026-08-03 06:50:00,2026-08-03 07:53:00,Completed,Yogurt,Chilled,2.0,8.0,91,2026-08-27,Refrigerated Van,750.0,13,13,0,0,6.072307692307692,4.25,18.57,71.87,72,Reliable,13,1,5.0,Warning,1,1,0,0.318,0.318,Valid,4,4,0,Bangalore DC -> Coimbatore Hub -> Chennai Warehouse -> Coimbatore Hub,Complete,Complete,5,0,0,1,89,89,Low,Deviation,Review,Temperature: Warning; Route deviation,Shipment requires auditor review because one or more evidence sources contain exceptions.,4,100.0
SHP0477,B0477,V001,Mumbai,Madurai,2026-08-03 06:26:00,2026-08-03 12:13:00,Completed,Yogurt,Chilled,2.0,8.0,297,2026-08-24,Refrigerated Van,500.0,70,70,0,0,4.947285714285714,3.72,5.8,70.29,70,Reliable,70,0,0.0,Compliant,1,1,0,0.359,0.359,Valid,2,2,0,Bangalore DC -> Bangalore DC,Complete,Complete,5,0,0,0,0,13,High,Normal,Compliant,All compliance checks passed,Shipment passed the automated compliance checks.,4,100.0
SHP0478,B0478,V022,Salem,Hyderabad,2026-08-01 06:45:00,2026-08-01 11:04:00,Completed,Frozen Paneer,Frozen,-25.0,-18.0,37,2026-08-30,Refrigerated Van,500.0,52,52,0,0,-21.037307692307692,-21.81,-20.08,70.36,70,Review,52,0,0.0,Compliant,1,0,1,0.989,0.989,Review,3,3,0,Kochi Hub -> Pune DC -> Chennai Warehouse,Complete,Complete,6,0,0,0,0,95,High,Normal,Review,Calibration issue,Shipment requires auditor review because one or more evidence sources contain exceptions.,4,100.0
SHP0479,B0479,V030,Salem,Hyderabad,2026-08-01 07:05:00,2026-08-01 11:41:00,Completed,Frozen Peas,Frozen,-25.0,-18.0,23,2026-08-17,Refrigerated Truck,1500.0,56,56,0,0,-20.965714285714284,-22.06,-20.14,70.07,70,Reliable,56,0,0.0,Compliant,1,1,0,0.141,0.141,Valid,3,2,1,Pune DC -> Coimbatore Hub -> Kochi Hub,Incomplete,Review,6,1,20,0,0,48,Moderate,Delayed,Review,Missing custody signature; Traffic delay,Shipment requires auditor review because one or more evidence sources contain exceptions.,4,100.0
SHP0480,B0480,V058,Hyderabad,Mumbai,2026-08-07 09:51:00,2026-08-07 13:10:00,Completed,Frozen Corn,Frozen,-25.0,-18.0,54,2026-08-26,Refrigerated Van,500.0,40,40,0,0,-20.654,-21.93,-5.53,70.48,70,Reliable,40,1,5.0,Warning,1,1,0,0.055,0.055,Valid,3,3,0,Pune DC -> Salem Hub -> Salem Hub,Complete,Complete,5,0,0,0,0,0,High,Normal,Review,Temperature: Warning,Shipment requires auditor review because one or more evidence sources contain exceptions.,4,100.0
SHP0481,B0481,V043,Kochi,Mumbai,2026-08-03 07:26:00,2026-08-03 10:02:00,Completed,Frozen Peas,Frozen,-25.0,-18.0,131,2026-08-20,Refrigerated Van,1000.0,32,32,0,4,-21.09625,-21.8,-20.06,70.82,0,Partial,32,0,0.0,Compliant,1,1,0,0.245,0.245,Valid,3,3,0,Chennai Warehouse -> Salem Hub -> Salem Hub,Complete,Complete,5,0,0,0,0,27,High,Normal,Compliant,All compliance checks passed,Shipment passed the automated compliance checks.,4,100.0
SHP0482,B0482,V075,Bangalore,Coimbatore,2026-08-03 06:18:00,2026-08-03 08:14:00,Completed,Fresh Paneer,Chilled,2.0,8.0,50,2026-08-23,Refrigerated Van,750.0,24,23,1,0,5.6582608695652175,4.14,11.58,70.68,70,Partial,24,4,20.0,Critical,1,1,0,0.368,0.368,Valid,4,4,0,Salem Hub -> Pune DC -> Kochi Hub -> Chennai Warehouse,Complete,Complete,6,0,0,0,0,42,High,Normal,Non-Compliant,Temperature: Critical,Shipment is non-compliant based on critical compliance evidence.,4,100.0
SHP0483,B0483,V099,Pune,Bengaluru,2026-08-03 08:17:00,2026-08-03 13:28:00,Completed,Cheese,Chilled,2.0,8.0,28,2026-08-04,Refrigerated Van,500.0,63,63,0,0,4.9661904761904765,4.08,5.93,70.41,70,Reliable,63,0,0.0,Compliant,1,1,0,0.127,0.127,Valid,3,3,0,Bangalore DC -> Chennai Warehouse -> Coimbatore Hub,Complete,Complete,7,2,44,0,0,58,Moderate,Delayed,Compliant,Traffic delay,Shipment passed the automated compliance checks.,4,100.0
SHP0484,B0484,V051,Hyderabad,Madurai,2026-08-05 05:09:00,2026-08-05 06:34:00,Completed,Fresh Milk,Chilled,2.0,8.0,28,2026-08-20,Refrigerated Truck,3000.0,18,18,0,0,5.053333333333334,4.64,5.83,72.02,72,Reliable,18,0,0.0,Compliant,1,1,0,0.209,0.209,Valid,4,4,0,Bangalore DC -> Hyderabad DC -> Salem Hub -> Pune DC,Complete,Complete,5,0,0,1,22,22,Low,Deviation,Review,Route deviation,Shipment requires auditor review because one or more evidence sources contain exceptions.,4,100.0
SHP0485,B0485,V082,Mumbai,Chennai,2026-08-07 06:06:00,2026-08-07 09:30:00,Completed,Fresh Cream,Chilled,2.0,8.0,166,2026-08-04,Refrigerated Truck,1500.0,41,41,0,0,4.974146341463414,4.11,5.81,70.55,70,Reliable,41,0,0.0,Compliant,1,1,0,0.251,0.251,Valid,3,3,0,Pune DC -> Madurai Store -> Bangalore DC,Complete,Complete,7,0,0,0,0,5,High,Normal,Compliant,All compliance checks passed,Shipment passed the automated compliance checks.,4,100.0
SHP0486,B0486,V017,Kochi,Coimbatore,2026-08-05 10:28:00,2026-08-05 11:32:00,Completed,Yogurt,Chilled,2.0,8.0,74,2026-08-07,Refrigerated Truck,2500.0,13,13,0,0,4.98,4.4,5.67,70.46,70,Reliable,13,0,0.0,Compliant,1,1,0,0.292,0.292,Valid,3,3,0,Chennai Warehouse -> Bangalore DC -> Madurai Store,Complete,Complete,8,2,85,0,0,135,Moderate,Delayed,Compliant,Traffic delay,Shipment passed the automated compliance checks.,4,100.0
SHP0487,B0487,V002,Hyderabad,Bangalore,2026-08-06 06:00:00,2026-08-06 11:12:00,Completed,Frozen Corn,Frozen,-25.0,-18.0,118,2026-08-23,Refrigerated Truck,2000.0,63,63,0,0,-20.97142857142857,-21.84,-20.15,70.1,70,Reliable,63,0,0.0,Compliant,1,1,0,0.126,0.126,Valid,4,4,0,Hyderabad DC -> Kochi Hub -> Kochi Hub -> Hyderabad DC,Complete,Complete,7,1,49,0,0,75,Moderate,Delayed,Compliant,Traffic delay,Shipment passed the automated compliance checks.,4,100.0
SHP0488,B0488,V026,Hyderabad,Madurai,2026-08-05 08:19:00,2026-08-05 13:34:00,Completed,Fresh Paneer,Chilled,2.0,8.0,156,2026-08-29,Refrigerated Truck,2500.0,64,64,0,0,5.0021875,3.98,5.82,70.65,70,Reliable,64,0,0.0,Compliant,1,1,0,0.07,0.07,Valid,3,3,0,Chennai Warehouse -> Madurai Store -> Pune DC,Complete,Complete,5,1,58,0,0,58,Moderate,Delayed,Compliant,Traffic delay,Shipment passed the automated compliance checks.,4,100.0
SHP0489,B0489,V049,Madurai,Pune,2026-08-07 10:50:00,2026-08-07 12:06:00,Completed,Fresh Milk,Chilled,2.0,8.0,211,2026-08-16,Refrigerated Van,1200.0,16,16,0,0,4.93875,4.32,5.44,72.38,74,Reliable,16,0,0.0,Compliant,1,1,0,0.107,0.107,Valid,2,1,1,Kochi Hub -> Kochi Hub,Incomplete,Review,8,1,17,0,0,55,Moderate,Delayed,Review,Missing custody signature; Traffic delay,Shipment requires auditor review because one or more evidence sources contain exceptions.,4,100.0
SHP0490,B0490,V022,Madurai,Bangalore,2026-08-02 06:03:00,2026-08-02 09:19:00,Completed,Fresh Cream,Chilled,2.0,8.0,144,2026-08-26,Refrigerated Van,500.0,40,40,0,0,4.957,3.88,5.8,70.61,70,Review,40,0,0.0,Compliant,1,0,1,0.989,0.989,Review,2,2,0,Kochi Hub -> Kochi Hub,Complete,Complete,7,0,0,0,0,17,High,Normal,Review,Calibration issue,Shipment requires auditor review because one or more evidence sources contain exceptions.,4,100.0
SHP0491,B0491,V006,Salem,Bangalore,2026-08-02 09:30:00,2026-08-02 12:02:00,Completed,Frozen Mixed Vegetables,Frozen,-25.0,-18.0,61,2026-08-24,Refrigerated Van,500.0,31,31,0,0,-21.059677419354838,-22.14,-20.15,71.33,70,Reliable,31,0,0.0,Compliant,1,1,0,0.105,0.105,Valid,3,3,0,Chennai Warehouse -> Salem Hub -> Pune DC,Complete,Complete,5,1,11,0,0,17,Moderate,Delayed,Compliant,Traffic delay,Shipment passed the automated compliance checks.,4,100.0
SHP0492,B0492,V004,Hyderabad,Kochi,2026-08-01 08:53:00,2026-08-01 09:59:00,Completed,Frozen Peas,Frozen,-25.0,-18.0,227,2026-08-16,Refrigerated Van,500.0,14,14,0,0,-21.032857142857143,-21.56,-20.46,71.49,77,Review,14,0,0.0,Compliant,1,0,1,0.8,0.8,Review,4,4,0,Pune DC -> Hyderabad DC -> Pune DC -> Salem Hub,Complete,Complete,5,0,0,0,0,17,High,Normal,Review,Calibration issue,Shipment requires auditor review because one or more evidence sources contain exceptions.,4,100.0
SHP0493,B0493,V056,Bangalore,Hyderabad,2026-08-01 08:49:00,2026-08-01 13:35:00,Completed,Fresh Cream,Chilled,2.0,8.0,263,2026-08-05,Refrigerated Van,1200.0,58,58,0,0,5.006896551724138,4.06,5.74,71.29,70,Review,58,0,0.0,Compliant,1,0,1,1.041,1.041,Review,4,4,0,Hyderabad DC -> Bangalore DC -> Bangalore DC -> Pune DC,Complete,Complete,7,0,0,0,0,12,High,Normal,Review,Calibration issue,Shipment requires auditor review because one or more evidence sources contain exceptions.,4,100.0
SHP0494,B0494,V006,Hyderabad,Chennai,2026-08-05 06:29:00,2026-08-05 08:17:00,Completed,Frozen Corn,Frozen,-25.0,-18.0,62,2026-08-19,Refrigerated Van,500.0,22,22,0,0,-21.09318181818182,-22.05,-20.51,70.18,71,Reliable,22,0,0.0,Compliant,1,1,0,0.105,0.105,Valid,3,3,0,Madurai Store -> Pune DC -> Chennai Warehouse,Complete,Complete,8,0,0,0,0,42,High,Normal,Compliant,All compliance checks passed,Shipment passed the automated compliance checks.,4,100.0
SHP0495,B0495,V050,Mumbai,Hyderabad,2026-08-02 08:24:00,2026-08-02 12:03:00,Completed,Fresh Paneer,Chilled,2.0,8.0,68,2026-08-20,Refrigerated Van,1200.0,44,44,0,0,5.277954545454546,3.81,15.2,70.88,70,Reliable,44,1,5.0,Warning,1,1,0,0.244,0.244,Valid,4,4,0,Chennai Warehouse -> Madurai Store -> Chennai Warehouse -> Bangalore DC,Complete,Complete,8,0,0,0,0,30,High,Normal,Review,Temperature: Warning,Shipment requires auditor review because one or more evidence sources contain exceptions.,4,100.0
SHP0496,B0496,V035,Madurai,Coimbatore,2026-08-06 10:46:00,2026-08-06 12:07:00,Completed,Frozen Corn,Frozen,-25.0,-18.0,128,2026-08-31,Refrigerated Van,750.0,17,17,0,0,-20.964117647058824,-22.08,-20.63,70.59,74,Reliable,17,0,0.0,Compliant,1,1,0,0.234,0.234,Valid,2,2,0,Bangalore DC -> Coimbatore Hub,Complete,Complete,5,0,0,0,0,0,High,Normal,Compliant,All compliance checks passed,Shipment passed the automated compliance checks.,4,100.0
SHP0497,B0497,V011,Mumbai,Bangalore,2026-08-02 07:30:00,2026-08-02 11:02:00,Completed,Fresh Paneer,Chilled,2.0,8.0,43,2026-08-06,Refrigerated Van,750.0,43,43,0,0,5.089069767441861,4.11,6.01,70.13,70,Reliable,43,0,0.0,Compliant,1,1,0,0.318,0.318,Valid,4,4,0,Madurai Store -> Coimbatore Hub -> Madurai Store -> Coimbatore Hub,Complete,Complete,5,0,0,0,0,0,High,Normal,Compliant,All compliance checks passed,Shipment passed the automated compliance checks.,4,100.0
SHP0498,B0498,V065,Hyderabad,Madurai,2026-08-05 05:55:00,2026-08-05 08:46:00,Completed,Fresh Cream,Chilled,2.0,8.0,36,2026-08-09,Refrigerated Van,500.0,35,35,0,0,4.973428571428571,3.98,5.77,70.4,70,Reliable,35,0,0.0,Compliant,1,1,0,0.063,0.063,Valid,2,2,0,Madurai Store -> Coimbatore Hub,Complete,Complete,7,0,0,0,0,21,High,Normal,Compliant,All compliance checks passed,Shipment passed the automated compliance checks.,4,100.0
SHP0499,B0499,V052,Bangalore,Hyderabad,2026-08-06 10:27:00,2026-08-06 14:13:00,Completed,Fresh Milk,Chilled,2.0,8.0,126,2026-08-22,Refrigerated Truck,1500.0,46,46,0,4,5.0917391304347825,3.89,5.97,70.24,0,Review,46,0,0.0,Compliant,1,0,1,0.302,0.302,Review,3,3,0,Kochi Hub -> Coimbatore Hub -> Coimbatore Hub,Complete,Complete,8,2,76,1,81,177,Low,Deviation,Review,Calibration issue; Route deviation,Shipment requires auditor review because one or more evidence sources contain exceptions.,4,100.0
SHP0500,B0500,V053,Chennai,Coimbatore,2026-08-01 07:37:00,2026-08-01 09:38:00,Completed,Frozen French Fries,Frozen,-25.0,-18.0,59,2026-08-13,Refrigerated Van,1000.0,25,25,0,0,-20.9968,-21.74,-20.02,70.87,70,Reliable,25,0,0.0,Compliant,1,1,0,0.198,0.198,Valid,2,1,1,Kochi Hub -> Salem Hub,Incomplete,Review,8,0,0,0,0,31,High,Normal,Review,Missing custody signature,Shipment requires auditor review because one or more evidence sources contain exceptions.,4,100.0
