shipment_id,batch_id,vehicle_id,origin,destination,departure_time,arrival_time,status,total_sensor_records,excursion_records,total_excursion_minutes,max_temperature,min_temperature,average_temperature,review_records,recovered_records,temperature_status,sensors_used,invalid_calibration_sensors,max_calibration_error,calibration_status,total_handovers,missing_signatures,custody_status,traffic_delays,route_deviations,total_delay_minutes,route_status,overall_compliance,compliance_reason,dispatcher_override,override_reason
SHP0001,B0001,V058,Kochi,Hyderabad,2026-08-01 08:41:00,2026-08-01 10:27:00,Completed,22,1,5.0,-5.221458089022317,-21.76531209786312,-20.326940113718607,6,0,Warning,1,0,0.055,Valid,3,0,Complete,0,0,38,Delayed,Review,Temperature: Warning,Yes,Traffic delay requires route adjustment
SHP0002,B0002,V004,Bangalore,Chennai,2026-08-07 06:30:00,2026-08-07 08:09:00,Completed,20,0,0.0,-20.259088726196424,-21.78386804955191,-21.104775181252325,20,0,Compliant,1,1,0.8,Review,4,2,Review,0,0,0,Normal,Non-Compliant,Calibration issue; Missing custody signature,Yes,Alternate route available with lower delay
SHP0003,B0003,V046,Coimbatore,Bengaluru,2026-08-04 06:33:00,2026-08-04 11:20:00,Completed,58,0,0.0,5.625857462325603,3.952101958364102,4.982420599559467,0,0,Compliant,1,0,0.37,Valid,4,1,Review,2,0,69,Deviation,Review,Missing custody signature; Traffic delay,Yes,Route deviation approved due to road closure
SHP0004,B0004,V099,Chennai,Madurai,2026-08-05 05:55:00,2026-08-05 10:31:00,Completed,56,0,0.0,-20.014703155005886,-21.767508486119617,-21.015974908876952,0,0,Compliant,1,0,0.127,Valid,2,0,Complete,0,0,31,Normal,Compliant,All compliance checks passed,No,
SHP0005,B0005,V072,Coimbatore,Pune,2026-08-04 05:14:00,2026-08-04 09:30:00,Completed,52,0,0.0,-19.911932333364152,-21.605938889874345,-20.95667456681078,0,1,Compliant,1,0,0.136,Valid,4,2,Review,2,0,91,Delayed,Review,Missing custody signature; Traffic delay,No,
SHP0006,B0006,V043,Bangalore,Madurai,2026-08-06 07:56:00,2026-08-06 11:29:00,Completed,43,4,20.0,-15.029391456342609,-21.810057034663043,-20.47751475815986,1,0,Critical,1,0,0.344,Valid,3,0,Complete,1,0,57,Delayed,Non-Compliant,Temperature: Critical; Traffic delay,No,
SHP0007,B0007,V053,Coimbatore,Salem,2026-08-04 06:41:00,2026-08-04 08:54:00,Completed,27,4,20.0,11.689852521850938,4.3922520136183945,5.92655180549608,2,0,Critical,1,0,0.198,Valid,3,1,Review,1,0,48,Delayed,Non-Compliant,Temperature: Critical; Missing custody signature; Traffic delay,No,
SHP0008,B0008,V046,Bangalore,Mumbai,2026-08-05 09:00:00,2026-08-05 11:24:00,Completed,29,4,20.0,-15.996958583591468,-21.780835119809,-20.275908062387405,1,0,Critical,1,0,0.37,Valid,2,0,Complete,1,0,86,Delayed,Non-Compliant,Temperature: Critical; Traffic delay,No,
SHP0009,B0009,V020,Pune,Madurai,2026-08-07 10:13:00,2026-08-07 12:30:00,Completed,28,0,0.0,5.836954910274184,4.514324554884907,5.093973729334265,28,0,Compliant,1,1,0.703,Review,4,0,Complete,0,0,10,Normal,Review,Calibration issue,No,
SHP0010,B0010,V028,Salem,Bengaluru,2026-08-03 10:28:00,2026-08-03 13:19:00,Completed,35,4,20.0,10.732192926529644,4.42076626340107,5.546438517088017,2,0,Critical,1,0,0.143,Valid,3,0,Complete,1,0,20,Delayed,Non-Compliant,Temperature: Critical; Traffic delay,No,
SHP0011,B0011,V099,Bangalore,Coimbatore,2026-08-07 05:37:00,2026-08-07 09:53:00,Completed,52,0,0.0,5.875921173287069,4.150441710276077,5.071760856861374,4,0,Compliant,1,0,0.127,Valid,3,0,Complete,0,0,0,Normal,Compliant,All compliance checks passed,No,
SHP0012,B0012,V096,Madurai,Salem,2026-08-02 07:50:00,2026-08-02 10:01:00,Completed,27,0,0.0,5.651446218228517,4.17302315998405,4.9336588292449495,27,0,Compliant,1,1,0.347,Review,3,0,Complete,0,0,34,Normal,Review,Calibration issue,No,
SHP0013,B0013,V060,Hyderabad,Kochi,2026-08-02 10:05:00,2026-08-02 13:12:00,Completed,38,4,20.0,11.745353743678285,4.357421471896971,5.609198103375064,2,0,Critical,1,0,0.285,Valid,2,1,Review,0,0,16,Normal,Non-Compliant,Temperature: Critical; Missing custody signature,No,
SHP0014,B0014,V052,Mumbai,Bengaluru,2026-08-03 09:46:00,2026-08-03 13:11:00,Completed,42,0,0.0,5.763766656188052,4.278047159734192,4.941859017720027,0,0,Compliant,1,0,0.171,Valid,3,0,Complete,0,0,0,Normal,Compliant,All compliance checks passed,No,
SHP0015,B0015,V002,Chennai,Kochi,2026-08-05 06:33:00,2026-08-05 11:53:00,Completed,65,4,20.0,11.319453045918593,4.011342199949084,5.345764904922743,2,0,Critical,1,0,0.126,Valid,2,0,Complete,1,1,115,Deviation,Non-Compliant,Temperature: Critical; Route deviation,No,
SHP0016,B0016,V041,Hyderabad,Salem,2026-08-06 07:41:00,2026-08-06 09:08:00,Completed,18,0,0.0,-20.24928167497677,-21.71148809956172,-20.95866997644289,0,0,Compliant,1,0,0.373,Valid,4,0,Complete,0,0,39,Normal,Compliant,All compliance checks passed,No,
SHP0017,B0017,V100,Hyderabad,Pune,2026-08-06 08:07:00,2026-08-06 11:10:00,Completed,37,0,0.0,5.97830079184673,3.9212453428233713,4.9812004962326295,0,0,Compliant,1,0,0.175,Valid,4,0,Complete,1,0,39,Delayed,Compliant,Traffic delay,No,
SHP0018,B0018,V062,Pune,Bengaluru,2026-08-07 05:33:00,2026-08-07 06:39:00,Completed,14,0,0.0,-19.970656078700056,-21.44261036349667,-20.89088155821187,0,0,Compliant,1,0,0.358,Valid,3,0,Complete,1,0,73,Delayed,Compliant,Traffic delay,No,
SHP0019,B0019,V031,Madurai,Coimbatore,2026-08-01 08:55:00,2026-08-01 14:46:00,Completed,71,4,20.0,11.638880822516253,3.939612076642795,5.28144072289009,2,0,Critical,1,0,0.329,Valid,3,0,Complete,0,0,0,Normal,Non-Compliant,Temperature: Critical,No,
SHP0020,B0020,V011,Salem,Madurai,2026-08-06 09:43:00,2026-08-06 12:11:00,Completed,30,0,0.0,6.052952825934956,4.2636503074673415,5.0123012850691975,0,0,Compliant,1,0,0.318,Valid,3,0,Complete,0,0,23,Normal,Compliant,All compliance checks passed,No,
SHP0021,B0021,V097,Pune,Bangalore,2026-08-01 05:37:00,2026-08-01 07:11:00,Completed,19,0,0.0,5.724979423198771,4.3719101120438175,5.062386536576444,0,0,Compliant,1,0,0.201,Valid,4,0,Complete,0,0,43,Normal,Compliant,All compliance checks passed,No,
SHP0022,B0022,V002,Chennai,Kochi,2026-08-03 06:02:00,2026-08-03 07:32:00,Completed,19,4,20.0,-15.597785241428069,-21.510699430328124,-19.98742069627343,2,0,Critical,1,0,0.126,Valid,2,0,Complete,0,0,18,Normal,Non-Compliant,Temperature: Critical,No,
SHP0023,B0023,V037,Salem,Mumbai,2026-08-04 07:40:00,2026-08-04 12:56:00,Completed,64,0,0.0,5.982120055964358,4.393702354001107,5.041452310925334,0,0,Compliant,1,0,0.3,Valid,2,0,Complete,0,0,60,Normal,Compliant,All compliance checks passed,No,
SHP0024,B0024,V092,Salem,Bangalore,2026-08-04 10:34:00,2026-08-04 16:09:00,Completed,68,0,0.0,6.010772970349449,4.120477617351967,5.118462497400463,0,0,Compliant,1,0,0.27,Valid,4,0,Complete,0,0,73,Normal,Compliant,All compliance checks passed,No,
SHP0025,B0025,V010,Bengaluru,Coimbatore,2026-08-06 07:05:00,2026-08-06 10:43:00,Completed,44,1,5.0,-3.299175625969478,-21.96955173065158,-20.601922581491973,44,0,Warning,1,1,0.736,Review,4,0,Complete,0,0,36,Normal,Review,Temperature: Warning; Calibration issue,No,
SHP0026,B0026,V026,Bangalore,Mumbai,2026-08-07 06:51:00,2026-08-07 09:10:00,Completed,28,0,0.0,5.719074610739809,4.183306052630284,5.0226815879682105,4,0,Compliant,1,0,0.07,Valid,3,0,Complete,0,0,0,Normal,Compliant,All compliance checks passed,No,
SHP0027,B0027,V019,Mumbai,Madurai,2026-08-05 08:37:00,2026-08-05 10:10:00,Completed,19,0,0.0,5.856908143444746,4.724324872764173,5.1962065516118905,19,0,Compliant,1,1,0.335,Review,3,0,Complete,0,0,55,Normal,Review,Calibration issue,No,
SHP0028,B0028,V007,Kochi,Salem,2026-08-06 10:54:00,2026-08-06 13:56:00,Completed,37,0,0.0,5.673571076583148,3.8605829517479697,5.026301580437445,0,0,Compliant,1,0,0.357,Valid,2,0,Complete,0,0,0,Normal,Compliant,All compliance checks passed,No,
SHP0029,B0029,V032,Chennai,Hyderabad,2026-08-01 05:59:00,2026-08-01 10:41:00,Completed,57,0,0.0,5.96136623409531,3.841497848722524,5.045871114856419,0,0,Compliant,1,0,0.252,Valid,3,0,Complete,1,0,97,Delayed,Compliant,Traffic delay,No,
SHP0030,B0030,V083,Bangalore,Pune,2026-08-06 09:38:00,2026-08-06 11:06:00,Completed,18,0,0.0,-20.34662738707956,-21.458538157207474,-20.825357103906278,0,0,Compliant,1,0,0.331,Valid,4,0,Complete,1,1,39,Deviation,Review,Route deviation,No,
SHP0031,B0031,V080,Kochi,Coimbatore,2026-08-07 05:00:00,2026-08-07 07:10:00,Completed,27,0,0.0,-20.083622970963702,-21.99976228594943,-21.063686850443005,4,0,Compliant,1,0,0.251,Valid,2,0,Complete,0,0,16,Normal,Compliant,All compliance checks passed,No,
SHP0032,B0032,V036,Chennai,Coimbatore,2026-08-03 08:22:00,2026-08-03 13:49:00,Completed,66,0,0.0,-20.02409903746429,-21.67718272567816,-20.974590460246706,0,0,Compliant,1,0,0.259,Valid,3,0,Complete,0,0,0,Normal,Compliant,All compliance checks passed,No,
SHP0033,B0033,V040,Mumbai,Kochi,2026-08-01 06:23:00,2026-08-01 08:27:00,Completed,25,0,0.0,6.031883735061728,4.202505742971418,4.990129649530778,0,0,Compliant,1,0,0.369,Valid,2,0,Complete,0,1,94,Deviation,Review,Route deviation,No,
SHP0034,B0034,V045,Kochi,Bangalore,2026-08-05 05:21:00,2026-08-05 10:00:00,Completed,56,1,5.0,-4.337922364891258,-21.861156237180992,-20.669370394913862,56,0,Warning,1,1,0.902,Review,4,1,Review,0,0,13,Normal,Non-Compliant,Temperature: Warning; Calibration issue; Missing custody signature,No,
SHP0035,B0035,V063,Kochi,Mumbai,2026-08-06 05:16:00,2026-08-06 11:11:00,Completed,72,1,5.0,-2.822655990567293,-22.036416916857963,-20.78333396268078,2,0,Warning,1,0,0.258,Valid,3,0,Complete,0,0,35,Normal,Review,Temperature: Warning,No,
SHP0036,B0036,V090,Bangalore,Pune,2026-08-05 08:32:00,2026-08-05 12:36:00,Completed,49,0,0.0,-20.133999062039567,-21.7865426357504,-20.91984826201278,49,0,Compliant,1,1,0.953,Review,4,0,Complete,0,0,5,Normal,Review,Calibration issue,No,
SHP0037,B0037,V026,Chennai,Pune,2026-08-01 09:10:00,2026-08-01 13:18:00,Completed,50,0,0.0,-19.959326754327844,-21.70430510366233,-20.91942127263973,0,0,Compliant,1,0,0.07,Valid,3,0,Complete,1,0,56,Delayed,Compliant,Traffic delay,No,
SHP0038,B0038,V088,Coimbatore,Kochi,2026-08-06 05:57:00,2026-08-06 11:50:00,Completed,71,0,0.0,-19.9767202857327,-22.14890488531266,-20.93844540479489,0,1,Compliant,1,0,0.384,Valid,2,1,Review,1,1,108,Deviation,Review,Missing custody signature; Route deviation,No,
SHP0039,B0039,V042,Bangalore,Hyderabad,2026-08-05 10:32:00,2026-08-05 11:33:00,Completed,13,0,0.0,5.597075427583809,4.030303895890823,4.962852904828022,0,0,Compliant,1,0,0.15,Valid,4,0,Complete,1,0,63,Delayed,Compliant,Traffic delay,No,
SHP0040,B0040,V072,Chennai,Hyderabad,2026-08-02 05:30:00,2026-08-02 09:36:00,Completed,50,4,20.0,-15.425773622363476,-21.94517297421673,-20.66175841702636,5,0,Critical,1,0,0.136,Valid,3,0,Complete,1,0,27,Delayed,Non-Compliant,Temperature: Critical; Traffic delay,No,
SHP0041,B0041,V086,Salem,Coimbatore,2026-08-01 06:59:00,2026-08-01 08:17:00,Completed,16,0,0.0,-20.25068088951298,-21.575311191326943,-20.92064718042388,0,1,Compliant,1,0,0.124,Valid,3,0,Complete,0,1,100,Deviation,Review,Route deviation,No,
SHP0042,B0042,V091,Mumbai,Salem,2026-08-06 06:20:00,2026-08-06 09:27:00,Completed,38,0,0.0,-19.96417454319256,-21.84874195960344,-20.916863451464604,0,0,Compliant,1,0,0.387,Valid,4,1,Review,2,0,67,Delayed,Review,Missing custody signature; Traffic delay,No,
SHP0043,B0043,V021,Salem,Madurai,2026-08-01 07:52:00,2026-08-01 09:31:00,Completed,20,0,0.0,5.646150275787777,4.528384083536079,5.044961045851294,20,0,Compliant,1,1,0.128,Review,3,0,Complete,0,0,20,Normal,Review,Calibration issue,No,
SHP0044,B0044,V070,Bengaluru,Madurai,2026-08-03 05:32:00,2026-08-03 06:58:00,Completed,18,0,0.0,5.775571599623314,4.4616081279013,5.117335453589591,4,0,Compliant,1,0,0.064,Valid,4,0,Complete,0,0,67,Normal,Compliant,All compliance checks passed,No,
SHP0045,B0045,V008,Coimbatore,Hyderabad,2026-08-01 09:02:00,2026-08-01 13:27:00,Completed,54,0,0.0,5.735273470718049,3.9187070828003048,5.060922254847696,54,0,Compliant,1,1,0.186,Review,2,0,Complete,0,0,14,Normal,Review,Calibration issue,No,
SHP0046,B0046,V083,Bangalore,Pune,2026-08-04 07:49:00,2026-08-04 11:28:00,Completed,44,0,0.0,5.868377086999126,4.249931012141702,4.899511052526901,0,0,Compliant,1,0,0.331,Valid,3,1,Review,0,1,141,Deviation,Review,Missing custody signature; Route deviation,No,
SHP0047,B0047,V002,Madurai,Bangalore,2026-08-02 09:29:00,2026-08-02 10:33:00,Completed,13,1,5.0,-3.716253263104991,-21.860726160531723,-19.780990290093232,2,0,Warning,1,0,0.126,Valid,2,0,Complete,0,0,55,Normal,Review,Temperature: Warning,No,
SHP0048,B0048,V047,Madurai,Hyderabad,2026-08-06 07:36:00,2026-08-06 11:11:00,Completed,44,0,0.0,-20.2898756429562,-21.75273961819905,-20.978206582934085,44,0,Compliant,1,1,0.739,Review,2,0,Complete,0,0,0,Normal,Review,Calibration issue,No,
SHP0049,B0049,V100,Bengaluru,Hyderabad,2026-08-01 08:23:00,2026-08-01 13:35:00,Completed,63,0,0.0,-20.107479941522943,-21.79171992415032,-21.02075004218656,4,0,Compliant,1,0,0.175,Valid,2,1,Review,0,0,18,Normal,Review,Missing custody signature,No,
SHP0050,B0050,V099,Hyderabad,Mumbai,2026-08-04 06:09:00,2026-08-04 07:12:00,Completed,13,0,0.0,6.057737338806814,3.987884990901468,5.058076871972735,0,0,Compliant,1,0,0.127,Valid,4,0,Complete,0,0,24,Normal,Compliant,All compliance checks passed,No,
SHP0051,B0051,V059,Salem,Chennai,2026-08-02 06:34:00,2026-08-02 10:31:00,Completed,48,0,0.0,-19.744900586536,-22.17615545386571,-20.95737628927149,0,0,Compliant,1,0,0.194,Valid,4,1,Review,0,1,72,Deviation,Review,Missing custody signature; Route deviation,No,
SHP0052,B0052,V045,Chennai,Madurai,2026-08-06 05:48:00,2026-08-06 10:00:00,Completed,51,4,20.0,11.225441766509984,3.79219513767167,5.415482184797321,51,0,Critical,1,1,0.902,Review,2,1,Review,0,1,103,Deviation,Non-Compliant,Temperature: Critical; Calibration issue; Missing custody signature; Route deviation,No,
SHP0053,B0053,V018,Kochi,Bangalore,2026-08-06 06:33:00,2026-08-06 09:34:00,Completed,37,0,0.0,-20.430900745560024,-21.97552686331057,-21.03393686249629,0,0,Compliant,1,0,0.116,Valid,4,0,Complete,0,0,0,Normal,Compliant,All compliance checks passed,No,
SHP0054,B0054,V091,Salem,Pune,2026-08-07 05:09:00,2026-08-07 08:32:00,Completed,41,0,0.0,-20.342930818697614,-21.91847238125489,-21.048394567200177,0,0,Compliant,1,0,0.387,Valid,3,0,Complete,0,0,0,Normal,Compliant,All compliance checks passed,No,
SHP0055,B0055,V007,Bangalore,Chennai,2026-08-01 06:57:00,2026-08-01 12:23:00,Completed,66,4,20.0,-15.07600605846275,-22.024933463518124,-20.683924535143067,4,0,Critical,1,0,0.357,Valid,4,0,Complete,1,0,52,Delayed,Non-Compliant,Temperature: Critical; Traffic delay,No,
SHP0056,B0056,V053,Salem,Madurai,2026-08-02 08:47:00,2026-08-02 10:30:00,Completed,21,0,0.0,-20.19027615068526,-21.884744764531803,-20.987423647752045,0,0,Compliant,1,0,0.198,Valid,2,0,Complete,0,0,61,Normal,Compliant,All compliance checks passed,No,
SHP0057,B0057,V017,Bengaluru,Bangalore,2026-08-01 09:08:00,2026-08-01 13:29:00,Completed,53,4,20.0,11.392554417534964,4.211958472915265,5.410121164501975,2,0,Critical,1,0,0.399,Valid,2,0,Complete,0,0,66,Normal,Non-Compliant,Temperature: Critical,No,
SHP0058,B0058,V071,Bangalore,Bengaluru,2026-08-05 09:03:00,2026-08-05 13:45:00,Completed,57,1,5.0,6.243967422402145,-1.9238674195216672,4.913606077752761,57,0,Warning,1,1,0.367,Review,3,0,Complete,0,0,0,Normal,Review,Temperature: Warning; Calibration issue,No,
SHP0059,B0059,V041,Coimbatore,Hyderabad,2026-08-02 07:16:00,2026-08-02 10:57:00,Completed,45,0,0.0,5.669796973339015,4.138662832051502,5.040726966251305,0,0,Compliant,1,0,0.373,Valid,4,0,Complete,0,0,5,Normal,Compliant,All compliance checks passed,No,
SHP0060,B0060,V045,Salem,Madurai,2026-08-01 07:28:00,2026-08-01 10:47:00,Completed,40,0,0.0,-20.3865089160334,-21.73847514489524,-21.146560014537208,0,0,Compliant,1,0,0.162,Valid,3,1,Review,0,0,16,Normal,Review,Missing custody signature,No,
SHP0061,B0061,V049,Hyderabad,Bangalore,2026-08-02 06:08:00,2026-08-02 12:07:00,Completed,72,0,0.0,5.699833561682168,4.357369159704528,5.030423734597544,0,0,Compliant,1,0,0.107,Valid,2,1,Review,0,0,0,Normal,Review,Missing custody signature,No,
SHP0062,B0062,V016,Bangalore,Coimbatore,2026-08-04 05:10:00,2026-08-04 10:00:00,Completed,59,4,20.0,-15.14250313209324,-21.88772014909901,-20.644250156398467,1,0,Critical,1,0,0.341,Valid,2,0,Complete,0,0,48,Normal,Non-Compliant,Temperature: Critical,No,
SHP0063,B0063,V017,Pune,Madurai,2026-08-02 08:07:00,2026-08-02 13:41:00,Completed,67,0,0.0,-19.95168276358801,-22.05429909560675,-21.013740875920146,0,0,Compliant,1,0,0.292,Valid,2,0,Complete,0,0,24,Normal,Compliant,All compliance checks passed,No,
SHP0064,B0064,V080,Madurai,Hyderabad,2026-08-04 08:19:00,2026-08-04 13:16:00,Completed,60,4,20.0,11.636970311800036,4.1177735771603725,5.405777765902766,0,0,Critical,1,0,0.251,Valid,2,0,Complete,1,0,97,Delayed,Non-Compliant,Temperature: Critical; Traffic delay,No,
SHP0065,B0065,V033,Kochi,Bangalore,2026-08-01 05:10:00,2026-08-01 08:45:00,Completed,44,4,20.0,11.933778851130748,4.214949723330968,5.504456784231945,2,0,Critical,1,0,0.12,Valid,2,0,Complete,0,0,33,Normal,Non-Compliant,Temperature: Critical,No,
SHP0066,B0066,V061,Bengaluru,Chennai,2026-08-02 06:53:00,2026-08-02 10:40:00,Completed,46,0,0.0,5.804908178280306,3.9881759689222784,5.1426054606107785,46,0,Compliant,1,1,0.249,Review,3,1,Review,1,0,44,Delayed,Non-Compliant,Calibration issue; Missing custody signature; Traffic delay,No,
SHP0067,B0067,V028,Coimbatore,Bangalore,2026-08-01 10:15:00,2026-08-01 14:17:00,Completed,49,4,20.0,-15.056420906561115,-21.51844666569996,-20.686025738598275,1,0,Critical,1,0,0.143,Valid,4,0,Complete,1,0,30,Delayed,Non-Compliant,Temperature: Critical; Traffic delay,No,
SHP0068,B0068,V061,Salem,Mumbai,2026-08-06 05:43:00,2026-08-06 09:16:00,Completed,43,0,0.0,6.077213465592199,4.228930968261756,5.041799775069332,43,0,Compliant,1,1,0.249,Review,4,1,Review,1,0,72,Delayed,Non-Compliant,Calibration issue; Missing custody signature; Traffic delay,No,
SHP0069,B0069,V083,Kochi,Coimbatore,2026-08-01 05:25:00,2026-08-01 10:16:00,Completed,59,1,5.0,-3.0369880832492395,-22.09900193709009,-20.779588872572788,2,0,Warning,1,0,0.331,Valid,3,1,Review,0,0,0,Normal,Review,Temperature: Warning; Missing custody signature,No,
SHP0070,B0070,V059,Mumbai,Hyderabad,2026-08-05 05:29:00,2026-08-05 07:21:00,Completed,23,4,20.0,11.693727721760164,4.547972264383857,6.124099328842317,1,0,Critical,1,0,0.194,Valid,4,0,Complete,0,0,21,Normal,Non-Compliant,Temperature: Critical,No,
SHP0071,B0071,V071,Coimbatore,Bangalore,2026-08-06 05:03:00,2026-08-06 07:56:00,Completed,35,0,0.0,5.631247223024873,3.803545611639711,5.013617417421941,35,0,Compliant,1,1,0.367,Review,2,1,Review,0,0,29,Normal,Non-Compliant,Calibration issue; Missing custody signature,No,
SHP0072,B0072,V051,Coimbatore,Hyderabad,2026-08-03 08:23:00,2026-08-03 10:06:00,Completed,21,0,0.0,5.794910399692324,4.23509800983209,4.967708793390233,0,0,Compliant,1,0,0.209,Valid,3,0,Complete,1,0,60,Delayed,Compliant,Traffic delay,No,
SHP0073,B0073,V064,Bengaluru,Kochi,2026-08-01 05:01:00,2026-08-01 06:34:00,Completed,19,0,0.0,5.964670670231369,4.3380450255086815,5.071197775299097,19,0,Compliant,1,1,0.313,Review,4,0,Complete,1,0,57,Delayed,Review,Calibration issue; Traffic delay,No,
SHP0074,B0074,V034,Hyderabad,Pune,2026-08-05 06:05:00,2026-08-05 09:54:00,Completed,46,0,0.0,5.7550750629360765,4.004669058634804,4.9028970677655455,0,1,Compliant,1,0,0.136,Valid,4,0,Complete,0,0,70,Normal,Compliant,All compliance checks passed,No,
SHP0075,B0075,V070,Bangalore,Chennai,2026-08-06 08:03:00,2026-08-06 10:29:00,Completed,30,0,0.0,-20.298026771341103,-21.81997651143099,-21.04971159684698,0,0,Compliant,1,0,0.13,Valid,4,0,Complete,0,1,66,Deviation,Review,Route deviation,No,
SHP0076,B0076,V071,Bengaluru,Salem,2026-08-02 10:25:00,2026-08-02 15:39:00,Completed,63,5,25.0,13.477268760152938,4.21955925438455,5.501676305677805,2,0,Critical,1,0,0.15,Valid,4,0,Complete,0,0,9,Normal,Non-Compliant,Temperature: Critical,No,
SHP0077,B0077,V037,Chennai,Salem,2026-08-07 10:27:00,2026-08-07 12:55:00,Completed,30,0,0.0,-20.468543668700708,-22.162795287728656,-21.122079494508103,0,0,Compliant,1,0,0.3,Valid,3,1,Review,0,1,68,Deviation,Review,Missing custody signature; Route deviation,No,
SHP0078,B0078,V036,Madurai,Hyderabad,2026-08-01 06:17:00,2026-08-01 09:40:00,Completed,41,0,0.0,-20.087339265384465,-21.753260083223434,-21.04994711831549,0,0,Compliant,1,0,0.259,Valid,4,0,Complete,0,0,24,Normal,Compliant,All compliance checks passed,No,
SHP0079,B0079,V062,Pune,Coimbatore,2026-08-02 05:39:00,2026-08-02 08:44:00,Completed,38,4,20.0,-16.028090501335186,-21.81032314924455,-20.45790571942938,0,0,Critical,1,0,0.358,Valid,2,0,Complete,2,0,65,Delayed,Non-Compliant,Temperature: Critical; Traffic delay,No,
SHP0080,B0080,V087,Kochi,Pune,2026-08-04 08:56:00,2026-08-04 14:37:00,Completed,69,0,0.0,-20.2235130254145,-21.995123462614032,-20.958799402164765,0,0,Compliant,1,0,0.052,Valid,2,0,Complete,0,0,39,Normal,Compliant,All compliance checks passed,No,
SHP0081,B0081,V039,Pune,Chennai,2026-08-02 05:17:00,2026-08-02 09:33:00,Completed,52,0,0.0,5.928016288806904,4.148506362234075,4.985689939674455,0,0,Compliant,1,0,0.216,Valid,3,2,Review,1,0,48,Delayed,Review,Missing custody signature; Traffic delay,No,
SHP0082,B0082,V023,Coimbatore,Salem,2026-08-06 06:41:00,2026-08-06 12:10:00,Completed,66,0,0.0,-20.09142010183088,-22.01289843408788,-20.94248127349228,66,0,Compliant,1,1,1.142,Review,3,1,Review,0,0,30,Normal,Non-Compliant,Calibration issue; Missing custody signature,No,
SHP0083,B0083,V017,Hyderabad,Mumbai,2026-08-04 05:24:00,2026-08-04 09:27:00,Completed,49,0,0.0,-20.091026111821247,-22.171779476000907,-21.011735624577025,0,0,Compliant,1,0,0.399,Valid,3,0,Complete,1,1,98,Deviation,Review,Route deviation,No,
SHP0084,B0084,V058,Pune,Mumbai,2026-08-05 08:22:00,2026-08-05 14:11:00,Completed,70,0,0.0,-20.161662599276337,-22.04125483513092,-20.98404823971164,0,0,Compliant,1,0,0.055,Valid,4,1,Review,0,0,45,Normal,Review,Missing custody signature,No,
SHP0085,B0085,V071,Mumbai,Madurai,2026-08-07 08:17:00,2026-08-07 10:49:00,Completed,31,0,0.0,6.00462262063377,4.124031318008578,4.965405433524846,0,0,Compliant,1,0,0.15,Valid,3,0,Complete,0,0,0,Normal,Compliant,All compliance checks passed,No,
SHP0086,B0086,V016,Chennai,Madurai,2026-08-01 09:14:00,2026-08-01 10:29:00,Completed,16,0,0.0,-20.078544499158085,-21.59177768925589,-20.823419239938445,0,0,Compliant,1,0,0.341,Valid,3,0,Complete,0,0,0,Normal,Compliant,All compliance checks passed,No,
SHP0087,B0087,V060,Kochi,Chennai,2026-08-03 08:33:00,2026-08-03 12:36:00,Completed,49,0,0.0,5.81992483831437,4.208709900250076,4.97181347934195,0,0,Compliant,1,0,0.285,Valid,3,0,Complete,1,2,155,Deviation,Review,Route deviation,No,
SHP0088,B0088,V040,Bengaluru,Hyderabad,2026-08-03 06:06:00,2026-08-03 09:12:00,Completed,38,0,0.0,5.885012415758897,4.165408936651566,5.036092404656727,0,0,Compliant,1,0,0.369,Valid,2,0,Complete,0,0,29,Normal,Compliant,All compliance checks passed,No,
SHP0089,B0089,V016,Hyderabad,Kochi,2026-08-03 09:52:00,2026-08-03 11:20:00,Completed,18,0,0.0,5.994075966671557,4.659785888501182,5.235496834743548,0,0,Compliant,1,0,0.341,Valid,3,0,Complete,0,0,19,Normal,Compliant,All compliance checks passed,No,
SHP0090,B0090,V022,Hyderabad,Bengaluru,2026-08-06 08:22:00,2026-08-06 10:50:00,Completed,30,0,0.0,-19.702762812162103,-21.92645754518755,-20.97848329770296,30,0,Compliant,1,1,0.989,Review,4,0,Complete,1,0,61,Delayed,Review,Calibration issue; Traffic delay,No,
SHP0091,B0091,V023,Coimbatore,Hyderabad,2026-08-01 09:20:00,2026-08-01 13:23:00,Completed,49,0,0.0,5.816830416057497,4.129173981422858,4.889330835589889,49,0,Compliant,1,1,0.875,Review,2,0,Complete,0,0,0,Normal,Review,Calibration issue,No,
SHP0092,B0092,V030,Bengaluru,Chennai,2026-08-02 10:44:00,2026-08-02 14:44:00,Completed,49,0,0.0,5.521311214926426,4.2125983146247785,4.883087484456469,0,0,Compliant,1,0,0.141,Valid,2,0,Complete,0,0,0,Normal,Compliant,All compliance checks passed,No,
SHP0093,B0093,V049,Bengaluru,Coimbatore,2026-08-03 09:12:00,2026-08-03 14:24:00,Completed,63,0,0.0,-20.338553092603085,-21.878451128439977,-21.058434237523382,0,0,Compliant,1,0,0.154,Valid,2,0,Complete,0,1,110,Deviation,Review,Route deviation,No,
SHP0094,B0094,V040,Mumbai,Kochi,2026-08-06 06:31:00,2026-08-06 07:50:00,Completed,16,0,0.0,5.667627810330533,4.236799145150677,5.051633018521681,0,0,Compliant,1,0,0.369,Valid,2,0,Complete,1,0,111,Delayed,Compliant,Traffic delay,No,
SHP0095,B0095,V010,Bangalore,Chennai,2026-08-03 06:38:00,2026-08-03 09:30:00,Completed,35,0,0.0,5.742201325917705,4.355373056358869,5.029930711213619,0,0,Compliant,1,0,0.291,Valid,3,0,Complete,0,0,93,Normal,Compliant,All compliance checks passed,No,
SHP0096,B0096,V026,Chennai,Mumbai,2026-08-02 08:00:00,2026-08-02 11:49:00,Completed,46,0,0.0,-19.739177306195167,-21.956121746987776,-20.91942341849184,0,0,Compliant,1,0,0.07,Valid,4,0,Complete,0,0,37,Normal,Compliant,All compliance checks passed,No,
SHP0097,B0097,V095,Bengaluru,Hyderabad,2026-08-06 06:21:00,2026-08-06 08:51:00,Completed,31,0,0.0,5.657351262321813,3.9182433473588896,4.817088907721023,0,0,Compliant,1,0,0.261,Valid,4,1,Review,1,0,85,Delayed,Review,Missing custody signature; Traffic delay,No,
SHP0098,B0098,V026,Madurai,Chennai,2026-08-06 05:09:00,2026-08-06 11:09:00,Completed,73,0,0.0,-19.87413822221098,-22.13563146379417,-21.012464122415043,73,0,Compliant,1,1,0.909,Review,3,0,Complete,0,0,7,Normal,Review,Calibration issue,No,
SHP0099,B0099,V042,Coimbatore,Bangalore,2026-08-03 09:55:00,2026-08-03 14:01:00,Completed,50,0,0.0,5.719490007340525,4.243995931526823,5.0521548096144775,0,0,Compliant,1,0,0.15,Valid,4,0,Complete,1,0,44,Delayed,Compliant,Traffic delay,No,
SHP0100,B0100,V051,Bangalore,Madurai,2026-08-04 10:42:00,2026-08-04 15:04:00,Completed,53,0,0.0,-20.060369685319696,-22.052292054731627,-21.07348434367261,0,0,Compliant,1,0,0.209,Valid,2,0,Complete,0,0,72,Normal,Compliant,All compliance checks passed,No,
SHP0101,B0101,V040,Bengaluru,Bangalore,2026-08-02 07:19:00,2026-08-02 11:04:00,Completed,46,1,5.0,-7.130306377240858,-22.2030529358775,-20.81573082790177,2,0,Warning,1,0,0.369,Valid,3,0,Complete,0,0,19,Normal,Review,Temperature: Warning,No,
SHP0102,B0102,V062,Coimbatore,Salem,2026-08-05 10:31:00,2026-08-05 14:13:00,Completed,45,0,0.0,-20.12151074313888,-21.80871945598478,-21.021521980813727,0,0,Compliant,1,0,0.386,Valid,3,0,Complete,0,0,29,Normal,Compliant,All compliance checks passed,No,
SHP0103,B0103,V085,Coimbatore,Mumbai,2026-08-01 10:56:00,2026-08-01 14:58:00,Completed,49,0,0.0,5.679774393203484,4.301717026856139,4.950439673137176,0,0,Compliant,1,0,0.391,Valid,4,0,Complete,0,0,23,Normal,Compliant,All compliance checks passed,No,
SHP0104,B0104,V040,Hyderabad,Bengaluru,2026-08-05 06:24:00,2026-08-05 10:01:00,Completed,44,4,20.0,-15.011606098769612,-21.948663744343555,-20.59098457852292,1,0,Critical,1,0,0.369,Valid,2,0,Complete,0,0,0,Normal,Non-Compliant,Temperature: Critical,No,
SHP0105,B0105,V005,Kochi,Coimbatore,2026-08-04 06:46:00,2026-08-04 07:46:00,Completed,13,1,5.0,14.663919538701643,4.725488345697967,5.7605032642471095,2,0,Warning,1,0,0.115,Valid,2,0,Complete,1,0,69,Delayed,Review,Temperature: Warning; Traffic delay,No,
SHP0106,B0106,V002,Bengaluru,Salem,2026-08-04 09:02:00,2026-08-04 11:35:00,Completed,31,4,20.0,11.005069090219989,4.000775593002825,5.63955044298173,2,1,Critical,1,0,0.126,Valid,3,1,Review,1,0,10,Delayed,Non-Compliant,Temperature: Critical; Missing custody signature; Traffic delay,No,
SHP0107,B0107,V047,Bengaluru,Madurai,2026-08-05 09:14:00,2026-08-05 15:03:00,Completed,70,4,20.0,-15.127752229555083,-21.892187207649783,-20.72625226865189,70,0,Critical,1,1,0.739,Review,3,0,Complete,0,0,33,Normal,Non-Compliant,Temperature: Critical; Calibration issue,No,
SHP0108,B0108,V079,Bangalore,Pune,2026-08-07 06:21:00,2026-08-07 08:00:00,Completed,20,0,0.0,-20.329049164877805,-21.86787096709028,-21.079684337021632,0,0,Compliant,1,0,0.158,Valid,2,0,Complete,1,0,46,Delayed,Compliant,Traffic delay,No,
SHP0109,B0109,V004,Hyderabad,Madurai,2026-08-05 07:10:00,2026-08-05 08:55:00,Completed,22,0,0.0,5.830026015739417,4.444852579817679,5.061477812377533,0,0,Compliant,1,0,0.104,Valid,3,0,Complete,0,0,30,Normal,Compliant,All compliance checks passed,No,
SHP0110,B0110,V063,Madurai,Pune,2026-08-05 05:16:00,2026-08-05 08:03:00,Completed,34,0,0.0,-20.221921970289227,-21.7284344277178,-20.97132527361289,0,0,Compliant,1,0,0.258,Valid,4,0,Complete,1,0,63,Delayed,Compliant,Traffic delay,No,
SHP0111,B0111,V065,Hyderabad,Bangalore,2026-08-02 07:16:00,2026-08-02 09:11:00,Completed,24,0,0.0,-20.27178243682328,-21.868628561904178,-21.022793068570547,0,0,Compliant,1,0,0.312,Valid,3,0,Complete,0,0,56,Normal,Compliant,All compliance checks passed,No,
SHP0112,B0112,V011,Chennai,Salem,2026-08-01 08:46:00,2026-08-01 13:20:00,Completed,55,0,0.0,5.690490618254253,3.834297604073224,4.9824877360393565,0,1,Compliant,1,0,0.318,Valid,3,0,Complete,0,0,0,Normal,Compliant,All compliance checks passed,No,
SHP0113,B0113,V083,Coimbatore,Salem,2026-08-05 08:56:00,2026-08-05 13:09:00,Completed,51,0,0.0,5.861971470953257,4.3474659558331705,5.02051360154436,0,0,Compliant,1,0,0.331,Valid,4,0,Complete,0,1,59,Deviation,Review,Route deviation,No,
SHP0114,B0114,V042,Madurai,Mumbai,2026-08-07 08:06:00,2026-08-07 13:11:00,Completed,62,0,0.0,5.955348797148176,3.731829705648778,5.025029186023894,0,0,Compliant,1,0,0.15,Valid,3,0,Complete,0,0,46,Normal,Compliant,All compliance checks passed,No,
SHP0115,B0115,V019,Bengaluru,Hyderabad,2026-08-02 06:28:00,2026-08-02 08:05:00,Completed,20,0,0.0,5.480980499193229,3.7293184747216,4.926922261949836,20,0,Compliant,1,1,0.335,Review,4,0,Complete,0,0,48,Normal,Review,Calibration issue,No,
SHP0116,B0116,V018,Chennai,Kochi,2026-08-05 05:20:00,2026-08-05 08:33:00,Completed,39,0,0.0,6.102087097487961,4.163878840458738,4.89433768835416,39,0,Compliant,1,1,1.121,Review,4,1,Review,2,0,69,Delayed,Non-Compliant,Calibration issue; Missing custody signature; Traffic delay,No,
SHP0117,B0117,V086,Bangalore,Madurai,2026-08-02 06:56:00,2026-08-02 11:08:00,Completed,51,0,0.0,-19.7692558519278,-22.049926822549644,-20.9826918224192,0,0,Compliant,1,0,0.317,Valid,4,1,Review,1,0,77,Delayed,Review,Missing custody signature; Traffic delay,No,
SHP0118,B0118,V051,Coimbatore,Bangalore,2026-08-07 09:57:00,2026-08-07 11:44:00,Completed,22,0,0.0,5.643808266310389,4.463971171550426,4.9610865873960215,0,0,Compliant,1,0,0.209,Valid,4,0,Complete,0,0,10,Normal,Compliant,All compliance checks passed,No,
SHP0119,B0119,V052,Madurai,Bengaluru,2026-08-01 09:57:00,2026-08-01 15:04:00,Completed,62,0,0.0,5.699254827648334,4.123498459533888,5.035064859631557,0,0,Compliant,1,0,0.171,Valid,3,0,Complete,0,0,31,Normal,Compliant,All compliance checks passed,No,
SHP0120,B0120,V039,Chennai,Salem,2026-08-06 10:10:00,2026-08-06 14:52:00,Completed,57,0,0.0,6.245164080417537,4.111831596425949,5.012131271102629,0,1,Compliant,1,0,0.216,Valid,2,0,Complete,0,0,84,Normal,Compliant,All compliance checks passed,No,
SHP0121,B0121,V081,Coimbatore,Chennai,2026-08-03 05:21:00,2026-08-03 08:06:00,Completed,34,0,0.0,-20.04225523976702,-21.841899802287607,-20.956893077357787,0,0,Compliant,1,0,0.343,Valid,2,0,Complete,0,0,0,Normal,Compliant,All compliance checks passed,No,
SHP0122,B0122,V035,Hyderabad,Salem,2026-08-05 10:35:00,2026-08-05 16:11:00,Completed,68,0,0.0,6.015752649113145,4.271695888879194,5.005325416443401,0,0,Compliant,1,0,0.234,Valid,4,1,Review,2,0,55,Delayed,Review,Missing custody signature; Traffic delay,No,
SHP0123,B0123,V064,Kochi,Hyderabad,2026-08-04 05:03:00,2026-08-04 09:24:00,Completed,53,0,0.0,6.167269422024037,4.170143984981452,5.022463981772772,53,0,Compliant,1,1,0.313,Review,4,1,Review,0,1,53,Deviation,Non-Compliant,Calibration issue; Missing custody signature; Route deviation,No,
SHP0124,B0124,V095,Bengaluru,Mumbai,2026-08-02 08:09:00,2026-08-02 09:36:00,Completed,18,0,0.0,-20.279427960293404,-21.78201950812732,-21.13679478353505,0,0,Compliant,1,0,0.261,Valid,2,0,Complete,0,0,0,Normal,Compliant,All compliance checks passed,No,
SHP0125,B0125,V086,Madurai,Chennai,2026-08-03 08:05:00,2026-08-03 11:35:00,Completed,43,0,0.0,6.174263160931112,4.261370780878233,5.025151517942396,0,0,Compliant,1,0,0.317,Valid,4,0,Complete,1,0,68,Delayed,Compliant,Traffic delay,No,
SHP0126,B0126,V082,Bengaluru,Pune,2026-08-01 06:06:00,2026-08-01 07:19:00,Completed,15,0,0.0,5.827290416602329,4.440877808630281,5.149817949298625,0,0,Compliant,1,0,0.251,Valid,2,0,Complete,0,1,72,Deviation,Review,Route deviation,No,
SHP0127,B0127,V018,Hyderabad,Coimbatore,2026-08-02 10:18:00,2026-08-02 11:59:00,Completed,21,0,0.0,-20.190963907772208,-21.6508019683467,-21.071681976965,21,0,Compliant,1,1,1.121,Review,2,0,Complete,0,1,99,Deviation,Review,Calibration issue; Route deviation,No,
SHP0128,B0128,V098,Pune,Bangalore,2026-08-02 07:50:00,2026-08-02 12:13:00,Completed,53,0,0.0,-19.96483641058773,-21.6040164847941,-20.978545146741972,0,0,Compliant,1,0,0.27,Valid,2,0,Complete,0,1,75,Deviation,Review,Route deviation,No,
SHP0129,B0129,V081,Pune,Kochi,2026-08-04 05:41:00,2026-08-04 11:19:00,Completed,68,0,0.0,6.028798126997987,4.100227018319695,4.928445982314999,0,1,Compliant,1,0,0.343,Valid,3,0,Complete,1,0,57,Delayed,Compliant,Traffic delay,No,
SHP0130,B0130,V019,Salem,Coimbatore,2026-08-01 07:56:00,2026-08-01 12:11:00,Completed,52,0,0.0,-20.4595936990052,-21.871187092877875,-21.102615485121483,52,0,Compliant,1,1,0.335,Review,3,0,Complete,0,0,63,Normal,Review,Calibration issue,No,
SHP0131,B0131,V065,Madurai,Coimbatore,2026-08-04 08:02:00,2026-08-04 11:16:00,Completed,39,0,0.0,5.707267717223914,4.213069974309602,4.996308764179451,0,0,Compliant,1,0,0.312,Valid,4,0,Complete,0,1,105,Deviation,Review,Route deviation,No,
SHP0132,B0132,V041,Pune,Kochi,2026-08-05 06:53:00,2026-08-05 10:10:00,Completed,40,0,0.0,5.833064128843919,3.9872922734996745,4.994165080774653,0,0,Compliant,1,0,0.373,Valid,3,1,Review,0,1,62,Deviation,Review,Missing custody signature; Route deviation,No,
SHP0133,B0133,V049,Bengaluru,Chennai,2026-08-04 06:48:00,2026-08-04 08:37:00,Completed,22,0,0.0,-19.999639800826287,-21.60114824347296,-21.040771684838067,0,0,Compliant,1,0,0.154,Valid,4,0,Complete,0,1,39,Deviation,Review,Route deviation,No,
SHP0134,B0134,V070,Bangalore,Madurai,2026-08-02 09:26:00,2026-08-02 12:22:00,Completed,36,4,20.0,-15.096644662406575,-21.668467908997627,-20.39950425906392,0,0,Critical,1,0,0.064,Valid,2,2,Review,1,0,24,Delayed,Non-Compliant,Temperature: Critical; Missing custody signature; Traffic delay,No,
SHP0135,B0135,V075,Mumbai,Chennai,2026-08-01 08:52:00,2026-08-01 14:19:00,Completed,66,0,0.0,5.833885168492406,3.9043439175450105,5.016122674487661,0,0,Compliant,1,0,0.368,Valid,4,0,Complete,0,0,47,Normal,Compliant,All compliance checks passed,No,
SHP0136,B0136,V090,Salem,Mumbai,2026-08-04 10:55:00,2026-08-04 15:58:00,Completed,61,0,0.0,-19.870267763598783,-22.13321211605709,-21.02193847886637,61,0,Compliant,1,1,0.953,Review,2,0,Complete,0,0,6,Normal,Review,Calibration issue,No,
SHP0137,B0137,V057,Bengaluru,Hyderabad,2026-08-01 08:19:00,2026-08-01 09:59:00,Completed,21,4,20.0,-5.861357653536191,-21.834316975562,-19.71026610914001,2,0,Critical,1,0,0.238,Valid,4,1,Review,0,0,45,Normal,Non-Compliant,Temperature: Critical; Missing custody signature,No,
SHP0138,B0138,V058,Salem,Chennai,2026-08-06 09:36:00,2026-08-06 15:00:00,Completed,65,0,0.0,-20.1607114101813,-21.883312310491306,-21.05201657607221,0,0,Compliant,1,0,0.055,Valid,3,0,Complete,1,0,50,Delayed,Compliant,Traffic delay,No,
SHP0139,B0139,V035,Bengaluru,Coimbatore,2026-08-01 05:48:00,2026-08-01 10:37:00,Completed,58,0,0.0,6.239319773628504,3.997371371785313,4.928921750124614,0,0,Compliant,1,0,0.234,Valid,3,0,Complete,0,0,20,Normal,Compliant,All compliance checks passed,No,
SHP0140,B0140,V023,Coimbatore,Hyderabad,2026-08-05 06:08:00,2026-08-05 07:29:00,Completed,17,0,0.0,-19.82909196301067,-21.88942966717488,-21.114458536289774,17,0,Compliant,1,1,0.875,Review,2,0,Complete,0,0,114,Normal,Review,Calibration issue,No,
SHP0141,B0141,V097,Salem,Bangalore,2026-08-02 10:27:00,2026-08-02 13:10:00,Completed,33,0,0.0,-20.33109363836099,-21.961467440440213,-21.17676531201612,0,0,Compliant,1,0,0.201,Valid,4,0,Complete,0,0,53,Normal,Compliant,All compliance checks passed,No,
SHP0142,B0142,V020,Coimbatore,Bengaluru,2026-08-06 07:20:00,2026-08-06 08:54:00,Completed,19,0,0.0,5.668539030174991,3.840194448052607,4.941384964227657,19,0,Compliant,1,1,0.703,Review,2,0,Complete,0,0,32,Normal,Review,Calibration issue,No,
SHP0143,B0143,V049,Bangalore,Salem,2026-08-06 09:25:00,2026-08-06 15:07:00,Completed,69,0,0.0,5.8925995644111,4.074382373599958,5.056553604742335,0,0,Compliant,1,0,0.107,Valid,4,0,Complete,1,0,54,Delayed,Compliant,Traffic delay,No,
SHP0144,B0144,V001,Madurai,Kochi,2026-08-05 09:29:00,2026-08-05 10:35:00,Completed,14,0,0.0,5.636161427429456,4.513038482601219,5.046883048400259,0,0,Compliant,1,0,0.359,Valid,3,0,Complete,0,0,22,Normal,Compliant,All compliance checks passed,No,
SHP0145,B0145,V061,Bengaluru,Mumbai,2026-08-07 08:07:00,2026-08-07 12:39:00,Completed,55,1,5.0,5.996873599440275,0.2271109248479748,4.927108725096662,0,0,Warning,1,0,0.215,Valid,3,0,Complete,1,0,63,Delayed,Review,Temperature: Warning; Traffic delay,No,
SHP0146,B0146,V093,Coimbatore,Bengaluru,2026-08-07 09:37:00,2026-08-07 11:28:00,Completed,23,0,0.0,-19.94319523580296,-21.603422387285143,-20.80850013077304,0,0,Compliant,1,0,0.15,Valid,4,1,Review,1,0,86,Delayed,Review,Missing custody signature; Traffic delay,No,
SHP0147,B0147,V039,Bangalore,Bengaluru,2026-08-01 05:50:00,2026-08-01 09:16:00,Completed,42,0,0.0,-20.06486890184468,-21.619120622523614,-21.03329109844931,0,0,Compliant,1,0,0.153,Valid,3,0,Complete,0,1,88,Deviation,Review,Route deviation,No,
SHP0148,B0148,V018,Mumbai,Madurai,2026-08-01 08:16:00,2026-08-01 12:32:00,Completed,52,0,0.0,-20.243123295666773,-21.62584885093432,-21.003900337845497,0,0,Compliant,1,0,0.116,Valid,3,0,Complete,0,0,19,Normal,Compliant,All compliance checks passed,No,
SHP0149,B0149,V020,Pune,Bengaluru,2026-08-01 09:30:00,2026-08-01 10:49:00,Completed,16,0,0.0,-20.2188330470042,-21.691673155801368,-21.030145828766276,16,0,Compliant,1,1,0.703,Review,4,0,Complete,1,0,67,Delayed,Review,Calibration issue; Traffic delay,No,
SHP0150,B0150,V005,Coimbatore,Kochi,2026-08-06 08:09:00,2026-08-06 12:34:00,Completed,54,4,20.0,-15.367586532768303,-22.08504502552417,-20.714441837688447,1,1,Critical,1,0,0.115,Valid,4,0,Complete,0,1,41,Deviation,Non-Compliant,Temperature: Critical; Route deviation,No,
SHP0151,B0151,V054,Chennai,Salem,2026-08-01 07:44:00,2026-08-01 10:45:00,Completed,37,0,0.0,6.05515270090408,4.117882250897638,5.038539650683599,0,1,Compliant,1,0,0.325,Valid,3,0,Complete,1,0,56,Delayed,Compliant,Traffic delay,No,
SHP0152,B0152,V090,Chennai,Pune,2026-08-01 07:57:00,2026-08-01 12:07:00,Completed,51,4,20.0,-15.03713275403846,-21.778936989656327,-20.5379805434307,51,0,Critical,1,1,0.953,Review,3,0,Complete,0,0,94,Normal,Non-Compliant,Temperature: Critical; Calibration issue,No,
SHP0153,B0153,V057,Chennai,Madurai,2026-08-02 07:19:00,2026-08-02 10:42:00,Completed,41,0,0.0,-19.88801455031058,-21.920588687068,-21.032363694625825,0,0,Compliant,1,0,0.238,Valid,2,0,Complete,0,0,88,Normal,Compliant,All compliance checks passed,No,
SHP0154,B0154,V098,Pune,Bangalore,2026-08-07 06:08:00,2026-08-07 09:41:00,Completed,43,0,0.0,-20.17687552916089,-21.776743463751764,-20.98614229039445,43,0,Compliant,1,1,0.281,Review,3,0,Complete,2,0,40,Delayed,Review,Calibration issue; Traffic delay,No,
SHP0155,B0155,V079,Pune,Madurai,2026-08-05 07:46:00,2026-08-05 12:19:00,Completed,55,0,0.0,5.600337212112152,3.952746720523088,4.856730569992225,0,0,Compliant,1,0,0.071,Valid,2,1,Review,1,1,101,Deviation,Review,Missing custody signature; Route deviation,No,
SHP0156,B0156,V032,Bengaluru,Bangalore,2026-08-06 06:28:00,2026-08-06 09:16:00,Completed,34,0,0.0,-20.000627806511403,-21.9522956422094,-21.003336826505517,0,0,Compliant,1,0,0.252,Valid,3,1,Review,1,0,53,Delayed,Review,Missing custody signature; Traffic delay,No,
SHP0157,B0157,V065,Salem,Pune,2026-08-06 09:55:00,2026-08-06 14:06:00,Completed,51,5,25.0,11.676529681352958,-4.014129572077392,5.311107427807581,3,0,Critical,1,0,0.21,Valid,3,0,Complete,0,0,0,Normal,Non-Compliant,Temperature: Critical,No,
SHP0158,B0158,V088,Chennai,Mumbai,2026-08-02 06:04:00,2026-08-02 09:43:00,Completed,44,0,0.0,-20.142797178166035,-21.736106553918223,-20.95840321717636,0,0,Compliant,1,0,0.384,Valid,2,0,Complete,0,0,62,Normal,Compliant,All compliance checks passed,No,
SHP0159,B0159,V098,Mumbai,Salem,2026-08-04 06:49:00,2026-08-04 12:17:00,Completed,66,4,20.0,11.670555758554856,4.048627336050669,5.342932717779971,66,0,Critical,1,1,0.281,Review,3,0,Complete,0,1,122,Deviation,Non-Compliant,Temperature: Critical; Calibration issue; Route deviation,No,
SHP0160,B0160,V035,Bengaluru,Chennai,2026-08-02 06:12:00,2026-08-02 08:54:00,Completed,33,4,20.0,11.809959371881607,3.9169824578475287,5.626669797787545,2,0,Critical,1,0,0.234,Valid,3,0,Complete,0,0,74,Normal,Non-Compliant,Temperature: Critical,No,
SHP0161,B0161,V056,Chennai,Hyderabad,2026-08-06 05:29:00,2026-08-06 06:54:00,Completed,18,0,0.0,-20.415098158386108,-21.88791117898074,-21.003779109714483,4,0,Compliant,1,0,0.235,Valid,3,1,Review,0,1,91,Deviation,Review,Missing custody signature; Route deviation,No,
SHP0162,B0162,V064,Madurai,Hyderabad,2026-08-05 07:23:00,2026-08-05 12:20:00,Completed,60,0,0.0,-19.82583751744461,-21.99712419975814,-21.00299962102104,60,0,Compliant,1,1,0.313,Review,2,0,Complete,0,1,80,Deviation,Review,Calibration issue; Route deviation,No,
SHP0163,B0163,V091,Mumbai,Salem,2026-08-05 10:59:00,2026-08-05 13:02:00,Completed,25,0,0.0,-20.37104071589187,-21.46727113114008,-20.91739007892692,0,0,Compliant,1,0,0.387,Valid,2,1,Review,0,0,38,Normal,Review,Missing custody signature,No,
SHP0164,B0164,V072,Chennai,Hyderabad,2026-08-03 07:31:00,2026-08-03 12:19:00,Completed,58,0,0.0,6.011971099700781,4.059817658950255,4.9222948773574045,0,1,Compliant,1,0,0.136,Valid,4,0,Complete,0,0,36,Normal,Compliant,All compliance checks passed,No,
SHP0165,B0165,V042,Coimbatore,Pune,2026-08-04 09:35:00,2026-08-04 13:34:00,Completed,48,0,0.0,6.411622075028194,4.349075308821074,4.966728714521572,0,0,Compliant,1,0,0.15,Valid,2,0,Complete,1,0,35,Delayed,Compliant,Traffic delay,No,
SHP0166,B0166,V012,Madurai,Coimbatore,2026-08-07 07:47:00,2026-08-07 09:33:00,Completed,22,0,0.0,-19.97579881625773,-21.84393529625025,-21.08515378247583,22,0,Compliant,1,1,0.876,Review,3,0,Complete,0,0,0,Normal,Review,Calibration issue,No,
SHP0167,B0167,V085,Kochi,Chennai,2026-08-06 08:03:00,2026-08-06 10:26:00,Completed,29,0,0.0,5.578625316500547,4.264592550691171,4.956673440280864,0,0,Compliant,1,0,0.391,Valid,4,0,Complete,0,0,17,Normal,Compliant,All compliance checks passed,No,
SHP0168,B0168,V002,Bengaluru,Hyderabad,2026-08-07 06:41:00,2026-08-07 09:36:00,Completed,36,0,0.0,6.066762088928003,4.219358834846846,5.088412184525172,0,0,Compliant,1,0,0.126,Valid,4,0,Complete,0,0,99,Normal,Compliant,All compliance checks passed,No,
SHP0169,B0169,V052,Hyderabad,Kochi,2026-08-02 10:26:00,2026-08-02 15:48:00,Completed,65,0,0.0,-20.18051669692046,-21.91431089779798,-20.970798661019447,0,0,Compliant,1,0,0.171,Valid,4,0,Complete,0,0,0,Normal,Compliant,All compliance checks passed,No,
SHP0170,B0170,V036,Chennai,Pune,2026-08-07 06:41:00,2026-08-07 09:09:00,Completed,30,0,0.0,5.823938000694961,4.158166880493867,5.06908281064222,0,0,Compliant,1,0,0.259,Valid,4,0,Complete,0,0,43,Normal,Compliant,All compliance checks passed,No,
SHP0171,B0171,V043,Bengaluru,Chennai,2026-08-05 06:16:00,2026-08-05 09:52:00,Completed,44,4,20.0,10.950857252588104,4.053008938650689,5.453372116680705,1,0,Critical,1,0,0.344,Valid,3,0,Complete,0,0,39,Normal,Non-Compliant,Temperature: Critical,No,
SHP0172,B0172,V046,Kochi,Salem,2026-08-02 08:54:00,2026-08-02 12:52:00,Completed,48,0,0.0,-20.24084508293652,-22.288406542394284,-21.033134289094075,0,0,Compliant,1,0,0.37,Valid,2,0,Complete,0,0,43,Normal,Compliant,All compliance checks passed,No,
SHP0173,B0173,V088,Pune,Kochi,2026-08-04 06:29:00,2026-08-04 10:03:00,Completed,43,0,0.0,5.946965745610848,4.173878889983756,5.001956415331391,0,0,Compliant,1,0,0.384,Valid,4,0,Complete,1,0,73,Delayed,Compliant,Traffic delay,No,
SHP0174,B0174,V082,Mumbai,Bengaluru,2026-08-03 08:37:00,2026-08-03 10:29:00,Completed,23,0,0.0,6.247072451683219,4.09015158751752,4.9884776730133575,0,0,Compliant,1,0,0.251,Valid,3,0,Complete,0,0,0,Normal,Compliant,All compliance checks passed,No,
SHP0175,B0175,V056,Chennai,Mumbai,2026-08-03 10:53:00,2026-08-03 15:04:00,Completed,51,0,0.0,5.9809479651474895,3.818300423503187,5.05109998163559,0,0,Compliant,1,0,0.21,Valid,4,0,Complete,0,1,123,Deviation,Review,Route deviation,No,
SHP0176,B0176,V063,Mumbai,Bengaluru,2026-08-01 09:18:00,2026-08-01 12:50:00,Completed,43,0,0.0,6.177219334107448,3.782137384302735,4.985472729820599,0,0,Compliant,1,0,0.258,Valid,2,0,Complete,0,0,29,Normal,Compliant,All compliance checks passed,No,
SHP0177,B0177,V031,Bangalore,Pune,2026-08-07 05:21:00,2026-08-07 08:42:00,Completed,41,4,20.0,-15.331240667280897,-21.763678983590896,-20.460600999652517,1,0,Critical,1,0,0.329,Valid,4,0,Complete,0,0,37,Normal,Non-Compliant,Temperature: Critical,No,
SHP0178,B0178,V072,Madurai,Kochi,2026-08-07 07:41:00,2026-08-07 11:13:00,Completed,43,0,0.0,-20.084483735647883,-21.750002954988773,-20.959723833775207,0,0,Compliant,1,0,0.136,Valid,2,0,Complete,0,0,8,Normal,Compliant,All compliance checks passed,No,
SHP0179,B0179,V058,Hyderabad,Coimbatore,2026-08-02 09:48:00,2026-08-02 12:51:00,Completed,37,4,20.0,10.95584895339578,4.28234259552056,5.430967749711971,1,0,Critical,1,0,0.055,Valid,3,0,Complete,0,0,25,Normal,Non-Compliant,Temperature: Critical,No,
SHP0180,B0180,V006,Chennai,Bengaluru,2026-08-03 08:42:00,2026-08-03 12:25:00,Completed,45,0,0.0,5.849822491931605,3.8904740240264335,4.976998420386617,0,0,Compliant,1,0,0.105,Valid,3,0,Complete,0,0,79,Normal,Compliant,All compliance checks passed,No,
SHP0181,B0181,V024,Coimbatore,Chennai,2026-08-03 10:31:00,2026-08-03 14:02:00,Completed,43,0,0.0,5.961935016901589,4.04840158369871,4.954038325321335,0,0,Compliant,1,0,0.236,Valid,3,0,Complete,0,0,55,Normal,Compliant,All compliance checks passed,No,
SHP0182,B0182,V053,Kochi,Salem,2026-08-03 08:24:00,2026-08-03 09:42:00,Completed,16,0,0.0,7.307817321250782,4.3869264116305065,5.182586379724723,0,0,Compliant,1,0,0.198,Valid,2,0,Complete,0,0,0,Normal,Compliant,All compliance checks passed,No,
SHP0183,B0183,V086,Bengaluru,Hyderabad,2026-08-05 07:46:00,2026-08-05 10:39:00,Completed,35,1,5.0,-6.991547945875664,-21.861165406303005,-20.673694427524428,2,0,Warning,1,0,0.051,Valid,4,1,Review,0,0,0,Normal,Review,Temperature: Warning; Missing custody signature,No,
SHP0184,B0184,V033,Mumbai,Pune,2026-08-07 10:22:00,2026-08-07 15:41:00,Completed,64,0,0.0,-19.9112351408374,-22.475346116571377,-21.02653750768179,0,0,Compliant,1,0,0.12,Valid,3,0,Complete,0,0,18,Normal,Compliant,All compliance checks passed,No,
SHP0185,B0185,V004,Kochi,Coimbatore,2026-08-04 10:56:00,2026-08-04 16:41:00,Completed,70,0,0.0,-20.34511534211886,-22.440434041783806,-21.00853252522716,70,0,Compliant,1,1,0.8,Review,2,1,Review,0,0,22,Normal,Non-Compliant,Calibration issue; Missing custody signature,No,
SHP0186,B0186,V023,Coimbatore,Kochi,2026-08-04 05:30:00,2026-08-04 07:35:00,Completed,26,0,0.0,6.084132657733957,4.331295490668733,5.123248614874727,26,0,Compliant,1,1,0.875,Review,4,1,Review,1,0,86,Delayed,Non-Compliant,Calibration issue; Missing custody signature; Traffic delay,No,
SHP0187,B0187,V043,Kochi,Mumbai,2026-08-02 06:43:00,2026-08-02 10:34:00,Completed,47,0,0.0,7.867177249891748,4.266517692948226,5.072120187214604,0,0,Compliant,1,0,0.245,Valid,4,0,Complete,0,0,60,Normal,Compliant,All compliance checks passed,No,
SHP0188,B0188,V010,Bangalore,Hyderabad,2026-08-02 07:14:00,2026-08-02 10:51:00,Completed,44,0,0.0,-20.3107701129415,-21.76910870882493,-20.965266968584235,44,0,Compliant,1,1,0.736,Review,2,0,Complete,0,0,59,Normal,Review,Calibration issue,No,
SHP0189,B0189,V024,Salem,Madurai,2026-08-04 07:16:00,2026-08-04 13:15:00,Completed,72,4,20.0,-15.136592403149836,-22.14001204372688,-20.738712967282137,2,0,Critical,1,0,0.332,Valid,4,1,Review,0,0,97,Normal,Non-Compliant,Temperature: Critical; Missing custody signature,No,
SHP0190,B0190,V093,Kochi,Pune,2026-08-05 05:30:00,2026-08-05 06:57:00,Completed,18,0,0.0,5.967511111725385,4.11257201361956,5.112143925088692,0,0,Compliant,1,0,0.15,Valid,4,1,Review,0,0,61,Normal,Review,Missing custody signature,No,
SHP0191,B0191,V075,Bengaluru,Bangalore,2026-08-04 08:56:00,2026-08-04 11:35:00,Completed,32,0,0.0,5.863648461841317,4.211164389342473,5.068923759854552,0,0,Compliant,1,0,0.368,Valid,3,0,Complete,0,0,16,Normal,Compliant,All compliance checks passed,No,
SHP0192,B0192,V039,Mumbai,Bangalore,2026-08-05 10:24:00,2026-08-05 15:55:00,Completed,67,0,0.0,5.883942266299385,3.744594133506384,5.024527285808383,0,0,Compliant,1,0,0.153,Valid,4,0,Complete,0,0,20,Normal,Compliant,All compliance checks passed,No,
SHP0193,B0193,V030,Kochi,Salem,2026-08-06 05:55:00,2026-08-06 08:12:00,Completed,28,4,20.0,11.6715791601142,4.398781256257008,5.7482851321420645,2,0,Critical,1,0,0.141,Valid,3,0,Complete,0,0,22,Normal,Non-Compliant,Temperature: Critical,No,
SHP0194,B0194,V042,Coimbatore,Hyderabad,2026-08-02 07:26:00,2026-08-02 13:17:00,Completed,71,0,0.0,-19.945332343221764,-21.958432915332168,-21.04838830146339,0,0,Compliant,1,0,0.15,Valid,4,1,Review,0,0,0,Normal,Review,Missing custody signature,No,
SHP0195,B0195,V070,Pune,Coimbatore,2026-08-01 07:55:00,2026-08-01 10:27:00,Completed,31,1,5.0,-6.362371486626661,-21.70725241308269,-20.521539060995387,2,0,Warning,1,0,0.13,Valid,3,0,Complete,0,0,34,Normal,Review,Temperature: Warning,No,
SHP0196,B0196,V021,Bangalore,Pune,2026-08-03 07:40:00,2026-08-03 10:10:00,Completed,31,1,5.0,-7.925445786935557,-22.29660553013165,-20.46721101357601,31,0,Warning,1,1,0.128,Review,4,1,Review,0,0,20,Normal,Non-Compliant,Temperature: Warning; Calibration issue; Missing custody signature,No,
SHP0197,B0197,V043,Madurai,Chennai,2026-08-04 05:28:00,2026-08-04 08:48:00,Completed,41,1,5.0,-2.9115015452513804,-22.534662219383748,-20.62389912923225,2,0,Warning,1,0,0.245,Valid,4,0,Complete,2,0,68,Delayed,Review,Temperature: Warning; Traffic delay,No,
SHP0198,B0198,V010,Hyderabad,Coimbatore,2026-08-07 09:48:00,2026-08-07 12:09:00,Completed,29,0,0.0,6.350953167633058,4.113671029991733,4.986003519439192,0,0,Compliant,1,0,0.291,Valid,4,0,Complete,0,0,38,Normal,Compliant,All compliance checks passed,No,
SHP0199,B0199,V020,Pune,Bangalore,2026-08-05 06:39:00,2026-08-05 11:21:00,Completed,57,0,0.0,-19.92066846562517,-22.177256626188694,-20.905304398663205,57,0,Compliant,1,1,0.703,Review,4,1,Review,0,0,0,Normal,Non-Compliant,Calibration issue; Missing custody signature,No,
SHP0200,B0200,V053,Salem,Pune,2026-08-05 08:00:00,2026-08-05 09:19:00,Completed,16,0,0.0,5.457359242859821,4.4588536444143845,5.011605357291471,0,0,Compliant,1,0,0.198,Valid,2,0,Complete,0,0,0,Normal,Compliant,All compliance checks passed,No,
SHP0201,B0201,V006,Mumbai,Hyderabad,2026-08-01 10:23:00,2026-08-01 11:30:00,Completed,14,0,0.0,6.033429464066627,4.20402149207155,5.105367018815929,0,0,Compliant,1,0,0.105,Valid,3,0,Complete,0,1,39,Deviation,Review,Route deviation,No,
SHP0202,B0202,V060,Madurai,Mumbai,2026-08-07 06:01:00,2026-08-07 07:03:00,Completed,13,0,0.0,5.650572293843544,4.470540171663129,5.026328307038963,0,0,Compliant,1,0,0.285,Valid,2,0,Complete,0,0,72,Normal,Compliant,All compliance checks passed,No,
SHP0203,B0203,V056,Hyderabad,Madurai,2026-08-07 07:08:00,2026-08-07 09:00:00,Completed,23,0,0.0,5.652051985949765,4.023718394089967,4.92949693006746,0,0,Compliant,1,0,0.21,Valid,2,0,Complete,0,0,48,Normal,Compliant,All compliance checks passed,No,
SHP0204,B0204,V036,Salem,Mumbai,2026-08-05 09:19:00,2026-08-05 11:44:00,Completed,30,4,20.0,-15.067131257161764,-21.945942149116604,-20.29668543618097,0,0,Critical,1,0,0.336,Valid,2,0,Complete,0,0,18,Normal,Non-Compliant,Temperature: Critical,No,
SHP0205,B0205,V097,Bangalore,Chennai,2026-08-07 07:18:00,2026-08-07 12:11:00,Completed,59,1,5.0,9.137610027773142,4.1351870800290245,5.016944660688695,0,0,Warning,1,0,0.214,Valid,4,0,Complete,0,0,26,Normal,Review,Temperature: Warning,No,
SHP0206,B0206,V002,Mumbai,Bengaluru,2026-08-01 09:21:00,2026-08-01 14:03:00,Completed,57,4,20.0,-15.416481106456176,-21.711950043283267,-20.603325514268462,1,0,Critical,1,0,0.126,Valid,3,0,Complete,0,0,139,Normal,Non-Compliant,Temperature: Critical,No,
SHP0207,B0207,V079,Coimbatore,Madurai,2026-08-04 08:22:00,2026-08-04 10:58:00,Completed,32,0,0.0,5.859318745514784,4.058206830921359,5.039316799539482,0,0,Compliant,1,0,0.181,Valid,2,0,Complete,0,1,54,Deviation,Review,Route deviation,No,
SHP0208,B0208,V017,Coimbatore,Salem,2026-08-07 05:14:00,2026-08-07 08:08:00,Completed,35,1,5.0,6.034390070273559,-2.022937730623948,4.800074730976039,2,0,Warning,1,0,0.292,Valid,3,0,Complete,1,0,90,Delayed,Review,Temperature: Warning; Traffic delay,No,
SHP0209,B0209,V007,Coimbatore,Hyderabad,2026-08-02 10:01:00,2026-08-02 15:19:00,Completed,64,4,20.0,-15.431975190437363,-22.00358287139803,-20.66589803866269,0,0,Critical,1,0,0.357,Valid,4,1,Review,0,0,49,Normal,Non-Compliant,Temperature: Critical; Missing custody signature,No,
SHP0210,B0210,V096,Coimbatore,Bangalore,2026-08-04 07:45:00,2026-08-04 09:04:00,Completed,16,0,0.0,-20.3721485652242,-21.674911631856467,-20.908975985570635,0,0,Compliant,1,0,0.094,Valid,4,0,Complete,0,0,27,Normal,Compliant,All compliance checks passed,No,
SHP0211,B0211,V056,Salem,Kochi,2026-08-05 09:39:00,2026-08-05 11:03:00,Completed,17,0,0.0,5.938249664758576,4.439971506239305,5.127771003753925,0,0,Compliant,1,0,0.191,Valid,2,0,Complete,1,0,74,Delayed,Compliant,Traffic delay,No,
SHP0212,B0212,V017,Bengaluru,Chennai,2026-08-03 10:06:00,2026-08-03 11:16:00,Completed,15,0,0.0,-20.30227555410276,-21.57728031751432,-20.919591165162267,0,0,Compliant,1,0,0.292,Valid,2,1,Review,2,0,57,Delayed,Review,Missing custody signature; Traffic delay,No,
SHP0213,B0213,V059,Chennai,Bangalore,2026-08-07 08:28:00,2026-08-07 12:42:00,Completed,51,0,0.0,-19.73689148678228,-21.78183720179331,-20.971587863417657,0,0,Compliant,1,0,0.226,Valid,4,0,Complete,0,0,35,Normal,Compliant,All compliance checks passed,No,
SHP0214,B0214,V024,Bangalore,Mumbai,2026-08-07 07:30:00,2026-08-07 09:48:00,Completed,28,0,0.0,-20.372592405810977,-21.845877439629493,-21.03469680674568,0,0,Compliant,1,0,0.332,Valid,3,1,Review,0,2,171,Deviation,Review,Missing custody signature; Route deviation,No,
SHP0215,B0215,V059,Hyderabad,Chennai,2026-08-03 07:26:00,2026-08-03 09:17:00,Completed,23,0,0.0,5.502478975765473,4.194374690304895,5.046179035640722,23,0,Compliant,1,1,0.283,Review,2,1,Review,1,0,41,Delayed,Non-Compliant,Calibration issue; Missing custody signature; Traffic delay,No,
SHP0216,B0216,V008,Mumbai,Kochi,2026-08-04 09:38:00,2026-08-04 11:48:00,Completed,27,0,0.0,5.56807397551278,4.453520664932433,4.989211526808274,27,0,Compliant,1,1,0.126,Review,2,0,Complete,0,0,50,Normal,Review,Calibration issue,No,
SHP0217,B0217,V090,Salem,Bangalore,2026-08-06 09:46:00,2026-08-06 11:46:00,Completed,25,0,0.0,5.747626601471304,4.199303933009495,4.884201038122005,25,0,Compliant,1,1,0.953,Review,4,0,Complete,1,1,52,Deviation,Review,Calibration issue; Route deviation,No,
SHP0218,B0218,V100,Kochi,Bangalore,2026-08-04 05:31:00,2026-08-04 08:12:00,Completed,33,0,0.0,5.8182618190708615,4.137421849197986,4.945386695719376,4,0,Compliant,1,0,0.175,Valid,3,2,Review,0,0,11,Normal,Review,Missing custody signature,No,
SHP0219,B0219,V047,Bengaluru,Hyderabad,2026-08-04 07:53:00,2026-08-04 13:20:00,Completed,66,0,0.0,-20.103629377517684,-21.68607198828137,-21.004858996072983,66,0,Compliant,1,1,0.739,Review,3,1,Review,0,0,94,Normal,Non-Compliant,Calibration issue; Missing custody signature,No,
SHP0220,B0220,V051,Hyderabad,Madurai,2026-08-02 10:26:00,2026-08-02 13:57:00,Completed,43,0,0.0,-20.33333469630899,-22.00833880262909,-20.938098604767337,0,0,Compliant,1,0,0.209,Valid,4,1,Review,0,0,62,Normal,Review,Missing custody signature,No,
SHP0221,B0221,V036,Coimbatore,Chennai,2026-08-06 09:31:00,2026-08-06 12:17:00,Completed,34,0,0.0,5.643226898869092,4.269736801734156,4.99743075743005,0,0,Compliant,1,0,0.336,Valid,3,0,Complete,1,0,84,Delayed,Compliant,Traffic delay,No,
SHP0222,B0222,V008,Pune,Madurai,2026-08-03 06:00:00,2026-08-03 07:06:00,Completed,14,0,0.0,5.460666233218991,4.302186844557578,4.889862350698477,14,0,Compliant,1,1,0.186,Review,3,1,Review,0,0,0,Normal,Non-Compliant,Calibration issue; Missing custody signature,No,
SHP0223,B0223,V050,Bangalore,Bengaluru,2026-08-06 10:31:00,2026-08-06 12:47:00,Completed,28,0,0.0,-20.178194044238097,-21.67349302704562,-20.888398690987064,4,0,Compliant,1,0,0.286,Valid,2,0,Complete,0,0,0,Normal,Compliant,All compliance checks passed,No,
SHP0224,B0224,V007,Bangalore,Mumbai,2026-08-03 05:46:00,2026-08-03 07:37:00,Completed,23,0,0.0,-20.26075635835777,-21.50514590149127,-20.906256174332437,0,0,Compliant,1,0,0.368,Valid,4,0,Complete,0,0,14,Normal,Compliant,All compliance checks passed,No,
SHP0225,B0225,V041,Kochi,Hyderabad,2026-08-07 08:18:00,2026-08-07 11:33:00,Completed,40,0,0.0,5.80542171785948,4.123208537488048,5.037762409593924,0,1,Compliant,1,0,0.373,Valid,3,0,Complete,0,0,50,Normal,Compliant,All compliance checks passed,No,
SHP0226,B0226,V097,Pune,Chennai,2026-08-05 05:52:00,2026-08-05 08:21:00,Completed,30,0,0.0,-20.4408622771874,-21.501609060971408,-20.96626235345233,0,0,Compliant,1,0,0.214,Valid,4,0,Complete,0,0,31,Normal,Compliant,All compliance checks passed,No,
SHP0227,B0227,V037,Chennai,Kochi,2026-08-02 07:51:00,2026-08-02 11:31:00,Completed,45,0,0.0,5.66567682191356,4.005017296517548,4.924628598890807,0,0,Compliant,1,0,0.3,Valid,2,1,Review,0,0,16,Normal,Review,Missing custody signature,No,
SHP0228,B0228,V005,Salem,Bangalore,2026-08-02 05:54:00,2026-08-02 07:17:00,Completed,17,0,0.0,-20.529199745283865,-21.70722268766976,-21.130905438022083,0,0,Compliant,1,0,0.115,Valid,2,0,Complete,0,0,32,Normal,Compliant,All compliance checks passed,No,
SHP0229,B0229,V052,Chennai,Coimbatore,2026-08-05 10:41:00,2026-08-05 13:08:00,Completed,30,0,0.0,6.107349442250378,4.229608872621959,4.980966442284943,30,0,Compliant,1,1,0.302,Review,2,0,Complete,0,0,38,Normal,Review,Calibration issue,No,
SHP0230,B0230,V031,Madurai,Pune,2026-08-06 09:17:00,2026-08-06 11:04:00,Completed,22,0,0.0,-20.21877612178404,-22.00864192058481,-21.06064694717828,0,0,Compliant,1,0,0.229,Valid,2,0,Complete,0,0,18,Normal,Compliant,All compliance checks passed,No,
SHP0231,B0231,V087,Madurai,Coimbatore,2026-08-07 05:25:00,2026-08-07 09:49:00,Completed,53,0,0.0,-20.23059460495862,-21.707366170255227,-20.980216237806733,0,0,Compliant,1,0,0.21,Valid,4,0,Complete,0,0,50,Normal,Compliant,All compliance checks passed,No,
SHP0232,B0232,V092,Pune,Kochi,2026-08-01 08:44:00,2026-08-01 13:48:00,Completed,61,1,5.0,5.722166738567912,-4.652145785157503,4.855811383047529,2,0,Warning,1,0,0.27,Valid,4,1,Review,0,0,12,Normal,Review,Temperature: Warning; Missing custody signature,No,
SHP0233,B0233,V023,Salem,Coimbatore,2026-08-02 05:08:00,2026-08-02 06:38:00,Completed,19,0,0.0,-20.306383218230952,-21.791607477395885,-21.055312282334786,19,0,Compliant,1,1,1.142,Review,3,0,Complete,1,0,16,Delayed,Review,Calibration issue; Traffic delay,No,
SHP0234,B0234,V023,Coimbatore,Bangalore,2026-08-07 08:58:00,2026-08-07 14:05:00,Completed,62,0,0.0,5.810726846416957,4.149266604880294,4.989349179957041,0,0,Compliant,1,0,0.198,Valid,2,0,Complete,0,0,16,Normal,Compliant,All compliance checks passed,No,
SHP0235,B0235,V090,Bengaluru,Pune,2026-08-02 06:39:00,2026-08-02 10:53:00,Completed,51,0,0.0,-20.13127893304136,-21.956431426113586,-20.949046338028435,51,0,Compliant,1,1,0.953,Review,2,0,Complete,2,0,47,Delayed,Review,Calibration issue; Traffic delay,No,
SHP0236,B0236,V085,Madurai,Bengaluru,2026-08-02 05:55:00,2026-08-02 08:01:00,Completed,26,4,20.0,11.34041837537992,4.178605380537644,5.901160756035304,2,0,Critical,1,0,0.381,Valid,2,0,Complete,0,1,68,Deviation,Non-Compliant,Temperature: Critical; Route deviation,No,
SHP0237,B0237,V007,Pune,Bangalore,2026-08-07 08:28:00,2026-08-07 09:51:00,Completed,17,0,0.0,5.86253985269172,3.901880178531046,4.878329732307994,17,0,Compliant,1,1,0.967,Review,3,0,Complete,0,0,25,Normal,Review,Calibration issue,No,
SHP0238,B0238,V033,Bangalore,Kochi,2026-08-06 10:20:00,2026-08-06 11:26:00,Completed,14,1,5.0,10.47967385084118,4.176335806523072,5.375455127339968,14,0,Warning,1,1,0.905,Review,2,0,Complete,0,1,32,Deviation,Review,Temperature: Warning; Calibration issue; Route deviation,No,
SHP0239,B0239,V091,Mumbai,Bengaluru,2026-08-03 10:36:00,2026-08-03 13:30:00,Completed,35,0,0.0,5.960633464412141,3.8792353722048434,4.999025243358536,0,0,Compliant,1,0,0.387,Valid,4,0,Complete,0,0,34,Normal,Compliant,All compliance checks passed,No,
SHP0240,B0240,V085,Madurai,Mumbai,2026-08-05 09:44:00,2026-08-05 11:32:00,Completed,22,4,20.0,-15.394833260009715,-21.68045618970689,-20.085925601874816,5,0,Critical,1,0,0.391,Valid,4,0,Complete,0,0,44,Normal,Non-Compliant,Temperature: Critical,No,
SHP0241,B0241,V079,Salem,Hyderabad,2026-08-01 08:22:00,2026-08-01 12:39:00,Completed,52,0,0.0,-19.987852132543324,-21.75319337866869,-20.990433307802977,0,0,Compliant,1,0,0.181,Valid,2,1,Review,0,0,48,Normal,Review,Missing custody signature,No,
SHP0242,B0242,V091,Coimbatore,Mumbai,2026-08-02 09:03:00,2026-08-02 10:08:00,Completed,14,0,0.0,-20.728812011641388,-21.537971114826068,-21.14081019755298,0,0,Compliant,1,0,0.387,Valid,2,0,Complete,0,0,16,Normal,Compliant,All compliance checks passed,No,
SHP0243,B0243,V080,Coimbatore,Mumbai,2026-08-01 08:54:00,2026-08-01 14:07:00,Completed,63,0,0.0,5.634960240966215,3.4310398993526627,4.930564792748369,0,0,Compliant,1,0,0.051,Valid,4,1,Review,0,0,36,Normal,Review,Missing custody signature,No,
SHP0244,B0244,V059,Coimbatore,Bangalore,2026-08-06 08:20:00,2026-08-06 11:23:00,Completed,37,0,0.0,-20.077745265053125,-21.8288540464386,-20.97618769024969,37,0,Compliant,1,1,0.283,Review,4,0,Complete,1,0,72,Delayed,Review,Calibration issue; Traffic delay,No,
SHP0245,B0245,V090,Madurai,Kochi,2026-08-07 05:32:00,2026-08-07 08:26:00,Completed,35,0,0.0,5.866208580882622,4.324786269920929,4.905195697669038,35,0,Compliant,1,1,0.953,Review,4,0,Complete,0,0,56,Normal,Review,Calibration issue,No,
SHP0246,B0246,V010,Mumbai,Salem,2026-08-04 08:52:00,2026-08-04 11:52:00,Completed,37,0,0.0,5.82163697657439,4.455666008679568,5.051106304329724,37,0,Compliant,1,1,0.736,Review,3,0,Complete,0,0,55,Normal,Review,Calibration issue,No,
SHP0247,B0247,V062,Bangalore,Pune,2026-08-06 08:51:00,2026-08-06 14:44:00,Completed,71,0,0.0,-20.070956309894893,-21.93721564066073,-20.966338998795184,0,0,Compliant,1,0,0.358,Valid,4,0,Complete,1,0,51,Delayed,Compliant,Traffic delay,No,
SHP0248,B0248,V005,Pune,Bangalore,2026-08-05 08:28:00,2026-08-05 12:09:00,Completed,45,0,0.0,-20.33029169357155,-21.79933798685785,-21.046644344021583,0,0,Compliant,1,0,0.115,Valid,2,0,Complete,1,0,25,Delayed,Compliant,Traffic delay,No,
SHP0249,B0249,V057,Bangalore,Pune,2026-08-07 10:41:00,2026-08-07 11:50:00,Completed,14,1,5.0,10.056933586747473,4.473681036712744,5.487977828993892,2,0,Warning,1,0,0.238,Valid,2,0,Complete,1,0,87,Delayed,Review,Temperature: Warning; Traffic delay,No,
SHP0250,B0250,V087,Bangalore,Salem,2026-08-05 08:02:00,2026-08-05 13:47:00,Completed,70,0,0.0,5.794270564405936,4.016732227780393,4.963799611520598,4,0,Compliant,1,0,0.342,Valid,3,0,Complete,0,0,29,Normal,Compliant,All compliance checks passed,No,
SHP0251,B0251,V035,Mumbai,Chennai,2026-08-03 05:50:00,2026-08-03 09:25:00,Completed,44,0,0.0,-19.99873128363772,-22.088981656396776,-21.08087561957058,0,0,Compliant,1,0,0.113,Valid,4,0,Complete,0,0,15,Normal,Compliant,All compliance checks passed,No,
SHP0252,B0252,V012,Mumbai,Hyderabad,2026-08-01 10:42:00,2026-08-01 15:35:00,Completed,59,4,20.0,11.98291562638181,4.3070021620130685,5.370609434168058,1,0,Critical,1,0,0.242,Valid,2,1,Review,0,0,25,Normal,Non-Compliant,Temperature: Critical; Missing custody signature,No,
SHP0253,B0253,V045,Madurai,Chennai,2026-08-02 06:54:00,2026-08-02 11:46:00,Completed,59,0,0.0,-20.32571929838601,-22.09617056881397,-21.0033824937307,59,0,Compliant,1,1,0.394,Review,4,0,Complete,1,0,54,Delayed,Review,Calibration issue; Traffic delay,No,
SHP0254,B0254,V082,Madurai,Mumbai,2026-08-02 09:38:00,2026-08-02 14:40:00,Completed,61,0,0.0,-20.212497076226416,-21.942281396050944,-20.954841754811834,0,0,Compliant,1,0,0.394,Valid,4,0,Complete,0,0,61,Normal,Compliant,All compliance checks passed,No,
SHP0255,B0255,V057,Madurai,Pune,2026-08-04 05:06:00,2026-08-04 07:59:00,Completed,35,0,0.0,-20.17583092062212,-21.800682400690214,-20.98535230333936,0,0,Compliant,1,0,0.238,Valid,3,0,Complete,1,0,52,Delayed,Compliant,Traffic delay,No,
SHP0256,B0256,V022,Chennai,Madurai,2026-08-04 07:53:00,2026-08-04 11:22:00,Completed,42,0,0.0,6.02910095569779,4.003535436739416,5.015738099370164,42,0,Compliant,1,1,0.989,Review,3,1,Review,0,1,98,Deviation,Non-Compliant,Calibration issue; Missing custody signature; Route deviation,No,
SHP0257,B0257,V021,Mumbai,Madurai,2026-08-02 10:06:00,2026-08-02 11:29:00,Completed,17,0,0.0,-20.40058145573206,-21.747892664782,-20.97267450993265,17,0,Compliant,1,1,0.128,Review,2,0,Complete,1,0,61,Delayed,Review,Calibration issue; Traffic delay,No,
SHP0258,B0258,V087,Coimbatore,Pune,2026-08-01 06:52:00,2026-08-01 11:21:00,Completed,54,0,0.0,-19.947045518129,-21.60666501851437,-21.00485415637301,0,0,Compliant,1,0,0.052,Valid,4,0,Complete,0,0,62,Normal,Compliant,All compliance checks passed,No,
SHP0259,B0259,V021,Bangalore,Kochi,2026-08-06 09:12:00,2026-08-06 11:48:00,Completed,32,0,0.0,-20.239740383311165,-21.594949778561592,-21.03500404324215,32,0,Compliant,1,1,0.128,Review,3,0,Complete,0,0,26,Normal,Review,Calibration issue,No,
SHP0260,B0260,V005,Bangalore,Salem,2026-08-07 06:29:00,2026-08-07 09:06:00,Completed,32,0,0.0,5.846929657748381,4.243186571005732,4.99972476281382,0,0,Compliant,1,0,0.115,Valid,3,0,Complete,0,0,52,Normal,Compliant,All compliance checks passed,No,
SHP0261,B0261,V065,Madurai,Bangalore,2026-08-07 08:02:00,2026-08-07 10:05:00,Completed,25,0,0.0,5.747410875229236,3.875748673352766,4.864280453291181,0,0,Compliant,1,0,0.21,Valid,3,0,Complete,0,0,42,Normal,Compliant,All compliance checks passed,No,
SHP0262,B0262,V034,Pune,Bengaluru,2026-08-02 09:08:00,2026-08-02 14:23:00,Completed,64,0,0.0,6.120549195853991,4.112956367939194,5.007918457700064,0,0,Compliant,1,0,0.136,Valid,3,0,Complete,1,0,28,Delayed,Compliant,Traffic delay,No,
SHP0263,B0263,V071,Chennai,Mumbai,2026-08-03 10:03:00,2026-08-03 15:46:00,Completed,69,0,0.0,-20.214578866582475,-21.75588139344861,-21.01322718724174,0,0,Compliant,1,0,0.15,Valid,3,0,Complete,1,1,115,Deviation,Review,Route deviation,No,
SHP0264,B0264,V004,Salem,Bengaluru,2026-08-02 08:59:00,2026-08-02 14:19:00,Completed,65,0,0.0,-20.14051748242517,-22.29302617300497,-21.076079572681618,65,0,Compliant,1,1,0.8,Review,2,2,Review,0,0,8,Normal,Non-Compliant,Calibration issue; Missing custody signature,No,
SHP0265,B0265,V037,Coimbatore,Bengaluru,2026-08-05 06:46:00,2026-08-05 08:51:00,Completed,26,0,0.0,-20.197436544914822,-22.20742270822712,-20.88993931372625,0,0,Compliant,1,0,0.3,Valid,3,1,Review,0,0,0,Normal,Review,Missing custody signature,No,
SHP0266,B0266,V058,Bangalore,Salem,2026-08-03 10:38:00,2026-08-03 14:22:00,Completed,45,0,0.0,-20.31785505739477,-21.76150376225784,-21.04738560992332,4,1,Compliant,1,0,0.055,Valid,2,0,Complete,0,0,36,Normal,Compliant,All compliance checks passed,No,
SHP0267,B0267,V072,Mumbai,Salem,2026-08-06 08:38:00,2026-08-06 11:45:00,Completed,38,0,0.0,5.658141980908298,4.473824693645096,4.92560018445963,0,0,Compliant,1,0,0.136,Valid,3,0,Complete,0,0,28,Normal,Compliant,All compliance checks passed,No,
SHP0268,B0268,V001,Kochi,Salem,2026-08-02 07:18:00,2026-08-02 12:09:00,Completed,59,0,0.0,5.588683559344756,4.220163930909587,4.929961285086699,0,0,Compliant,1,0,0.359,Valid,3,0,Complete,0,1,96,Deviation,Review,Route deviation,No,
SHP0269,B0269,V024,Coimbatore,Salem,2026-08-02 09:44:00,2026-08-02 15:06:00,Completed,65,0,0.0,-20.10675363314713,-22.189322468517023,-21.02541271392369,0,0,Compliant,1,0,0.236,Valid,2,0,Complete,1,0,17,Delayed,Compliant,Traffic delay,No,
SHP0270,B0270,V070,Kochi,Mumbai,2026-08-04 07:45:00,2026-08-04 13:28:00,Completed,69,0,0.0,-20.131522855575003,-21.66896181032494,-20.967493853774155,0,0,Compliant,1,0,0.13,Valid,2,0,Complete,0,0,56,Normal,Compliant,All compliance checks passed,No,
SHP0271,B0271,V086,Hyderabad,Bengaluru,2026-08-07 10:18:00,2026-08-07 14:14:00,Completed,48,0,0.0,5.692207180731184,3.821238312286394,4.975470607328231,0,1,Compliant,1,0,0.051,Valid,3,0,Complete,0,0,45,Normal,Compliant,All compliance checks passed,No,
SHP0272,B0272,V020,Coimbatore,Mumbai,2026-08-02 09:44:00,2026-08-02 13:29:00,Completed,46,0,0.0,5.588264796260916,4.250053737799315,4.991605619933745,46,0,Compliant,1,1,0.703,Review,4,0,Complete,0,0,16,Normal,Review,Calibration issue,No,
SHP0273,B0273,V032,Bangalore,Madurai,2026-08-05 09:30:00,2026-08-05 15:28:00,Completed,72,0,0.0,-20.05615429635996,-22.35023164007104,-20.976600928321023,0,0,Compliant,1,0,0.252,Valid,2,0,Complete,0,0,0,Normal,Compliant,All compliance checks passed,No,
SHP0274,B0274,V006,Bengaluru,Salem,2026-08-04 10:47:00,2026-08-04 16:20:00,Completed,67,0,0.0,6.085926775794529,3.893069830959041,5.025365400256257,0,0,Compliant,1,0,0.105,Valid,2,0,Complete,1,0,56,Delayed,Compliant,Traffic delay,No,
SHP0275,B0275,V096,Kochi,Salem,2026-08-01 05:33:00,2026-08-01 07:27:00,Completed,23,0,0.0,-20.22041475542096,-21.870219510795028,-21.134538808874854,0,0,Compliant,1,0,0.287,Valid,4,0,Complete,0,1,94,Deviation,Review,Route deviation,No,
SHP0276,B0276,V057,Chennai,Salem,2026-08-05 06:03:00,2026-08-05 07:31:00,Completed,18,0,0.0,-20.358519257813228,-21.52347365239565,-20.97624588662628,0,0,Compliant,1,0,0.238,Valid,2,0,Complete,1,1,75,Deviation,Review,Route deviation,No,
SHP0277,B0277,V031,Hyderabad,Kochi,2026-08-05 06:18:00,2026-08-05 09:26:00,Completed,38,0,0.0,-19.64889270348425,-21.56998846872617,-20.912289806393424,0,0,Compliant,1,0,0.229,Valid,3,1,Review,1,0,32,Delayed,Review,Missing custody signature; Traffic delay,No,
SHP0278,B0278,V087,Coimbatore,Chennai,2026-08-06 10:50:00,2026-08-06 14:21:00,Completed,43,0,0.0,-20.312624153758915,-21.95541258499108,-21.09171224208662,0,0,Compliant,1,0,0.052,Valid,4,0,Complete,0,0,0,Normal,Compliant,All compliance checks passed,No,
SHP0279,B0279,V095,Hyderabad,Mumbai,2026-08-01 05:22:00,2026-08-01 10:13:00,Completed,59,4,20.0,-15.745683161489094,-22.32844582223565,-20.723515698944944,5,0,Critical,1,0,0.261,Valid,2,0,Complete,0,0,22,Normal,Non-Compliant,Temperature: Critical,No,
SHP0280,B0280,V001,Bangalore,Bengaluru,2026-08-06 10:47:00,2026-08-06 16:34:00,Completed,70,0,0.0,5.745147648560071,3.836535702207798,5.01308032911635,0,0,Compliant,1,0,0.359,Valid,4,1,Review,0,0,22,Normal,Review,Missing custody signature,No,
SHP0281,B0281,V062,Hyderabad,Mumbai,2026-08-04 08:15:00,2026-08-04 13:36:00,Completed,65,0,0.0,-19.99065066744018,-21.80552990251244,-20.951746302738464,0,0,Compliant,1,0,0.358,Valid,2,1,Review,0,0,6,Normal,Review,Missing custody signature,No,
SHP0282,B0282,V054,Kochi,Chennai,2026-08-05 08:24:00,2026-08-05 12:57:00,Completed,55,0,0.0,6.040991949949725,3.813298772503708,5.0995662688319126,4,0,Compliant,1,0,0.13,Valid,3,0,Complete,0,0,17,Normal,Compliant,All compliance checks passed,No,
SHP0283,B0283,V005,Madurai,Mumbai,2026-08-01 05:00:00,2026-08-01 08:08:00,Completed,38,0,0.0,5.842034655733801,3.8800142789625656,4.949793108616769,0,1,Compliant,1,0,0.115,Valid,2,0,Complete,0,0,11,Normal,Compliant,All compliance checks passed,No,
SHP0284,B0284,V052,Hyderabad,Bengaluru,2026-08-04 08:53:00,2026-08-04 11:48:00,Completed,36,0,0.0,-20.021692172354527,-21.66853290705391,-20.949910246967555,0,0,Compliant,1,0,0.171,Valid,3,0,Complete,1,0,58,Delayed,Compliant,Traffic delay,No,
SHP0285,B0285,V019,Madurai,Bengaluru,2026-08-04 09:47:00,2026-08-04 12:27:00,Completed,33,0,0.0,-20.2188221784002,-22.213595744858107,-20.99100473939193,33,0,Compliant,1,1,0.335,Review,4,0,Complete,0,0,62,Normal,Review,Calibration issue,No,
SHP0286,B0286,V070,Hyderabad,Kochi,2026-08-05 08:11:00,2026-08-05 09:49:00,Completed,20,0,0.0,5.521171368778324,4.2298951149650055,4.842269017475969,4,0,Compliant,1,0,0.13,Valid,2,1,Review,0,0,26,Normal,Review,Missing custody signature,No,
SHP0287,B0287,V037,Coimbatore,Mumbai,2026-08-06 05:24:00,2026-08-06 06:44:00,Completed,17,0,0.0,5.691720346417903,4.253501626060164,5.069077171126851,0,0,Compliant,1,0,0.3,Valid,3,0,Complete,0,0,0,Normal,Compliant,All compliance checks passed,No,
SHP0288,B0288,V092,Salem,Kochi,2026-08-02 09:16:00,2026-08-02 11:22:00,Completed,26,4,20.0,11.026932017064931,4.431176601132828,5.852610842164916,26,0,Critical,1,1,0.398,Review,3,1,Review,1,0,50,Delayed,Non-Compliant,Temperature: Critical; Calibration issue; Missing custody signature; Traffic delay,No,
SHP0289,B0289,V001,Coimbatore,Bengaluru,2026-08-04 07:00:00,2026-08-04 10:49:00,Completed,46,0,0.0,5.750090155393355,4.086704546153984,4.969922488760084,0,1,Compliant,1,0,0.359,Valid,3,1,Review,0,0,27,Normal,Review,Missing custody signature,No,
SHP0290,B0290,V045,Pune,Coimbatore,2026-08-03 05:09:00,2026-08-03 08:54:00,Completed,46,0,0.0,6.03211675947631,4.092369090819039,4.919623743679551,46,0,Compliant,1,1,0.902,Review,2,0,Complete,0,0,77,Normal,Review,Calibration issue,No,
SHP0291,B0291,V090,Bengaluru,Chennai,2026-08-03 10:39:00,2026-08-03 14:13:00,Completed,43,0,0.0,5.9759497867942,3.802517358935751,5.027491242095591,43,0,Compliant,1,1,0.953,Review,2,0,Complete,0,0,44,Normal,Review,Calibration issue,No,
SHP0292,B0292,V079,Pune,Bengaluru,2026-08-03 09:22:00,2026-08-03 10:59:00,Completed,20,0,0.0,5.894788430824652,3.9169737225311567,4.795516146415535,0,0,Compliant,1,0,0.071,Valid,4,1,Review,0,0,67,Normal,Review,Missing custody signature,No,
SHP0293,B0293,V098,Madurai,Mumbai,2026-08-01 06:11:00,2026-08-01 11:37:00,Completed,66,0,0.0,6.018421814377117,4.065572157991495,5.045150168023653,66,0,Compliant,1,1,0.281,Review,2,0,Complete,0,0,15,Normal,Review,Calibration issue,No,
SHP0294,B0294,V037,Bangalore,Mumbai,2026-08-01 06:26:00,2026-08-01 12:04:00,Completed,68,0,0.0,5.807122579517213,4.19197743419071,5.060317040809375,0,0,Compliant,1,0,0.3,Valid,3,0,Complete,1,0,112,Delayed,Compliant,Traffic delay,No,
SHP0295,B0295,V021,Mumbai,Salem,2026-08-05 05:22:00,2026-08-05 08:15:00,Completed,35,0,0.0,5.783873592782353,4.116980973731458,5.013323794787184,35,0,Compliant,1,1,0.128,Review,4,0,Complete,0,0,0,Normal,Review,Calibration issue,No,
SHP0296,B0296,V026,Hyderabad,Madurai,2026-08-03 07:23:00,2026-08-03 10:53:00,Completed,43,0,0.0,6.009803710642999,4.18563897195809,4.985123203158593,0,0,Compliant,1,0,0.07,Valid,2,0,Complete,0,0,0,Normal,Compliant,All compliance checks passed,No,
SHP0297,B0297,V100,Hyderabad,Bengaluru,2026-08-07 09:30:00,2026-08-07 15:17:00,Completed,70,0,0.0,-19.82190148402596,-21.864464841428685,-20.950838790085047,0,1,Compliant,1,0,0.174,Valid,3,0,Complete,1,0,56,Delayed,Compliant,Traffic delay,No,
SHP0298,B0298,V093,Chennai,Bangalore,2026-08-01 10:22:00,2026-08-01 15:10:00,Completed,58,0,0.0,5.822634328283039,4.191599071649502,5.045121520825643,0,0,Compliant,1,0,0.149,Valid,3,0,Complete,0,0,13,Normal,Compliant,All compliance checks passed,No,
SHP0299,B0299,V004,Hyderabad,Bengaluru,2026-08-06 09:15:00,2026-08-06 10:35:00,Completed,17,0,0.0,-20.62011984628885,-21.972048950290944,-21.123731473364906,17,0,Compliant,1,1,0.8,Review,4,0,Complete,0,0,54,Normal,Review,Calibration issue,No,
SHP0300,B0300,V065,Madurai,Salem,2026-08-01 05:24:00,2026-08-01 08:35:00,Completed,39,4,20.0,-16.012166398425308,-21.9476097246325,-20.60772493277823,0,0,Critical,1,0,0.312,Valid,2,0,Complete,0,0,0,Normal,Non-Compliant,Temperature: Critical,No,
SHP0301,B0301,V032,Mumbai,Kochi,2026-08-03 05:58:00,2026-08-03 11:22:00,Completed,65,0,0.0,5.949786513313597,4.090731118981267,4.983027018205608,0,0,Compliant,1,0,0.252,Valid,2,0,Complete,0,0,38,Normal,Compliant,All compliance checks passed,No,
SHP0302,B0302,V064,Madurai,Mumbai,2026-08-07 09:28:00,2026-08-07 14:37:00,Completed,62,0,0.0,-20.12630775929804,-21.71726140098166,-21.00547145664361,62,0,Compliant,1,1,0.313,Review,2,0,Complete,1,1,65,Deviation,Review,Calibration issue; Route deviation,No,
SHP0303,B0303,V035,Chennai,Kochi,2026-08-04 10:12:00,2026-08-04 13:56:00,Completed,45,0,0.0,5.8427760729052745,4.386643164432508,4.963664563473326,0,0,Compliant,1,0,0.113,Valid,3,1,Review,0,0,5,Normal,Review,Missing custody signature,No,
SHP0304,B0304,V063,Mumbai,Bangalore,2026-08-04 05:10:00,2026-08-04 10:45:00,Completed,68,0,0.0,6.187803803098266,4.179579036858458,4.9995731490385085,0,0,Compliant,1,0,0.258,Valid,2,0,Complete,0,0,78,Normal,Compliant,All compliance checks passed,No,
SHP0305,B0305,V019,Mumbai,Chennai,2026-08-07 10:04:00,2026-08-07 12:51:00,Completed,34,0,0.0,-20.228292001351488,-21.93437227882204,-20.97043222967266,34,0,Compliant,1,1,0.335,Review,4,1,Review,0,0,31,Normal,Non-Compliant,Calibration issue; Missing custody signature,No,
SHP0306,B0306,V083,Hyderabad,Salem,2026-08-03 05:13:00,2026-08-03 10:48:00,Completed,68,1,5.0,-2.9105730533202827,-21.98417432883848,-20.72620317135219,2,0,Warning,1,0,0.331,Valid,2,0,Complete,1,0,74,Delayed,Review,Temperature: Warning; Traffic delay,No,
SHP0307,B0307,V046,Salem,Bangalore,2026-08-03 10:43:00,2026-08-03 13:01:00,Completed,28,0,0.0,5.909637427657296,4.296885030423171,5.064656081660371,0,0,Compliant,1,0,0.37,Valid,3,0,Complete,0,0,39,Normal,Compliant,All compliance checks passed,No,
SHP0308,B0308,V007,Chennai,Pune,2026-08-04 10:21:00,2026-08-04 11:40:00,Completed,16,0,0.0,5.8766553020219945,4.303719757447865,4.983488133346474,0,0,Compliant,1,0,0.357,Valid,4,1,Review,1,0,90,Delayed,Review,Missing custody signature; Traffic delay,No,
SHP0309,B0309,V075,Bangalore,Chennai,2026-08-05 06:50:00,2026-08-05 09:58:00,Completed,38,1,5.0,-7.820993254709869,-22.113184172937288,-20.62932755592738,2,0,Warning,1,0,0.058,Valid,2,0,Complete,0,0,57,Normal,Review,Temperature: Warning,No,
SHP0310,B0310,V011,Mumbai,Bangalore,2026-08-05 09:52:00,2026-08-05 12:48:00,Completed,36,0,0.0,5.572635562085645,4.297959187491536,4.984855726652449,0,0,Compliant,1,0,0.318,Valid,2,1,Review,0,0,13,Normal,Review,Missing custody signature,No,
SHP0311,B0311,V041,Kochi,Salem,2026-08-04 08:28:00,2026-08-04 12:55:00,Completed,54,0,0.0,5.862886354979095,4.114292725646179,4.938071779676692,0,0,Compliant,1,0,0.373,Valid,4,0,Complete,0,0,0,Normal,Compliant,All compliance checks passed,No,
SHP0312,B0312,V028,Salem,Madurai,2026-08-07 05:24:00,2026-08-07 07:24:00,Completed,25,0,0.0,6.137037491204184,4.292195905459011,5.006251285845081,0,0,Compliant,1,0,0.143,Valid,2,1,Review,0,0,19,Normal,Review,Missing custody signature,No,
SHP0313,B0313,V056,Mumbai,Chennai,2026-08-04 10:46:00,2026-08-04 12:18:00,Completed,19,0,0.0,5.5386692005604585,3.968682859943788,4.85340015508437,0,0,Compliant,1,0,0.191,Valid,4,0,Complete,1,0,54,Delayed,Compliant,Traffic delay,No,
SHP0314,B0314,V082,Bengaluru,Chennai,2026-08-04 10:54:00,2026-08-04 12:31:00,Completed,20,0,0.0,-20.15290799879657,-21.80729364457248,-20.958802412287884,0,0,Compliant,1,0,0.251,Valid,3,1,Review,0,0,44,Normal,Review,Missing custody signature,No,
SHP0315,B0315,V056,Madurai,Mumbai,2026-08-02 05:18:00,2026-08-02 08:52:00,Completed,43,0,0.0,5.639459037436444,4.078057130961485,4.971818858079084,43,0,Compliant,1,1,1.041,Review,4,1,Review,0,0,0,Normal,Non-Compliant,Calibration issue; Missing custody signature,No,
SHP0316,B0316,V054,Bengaluru,Bangalore,2026-08-02 07:48:00,2026-08-02 12:32:00,Completed,57,0,0.0,5.937621511533051,4.303178423291268,5.067325158663437,0,0,Compliant,1,0,0.325,Valid,3,0,Complete,0,0,31,Normal,Compliant,All compliance checks passed,No,
SHP0317,B0317,V050,Salem,Chennai,2026-08-01 08:10:00,2026-08-01 13:43:00,Completed,67,0,0.0,-19.92814852244,-21.851459649807406,-20.93613594056413,0,0,Compliant,1,0,0.131,Valid,3,1,Review,1,0,78,Delayed,Review,Missing custody signature; Traffic delay,No,
SHP0318,B0318,V001,Hyderabad,Coimbatore,2026-08-01 10:25:00,2026-08-01 16:04:00,Completed,68,0,0.0,6.216274781663777,4.011734686848239,5.0414593965533285,0,0,Compliant,1,0,0.359,Valid,2,1,Review,1,0,46,Delayed,Review,Missing custody signature; Traffic delay,No,
SHP0319,B0319,V092,Kochi,Coimbatore,2026-08-06 07:43:00,2026-08-06 11:54:00,Completed,51,0,0.0,6.371564191203285,4.134928395794188,5.067169670515184,0,0,Compliant,1,0,0.27,Valid,4,2,Review,0,1,53,Deviation,Review,Missing custody signature; Route deviation,No,
SHP0320,B0320,V016,Chennai,Mumbai,2026-08-06 09:09:00,2026-08-06 11:12:00,Completed,25,0,0.0,6.050122232107565,4.193996624197164,5.028894144561762,0,1,Compliant,1,0,0.341,Valid,4,0,Complete,0,1,65,Deviation,Review,Route deviation,No,
SHP0321,B0321,V085,Chennai,Bengaluru,2026-08-03 09:25:00,2026-08-03 15:00:00,Completed,68,0,0.0,5.953839120132588,4.056614343117014,5.03910112624463,0,0,Compliant,1,0,0.381,Valid,2,0,Complete,0,0,0,Normal,Compliant,All compliance checks passed,No,
SHP0322,B0322,V047,Mumbai,Bangalore,2026-08-03 07:13:00,2026-08-03 11:09:00,Completed,48,0,0.0,-20.44795068416584,-21.90101340591346,-21.07196501282424,48,0,Compliant,1,1,0.739,Review,2,0,Complete,0,0,14,Normal,Review,Calibration issue,No,
SHP0323,B0323,V019,Hyderabad,Salem,2026-08-06 10:54:00,2026-08-06 16:16:00,Completed,65,5,25.0,-2.2833650220077155,-22.12806752889628,-20.41252972338272,65,0,Critical,1,1,0.335,Review,2,0,Complete,0,0,33,Normal,Non-Compliant,Temperature: Critical; Calibration issue,No,
SHP0324,B0324,V010,Coimbatore,Hyderabad,2026-08-01 09:53:00,2026-08-01 13:02:00,Completed,38,0,0.0,5.844137060838551,4.190427355606822,5.013049334927366,0,0,Compliant,1,0,0.291,Valid,4,0,Complete,0,0,0,Normal,Compliant,All compliance checks passed,No,
SHP0325,B0325,V028,Hyderabad,Bangalore,2026-08-05 06:42:00,2026-08-05 12:32:00,Completed,71,1,5.0,-1.8971081679211,-22.233024870057296,-20.680506148460463,2,0,Warning,1,0,0.143,Valid,3,0,Complete,0,0,0,Normal,Review,Temperature: Warning,No,
SHP0326,B0326,V099,Chennai,Mumbai,2026-08-06 08:41:00,2026-08-06 14:22:00,Completed,69,4,20.0,-15.065854383374202,-21.834827698283807,-20.728211572447584,1,0,Critical,1,0,0.127,Valid,2,0,Complete,0,0,39,Normal,Non-Compliant,Temperature: Critical,No,
SHP0327,B0327,V022,Bangalore,Kochi,2026-08-07 10:04:00,2026-08-07 13:12:00,Completed,38,0,0.0,5.82192392745546,4.108663024020088,4.99969267863001,38,0,Compliant,1,1,0.989,Review,4,0,Complete,1,0,77,Delayed,Review,Calibration issue; Traffic delay,No,
SHP0328,B0328,V033,Bangalore,Hyderabad,2026-08-02 10:37:00,2026-08-02 15:46:00,Completed,62,4,20.0,-15.889982239673152,-21.887995635022552,-20.658584641378177,0,0,Critical,1,0,0.12,Valid,3,0,Complete,0,0,31,Normal,Non-Compliant,Temperature: Critical,No,
SHP0329,B0329,V071,Madurai,Coimbatore,2026-08-01 10:41:00,2026-08-01 13:41:00,Completed,37,0,0.0,-20.111871256798047,-21.95102793197084,-20.98721547048909,37,0,Compliant,1,1,0.367,Review,3,1,Review,0,1,52,Deviation,Non-Compliant,Calibration issue; Missing custody signature; Route deviation,No,
SHP0330,B0330,V097,Bangalore,Kochi,2026-08-06 09:04:00,2026-08-06 11:43:00,Completed,32,0,0.0,-20.07692470890582,-21.948354149322576,-21.10412591568415,0,0,Compliant,1,0,0.201,Valid,2,0,Complete,0,0,36,Normal,Compliant,All compliance checks passed,No,
SHP0331,B0331,V010,Madurai,Pune,2026-08-05 08:21:00,2026-08-05 11:57:00,Completed,44,0,0.0,5.976715434131909,3.957769297724587,5.099151663987612,0,0,Compliant,1,0,0.291,Valid,3,1,Review,2,0,98,Delayed,Review,Missing custody signature; Traffic delay,No,
SHP0332,B0332,V080,Bengaluru,Coimbatore,2026-08-06 09:36:00,2026-08-06 13:42:00,Completed,50,0,0.0,-20.21099009078124,-21.92554379824275,-20.929016486101265,0,0,Compliant,1,0,0.091,Valid,4,1,Review,0,0,58,Normal,Review,Missing custody signature,No,
SHP0333,B0333,V030,Madurai,Salem,2026-08-04 06:00:00,2026-08-04 09:40:00,Completed,45,0,0.0,5.859295680783056,3.8352784221130936,4.949151873572027,0,0,Compliant,1,0,0.141,Valid,2,0,Complete,1,0,43,Delayed,Compliant,Traffic delay,No,
SHP0334,B0334,V046,Hyderabad,Salem,2026-08-06 07:53:00,2026-08-06 11:57:00,Completed,49,0,0.0,6.314289485472737,3.8184706058397504,5.067688889723492,0,0,Compliant,1,0,0.37,Valid,3,0,Complete,0,1,32,Deviation,Review,Route deviation,No,
SHP0335,B0335,V034,Coimbatore,Madurai,2026-08-01 08:29:00,2026-08-01 13:17:00,Completed,58,0,0.0,-20.007739632995143,-21.731265971170856,-20.99983296818687,0,0,Compliant,1,0,0.373,Valid,4,0,Complete,1,0,50,Delayed,Compliant,Traffic delay,No,
SHP0336,B0336,V050,Madurai,Kochi,2026-08-04 08:35:00,2026-08-04 10:30:00,Completed,24,4,20.0,11.480451909477072,4.598118055717282,5.882461056115049,1,0,Critical,1,0,0.37,Valid,2,0,Complete,0,1,117,Deviation,Non-Compliant,Temperature: Critical; Route deviation,No,
SHP0337,B0337,V064,Coimbatore,Bengaluru,2026-08-03 05:53:00,2026-08-03 09:16:00,Completed,41,0,0.0,-20.088924429587628,-21.86442239893971,-21.02308818197784,41,0,Compliant,1,1,0.313,Review,4,0,Complete,0,0,31,Normal,Review,Calibration issue,No,
SHP0338,B0338,V036,Coimbatore,Mumbai,2026-08-04 06:16:00,2026-08-04 07:55:00,Completed,20,0,0.0,5.85737792741746,3.9280062056142127,4.901396607204521,0,0,Compliant,1,0,0.259,Valid,4,0,Complete,0,0,0,Normal,Compliant,All compliance checks passed,No,
SHP0339,B0339,V061,Bangalore,Chennai,2026-08-04 09:40:00,2026-08-04 10:55:00,Completed,16,0,0.0,5.543716569734604,4.043207244177544,4.925084021180255,16,0,Compliant,1,1,0.249,Review,3,1,Review,1,1,48,Deviation,Non-Compliant,Calibration issue; Missing custody signature; Route deviation,No,
SHP0340,B0340,V093,Bengaluru,Salem,2026-08-03 09:13:00,2026-08-03 10:31:00,Completed,16,0,0.0,-20.042795082093285,-21.77258091563849,-20.917902198641624,4,0,Compliant,1,0,0.149,Valid,3,0,Complete,0,1,76,Deviation,Review,Route deviation,No,
SHP0341,B0341,V018,Mumbai,Kochi,2026-08-04 09:57:00,2026-08-04 15:33:00,Completed,68,4,20.0,11.376631929256936,4.21796555443274,5.4030160959666285,2,0,Critical,1,0,0.116,Valid,4,0,Complete,1,0,13,Delayed,Non-Compliant,Temperature: Critical; Traffic delay,No,
SHP0342,B0342,V085,Pune,Coimbatore,2026-08-07 07:25:00,2026-08-07 10:19:00,Completed,35,0,0.0,-20.06285719668504,-21.69838761299,-20.896147882923174,0,0,Compliant,1,0,0.391,Valid,4,0,Complete,0,0,57,Normal,Compliant,All compliance checks passed,No,
SHP0343,B0343,V051,Bengaluru,Kochi,2026-08-06 06:29:00,2026-08-06 11:45:00,Completed,64,0,0.0,5.964656076715428,3.87395052403766,4.983542542030567,0,0,Compliant,1,0,0.209,Valid,3,0,Complete,0,0,0,Normal,Compliant,All compliance checks passed,No,
SHP0344,B0344,V075,Mumbai,Bangalore,2026-08-07 08:23:00,2026-08-07 13:40:00,Completed,64,4,20.0,10.880153199202796,3.953154753027516,5.350673078043854,0,0,Critical,1,0,0.368,Valid,4,1,Review,1,0,29,Delayed,Non-Compliant,Temperature: Critical; Missing custody signature; Traffic delay,No,
SHP0345,B0345,V070,Chennai,Hyderabad,2026-08-07 09:43:00,2026-08-07 12:07:00,Completed,29,0,0.0,-20.419680213476504,-21.69670564495332,-21.03641281338134,0,0,Compliant,1,0,0.13,Valid,3,0,Complete,0,0,45,Normal,Compliant,All compliance checks passed,No,
SHP0346,B0346,V023,Mumbai,Coimbatore,2026-08-03 08:10:00,2026-08-03 10:41:00,Completed,31,0,0.0,5.852858584057481,4.339159067322826,5.01115509898823,31,0,Compliant,1,1,0.875,Review,3,0,Complete,1,0,78,Delayed,Review,Calibration issue; Traffic delay,No,
SHP0347,B0347,V097,Bengaluru,Coimbatore,2026-08-03 10:46:00,2026-08-03 15:53:00,Completed,62,0,0.0,-20.072993507521257,-21.88331120795204,-21.03177551420817,0,0,Compliant,1,0,0.201,Valid,2,0,Complete,1,0,81,Delayed,Compliant,Traffic delay,No,
SHP0348,B0348,V035,Madurai,Chennai,2026-08-07 06:48:00,2026-08-07 11:57:00,Completed,62,0,0.0,-20.340323470666217,-21.76465688436761,-21.00911217059437,0,0,Compliant,1,0,0.234,Valid,4,0,Complete,0,0,35,Normal,Compliant,All compliance checks passed,No,
SHP0349,B0349,V082,Hyderabad,Bangalore,2026-08-05 07:23:00,2026-08-05 10:22:00,Completed,36,0,0.0,-20.160098980801603,-22.331801519003253,-21.06338130935872,0,0,Compliant,1,0,0.394,Valid,4,0,Complete,0,1,115,Deviation,Review,Route deviation,No,
SHP0350,B0350,V093,Chennai,Hyderabad,2026-08-02 09:58:00,2026-08-02 14:02:00,Completed,49,0,0.0,5.967342301428981,3.6998666095217176,5.062711084758361,0,0,Compliant,1,0,0.149,Valid,4,0,Complete,0,0,0,Normal,Compliant,All compliance checks passed,No,
SHP0351,B0351,V099,Salem,Pune,2026-08-02 08:56:00,2026-08-02 10:19:00,Completed,17,0,0.0,-20.12897832452769,-21.359943188654107,-20.89842314719125,0,0,Compliant,1,0,0.127,Valid,4,1,Review,0,0,39,Normal,Review,Missing custody signature,No,
SHP0352,B0352,V086,Chennai,Madurai,2026-08-06 05:45:00,2026-08-06 11:11:00,Completed,66,0,0.0,5.921635913419676,2.057828069678126,4.95923210512908,0,0,Compliant,1,0,0.124,Valid,4,2,Review,0,0,48,Normal,Review,Missing custody signature,No,
SHP0353,B0353,V012,Kochi,Bengaluru,2026-08-06 09:36:00,2026-08-06 12:05:00,Completed,30,0,0.0,5.794090614268542,4.032489813172232,4.97599228597234,0,0,Compliant,1,0,0.242,Valid,4,0,Complete,0,0,0,Normal,Compliant,All compliance checks passed,No,
SHP0354,B0354,V042,Salem,Madurai,2026-08-06 09:41:00,2026-08-06 11:20:00,Completed,20,0,0.0,5.484655850259667,4.586942920751177,5.043418011918813,0,0,Compliant,1,0,0.15,Valid,2,0,Complete,0,0,76,Normal,Compliant,All compliance checks passed,No,
SHP0355,B0355,V086,Mumbai,Kochi,2026-08-04 08:58:00,2026-08-04 11:52:00,Completed,35,0,0.0,5.707171466735813,4.171890582194642,4.967631282662508,0,0,Compliant,1,0,0.124,Valid,3,1,Review,0,0,19,Normal,Review,Missing custody signature,No,
SHP0356,B0356,V100,Mumbai,Salem,2026-08-05 07:52:00,2026-08-05 11:48:00,Completed,48,0,0.0,-20.376928291271103,-21.7265066000536,-20.933260545805936,0,0,Compliant,1,0,0.174,Valid,2,0,Complete,2,0,79,Delayed,Compliant,Traffic delay,No,
SHP0357,B0357,V039,Pune,Bengaluru,2026-08-03 05:32:00,2026-08-03 07:43:00,Completed,27,0,0.0,5.520451940871429,4.281520897866179,4.983849489203153,0,0,Compliant,1,0,0.153,Valid,2,0,Complete,0,0,23,Normal,Compliant,All compliance checks passed,No,
SHP0358,B0358,V072,Pune,Coimbatore,2026-08-01 06:04:00,2026-08-01 11:27:00,Completed,65,0,0.0,-19.743830835959105,-21.89070460998289,-20.964499035837747,0,0,Compliant,1,0,0.136,Valid,3,1,Review,1,0,114,Delayed,Review,Missing custody signature; Traffic delay,No,
SHP0359,B0359,V081,Kochi,Hyderabad,2026-08-07 06:11:00,2026-08-07 08:31:00,Completed,29,0,0.0,-19.87033319623891,-21.661583823846527,-20.928856444417075,0,1,Compliant,1,0,0.343,Valid,3,0,Complete,0,0,61,Normal,Compliant,All compliance checks passed,No,
SHP0360,B0360,V008,Madurai,Bengaluru,2026-08-06 10:52:00,2026-08-06 12:52:00,Completed,25,0,0.0,5.6219850910903055,4.494785858569173,5.055028460614675,25,0,Compliant,1,1,0.126,Review,2,0,Complete,0,0,38,Normal,Review,Calibration issue,No,
SHP0361,B0361,V098,Hyderabad,Salem,2026-08-03 07:46:00,2026-08-03 09:44:00,Completed,24,0,0.0,-20.302395906369707,-21.67761571249016,-21.09734714889222,24,0,Compliant,1,1,0.281,Review,4,0,Complete,0,0,0,Normal,Review,Calibration issue,No,
SHP0362,B0362,V036,Pune,Hyderabad,2026-08-02 09:10:00,2026-08-02 13:40:00,Completed,55,0,0.0,5.764871219065181,4.033854695168588,4.957596412436706,0,0,Compliant,1,0,0.336,Valid,3,0,Complete,0,0,11,Normal,Compliant,All compliance checks passed,No,
SHP0363,B0363,V060,Chennai,Hyderabad,2026-08-05 05:08:00,2026-08-05 11:01:00,Completed,71,0,0.0,5.839536492140976,3.545919908983959,4.954495394617335,0,0,Compliant,1,0,0.305,Valid,2,0,Complete,0,0,13,Normal,Compliant,All compliance checks passed,No,
SHP0364,B0364,V020,Bengaluru,Coimbatore,2026-08-04 06:40:00,2026-08-04 12:02:00,Completed,65,0,0.0,6.080346587819838,4.127529904933729,5.099231287044232,65,0,Compliant,1,1,0.703,Review,2,0,Complete,0,0,0,Normal,Review,Calibration issue,No,
SHP0365,B0365,V008,Chennai,Bengaluru,2026-08-07 06:03:00,2026-08-07 08:28:00,Completed,30,0,0.0,6.068270149945226,4.387628946994941,5.098471736678126,0,0,Compliant,1,0,0.19,Valid,3,0,Complete,0,0,35,Normal,Compliant,All compliance checks passed,No,
SHP0366,B0366,V093,Kochi,Coimbatore,2026-08-04 09:25:00,2026-08-04 15:13:00,Completed,70,0,0.0,-19.940846314577165,-22.23771569963656,-21.08539664257077,0,0,Compliant,1,0,0.149,Valid,2,0,Complete,0,0,54,Normal,Compliant,All compliance checks passed,No,
SHP0367,B0367,V061,Chennai,Kochi,2026-08-05 05:13:00,2026-08-05 10:02:00,Completed,58,0,0.0,-20.2748371117365,-21.71777743403556,-21.05565658207989,58,0,Compliant,1,1,0.249,Review,4,1,Review,0,0,24,Normal,Non-Compliant,Calibration issue; Missing custody signature,No,
SHP0368,B0368,V080,Bengaluru,Pune,2026-08-02 08:10:00,2026-08-02 11:02:00,Completed,35,0,0.0,-20.26093599882302,-21.53433073806021,-20.977690055781096,35,0,Compliant,1,1,0.857,Review,3,0,Complete,0,0,83,Normal,Review,Calibration issue,No,
SHP0369,B0369,V039,Salem,Bengaluru,2026-08-07 06:50:00,2026-08-07 12:48:00,Completed,72,0,0.0,-19.850366920796034,-21.79561367846852,-20.942190625128585,0,0,Compliant,1,0,0.216,Valid,2,0,Complete,1,0,47,Delayed,Compliant,Traffic delay,No,
SHP0370,B0370,V011,Coimbatore,Bengaluru,2026-08-04 10:32:00,2026-08-04 13:47:00,Completed,40,0,0.0,5.77892169155587,4.087335171031769,5.063006467650273,0,0,Compliant,1,0,0.318,Valid,2,0,Complete,2,0,77,Delayed,Compliant,Traffic delay,No,
SHP0371,B0371,V075,Coimbatore,Madurai,2026-08-06 08:38:00,2026-08-06 10:13:00,Completed,20,0,0.0,-20.53770691515164,-22.323159980998955,-21.29157592341331,0,0,Compliant,1,0,0.217,Valid,3,0,Complete,0,0,11,Normal,Compliant,All compliance checks passed,No,
SHP0372,B0372,V026,Hyderabad,Salem,2026-08-04 08:08:00,2026-08-04 10:03:00,Completed,24,0,0.0,5.769935344831946,4.006982405635664,4.942741017955469,0,1,Compliant,1,0,0.07,Valid,2,0,Complete,0,0,19,Normal,Compliant,All compliance checks passed,No,
SHP0373,B0373,V060,Chennai,Hyderabad,2026-08-01 09:55:00,2026-08-01 15:13:00,Completed,64,0,0.0,-19.98919583266856,-22.004088856416164,-20.995391546821377,0,0,Compliant,1,0,0.305,Valid,3,0,Complete,0,1,20,Deviation,Review,Route deviation,No,
SHP0374,B0374,V095,Salem,Coimbatore,2026-08-03 09:06:00,2026-08-03 11:36:00,Completed,31,0,0.0,5.610923289677839,4.157597519446746,4.944191177845489,4,0,Compliant,1,0,0.369,Valid,4,1,Review,0,0,61,Normal,Review,Missing custody signature,No,
SHP0375,B0375,V005,Pune,Bengaluru,2026-08-03 09:02:00,2026-08-03 14:34:00,Completed,67,0,0.0,-20.047844901534205,-22.137577465908706,-21.026516184120617,0,0,Compliant,1,0,0.115,Valid,3,0,Complete,0,0,16,Normal,Compliant,All compliance checks passed,No,
SHP0376,B0376,V018,Mumbai,Bangalore,2026-08-07 05:30:00,2026-08-07 07:36:00,Completed,26,0,0.0,5.603818745045053,4.496681445899638,5.0581801325485705,0,0,Compliant,1,0,0.116,Valid,2,1,Review,0,0,34,Normal,Review,Missing custody signature,No,
SHP0377,B0377,V050,Bengaluru,Mumbai,2026-08-07 05:57:00,2026-08-07 10:37:00,Completed,57,0,0.0,-20.21555828348341,-21.926577942771,-21.024928280726115,0,0,Compliant,1,0,0.131,Valid,4,0,Complete,0,0,31,Normal,Compliant,All compliance checks passed,No,
SHP0378,B0378,V098,Mumbai,Salem,2026-08-06 07:55:00,2026-08-06 09:17:00,Completed,17,0,0.0,6.791633700410303,4.52862531482773,5.170227004549123,0,0,Compliant,1,0,0.27,Valid,3,0,Complete,0,0,25,Normal,Compliant,All compliance checks passed,No,
SHP0379,B0379,V006,Mumbai,Salem,2026-08-06 06:51:00,2026-08-06 11:57:00,Completed,62,0,0.0,-20.103755151930287,-21.803686137610224,-20.93436410886961,0,0,Compliant,1,0,0.105,Valid,3,0,Complete,1,0,91,Delayed,Compliant,Traffic delay,No,
SHP0380,B0380,V058,Salem,Madurai,2026-08-04 09:51:00,2026-08-04 15:45:00,Completed,71,0,0.0,6.099512966364026,4.317109602171779,5.0287954480214205,0,0,Compliant,1,0,0.055,Valid,3,0,Complete,0,0,24,Normal,Compliant,All compliance checks passed,No,
SHP0381,B0381,V045,Bangalore,Salem,2026-08-04 06:16:00,2026-08-04 11:20:00,Completed,61,4,20.0,11.13899183672607,4.198820634453923,5.418004019735235,61,0,Critical,1,1,0.902,Review,3,1,Review,0,0,29,Normal,Non-Compliant,Temperature: Critical; Calibration issue; Missing custody signature,No,
SHP0382,B0382,V092,Hyderabad,Bangalore,2026-08-07 07:38:00,2026-08-07 13:16:00,Completed,68,0,0.0,5.9907716534893645,4.19202953042309,5.0056670061320245,0,0,Compliant,1,0,0.27,Valid,4,0,Complete,0,0,20,Normal,Compliant,All compliance checks passed,No,
SHP0383,B0383,V096,Salem,Kochi,2026-08-06 06:00:00,2026-08-06 07:03:00,Completed,13,0,0.0,5.613449138293169,4.515292717004254,5.105914659036696,0,0,Compliant,1,0,0.094,Valid,2,0,Complete,1,0,59,Delayed,Compliant,Traffic delay,No,
SHP0384,B0384,V098,Bengaluru,Mumbai,2026-08-05 05:33:00,2026-08-05 06:36:00,Completed,13,0,0.0,-20.41567251268436,-21.83473941172637,-20.982483949872183,13,0,Compliant,1,1,0.281,Review,4,1,Review,1,0,41,Delayed,Non-Compliant,Calibration issue; Missing custody signature; Traffic delay,No,
SHP0385,B0385,V057,Salem,Hyderabad,2026-08-06 10:51:00,2026-08-06 14:32:00,Completed,45,4,20.0,-15.063066596518752,-22.11348648951924,-20.658409345881587,2,0,Critical,1,0,0.238,Valid,2,0,Complete,2,0,102,Delayed,Non-Compliant,Temperature: Critical; Traffic delay,No,
SHP0386,B0386,V096,Salem,Madurai,2026-08-03 05:09:00,2026-08-03 09:47:00,Completed,56,0,0.0,6.101291804321283,4.3967323162511285,5.045775510540893,0,1,Compliant,1,0,0.094,Valid,2,0,Complete,0,0,71,Normal,Compliant,All compliance checks passed,No,
SHP0387,B0387,V033,Bengaluru,Kochi,2026-08-03 07:54:00,2026-08-03 13:28:00,Completed,67,0,0.0,5.803563767638451,3.971940980567859,4.991004499642618,0,0,Compliant,1,0,0.12,Valid,3,0,Complete,0,0,46,Normal,Compliant,All compliance checks passed,No,
SHP0388,B0388,V087,Salem,Bengaluru,2026-08-02 07:39:00,2026-08-02 11:00:00,Completed,41,0,0.0,-19.90860010188136,-22.10180865135935,-21.026498931134373,0,0,Compliant,1,0,0.313,Valid,3,0,Complete,0,1,72,Deviation,Review,Route deviation,No,
SHP0389,B0389,V020,Salem,Hyderabad,2026-08-03 08:35:00,2026-08-03 14:20:00,Completed,70,4,20.0,-15.441798446868592,-22.027034047173505,-20.773367486974514,70,0,Critical,1,1,0.703,Review,3,0,Complete,1,0,49,Delayed,Non-Compliant,Temperature: Critical; Calibration issue; Traffic delay,No,
SHP0390,B0390,V085,Pune,Coimbatore,2026-08-04 07:35:00,2026-08-04 13:19:00,Completed,69,0,0.0,-20.029834963278443,-22.17350825889179,-20.99184972718958,0,0,Compliant,1,0,0.391,Valid,3,0,Complete,0,0,7,Normal,Compliant,All compliance checks passed,No,
SHP0391,B0391,V079,Pune,Kochi,2026-08-02 07:36:00,2026-08-02 11:32:00,Completed,48,0,0.0,5.936289044610271,4.422844570376922,5.03342289209252,48,0,Compliant,1,1,0.304,Review,4,0,Complete,0,1,67,Deviation,Review,Calibration issue; Route deviation,No,
SHP0392,B0392,V033,Salem,Coimbatore,2026-08-05 10:07:00,2026-08-05 13:04:00,Completed,36,0,0.0,-20.16833732061328,-21.895916652146447,-21.041132426781555,0,0,Compliant,1,0,0.12,Valid,4,0,Complete,0,0,12,Normal,Compliant,All compliance checks passed,No,
SHP0393,B0393,V008,Pune,Coimbatore,2026-08-05 05:13:00,2026-08-05 10:33:00,Completed,65,0,0.0,5.981575469170156,3.982762724210089,5.035043289964262,0,0,Compliant,1,0,0.19,Valid,3,0,Complete,0,0,20,Normal,Compliant,All compliance checks passed,No,
SHP0394,B0394,V065,Salem,Madurai,2026-08-03 09:39:00,2026-08-03 11:05:00,Completed,18,0,0.0,5.793309062368304,4.563843120477024,5.104478365225972,0,0,Compliant,1,0,0.21,Valid,3,1,Review,1,0,52,Delayed,Review,Missing custody signature; Traffic delay,No,
SHP0395,B0395,V053,Coimbatore,Salem,2026-08-06 10:00:00,2026-08-06 11:46:00,Completed,22,0,0.0,-20.288135245164924,-21.67462809723257,-20.993540135009813,0,0,Compliant,1,0,0.198,Valid,2,0,Complete,0,0,53,Normal,Compliant,All compliance checks passed,No,
SHP0396,B0396,V046,Coimbatore,Pune,2026-08-07 09:27:00,2026-08-07 11:12:00,Completed,22,0,0.0,-19.96102511704991,-21.559232815967512,-21.04480050064155,0,0,Compliant,1,0,0.37,Valid,4,1,Review,1,0,92,Delayed,Review,Missing custody signature; Traffic delay,No,
SHP0397,B0397,V082,Bangalore,Kochi,2026-08-06 06:23:00,2026-08-06 08:03:00,Completed,21,0,0.0,-20.366425423614608,-21.702492093791832,-20.943978140790577,0,0,Compliant,1,0,0.394,Valid,3,0,Complete,1,0,14,Delayed,Compliant,Traffic delay,No,
SHP0398,B0398,V092,Bengaluru,Chennai,2026-08-05 10:24:00,2026-08-05 14:49:00,Completed,54,4,20.0,10.506984623972608,4.355932080802626,5.374627856202047,54,0,Critical,1,1,0.398,Review,4,0,Complete,0,0,16,Normal,Non-Compliant,Temperature: Critical; Calibration issue,No,
SHP0399,B0399,V096,Bengaluru,Mumbai,2026-08-07 07:45:00,2026-08-07 09:14:00,Completed,18,0,0.0,-20.45538471886076,-21.78683782516246,-21.055214899229213,18,0,Compliant,1,1,0.347,Review,2,0,Complete,0,0,6,Normal,Review,Calibration issue,No,
SHP0400,B0400,V031,Coimbatore,Pune,2026-08-03 08:00:00,2026-08-03 10:43:00,Completed,33,0,0.0,5.865957035640583,4.231594744470698,5.0546529524811925,0,0,Compliant,1,0,0.329,Valid,4,1,Review,0,1,78,Deviation,Review,Missing custody signature; Route deviation,No,
SHP0401,B0401,V063,Mumbai,Kochi,2026-08-03 06:02:00,2026-08-03 11:23:00,Completed,65,0,0.0,5.979524922296091,4.107947898834155,4.990420059667755,0,0,Compliant,1,0,0.258,Valid,4,0,Complete,1,0,72,Delayed,Compliant,Traffic delay,No,
SHP0402,B0402,V080,Mumbai,Hyderabad,2026-08-03 09:10:00,2026-08-03 10:28:00,Completed,16,0,0.0,5.758229909291424,4.233479693600917,5.1849843838644185,16,0,Compliant,1,1,0.857,Review,3,0,Complete,2,0,102,Delayed,Review,Calibration issue; Traffic delay,No,
SHP0403,B0403,V054,Madurai,Hyderabad,2026-08-06 10:00:00,2026-08-06 12:20:00,Completed,29,0,0.0,-19.80805819330514,-21.5522284069788,-20.95655031474525,0,0,Compliant,1,0,0.325,Valid,2,0,Complete,0,0,0,Normal,Compliant,All compliance checks passed,No,
SHP0404,B0404,V024,Bangalore,Kochi,2026-08-05 08:22:00,2026-08-05 12:44:00,Completed,53,0,0.0,-20.006493602965,-22.011298040125485,-21.021757418110205,0,0,Compliant,1,0,0.332,Valid,4,0,Complete,1,0,59,Delayed,Compliant,Traffic delay,No,
SHP0405,B0405,V034,Salem,Bengaluru,2026-08-03 06:33:00,2026-08-03 07:40:00,Completed,14,0,0.0,5.578801847034024,4.479705971845066,5.011589116914064,0,0,Compliant,1,0,0.373,Valid,2,0,Complete,0,0,85,Normal,Compliant,All compliance checks passed,No,
SHP0406,B0406,V050,Bangalore,Mumbai,2026-08-03 07:46:00,2026-08-03 13:32:00,Completed,70,0,0.0,5.970434245541221,4.352124053793349,5.01933558587407,0,0,Compliant,1,0,0.286,Valid,3,0,Complete,0,0,64,Normal,Compliant,All compliance checks passed,No,
SHP0407,B0407,V062,Bengaluru,Madurai,2026-08-01 07:52:00,2026-08-01 11:13:00,Completed,41,0,0.0,-20.12146710619099,-22.103141451818946,-21.02768881911788,0,0,Compliant,1,0,0.358,Valid,4,1,Review,0,0,46,Normal,Review,Missing custody signature,No,
SHP0408,B0408,V062,Hyderabad,Bengaluru,2026-08-03 06:29:00,2026-08-03 10:55:00,Completed,54,4,20.0,-15.043986400027222,-22.026447754372967,-20.60168182704442,1,0,Critical,1,0,0.358,Valid,4,0,Complete,0,0,9,Normal,Non-Compliant,Temperature: Critical,No,
SHP0409,B0409,V041,Bengaluru,Chennai,2026-08-01 07:11:00,2026-08-01 11:39:00,Completed,54,0,0.0,-20.006342367701865,-21.976682794761,-20.99368191969577,4,0,Compliant,1,0,0.373,Valid,3,0,Complete,0,0,14,Normal,Compliant,All compliance checks passed,No,
SHP0410,B0410,V045,Mumbai,Bangalore,2026-08-07 09:04:00,2026-08-07 14:21:00,Completed,64,0,0.0,5.715916308123361,4.276663178390306,5.067719470594417,64,0,Compliant,1,1,0.394,Review,2,1,Review,0,0,5,Normal,Non-Compliant,Calibration issue; Missing custody signature,No,
SHP0411,B0411,V059,Kochi,Madurai,2026-08-04 05:51:00,2026-08-04 11:13:00,Completed,65,0,0.0,-19.934154203199427,-21.79687422653969,-20.90994552395687,65,0,Compliant,1,1,1.05,Review,2,1,Review,1,0,49,Delayed,Non-Compliant,Calibration issue; Missing custody signature; Traffic delay,No,
SHP0412,B0412,V016,Kochi,Mumbai,2026-08-07 09:16:00,2026-08-07 14:02:00,Completed,58,0,0.0,-19.7714653193576,-21.886913484101427,-21.0165494218584,4,1,Compliant,1,0,0.341,Valid,4,0,Complete,0,0,13,Normal,Compliant,All compliance checks passed,No,
SHP0413,B0413,V096,Salem,Bengaluru,2026-08-05 08:49:00,2026-08-05 11:53:00,Completed,37,0,0.0,6.238678205508822,3.991824611752374,4.950037522255409,37,0,Compliant,1,1,0.347,Review,3,0,Complete,0,0,29,Normal,Review,Calibration issue,No,
SHP0414,B0414,V007,Madurai,Pune,2026-08-05 10:29:00,2026-08-05 16:29:00,Completed,73,0,0.0,6.034908582338124,4.209513574243875,4.98358342769733,0,0,Compliant,1,0,0.204,Valid,3,0,Complete,1,0,61,Delayed,Compliant,Traffic delay,No,
SHP0415,B0415,V021,Chennai,Pune,2026-08-04 05:16:00,2026-08-04 06:50:00,Completed,19,0,0.0,-20.321793672300057,-21.81886675406539,-20.89454556997146,19,0,Compliant,1,1,0.128,Review,3,0,Complete,0,0,66,Normal,Review,Calibration issue,No,
SHP0416,B0416,V080,Salem,Hyderabad,2026-08-05 10:44:00,2026-08-05 13:41:00,Completed,36,0,0.0,-20.03075754775458,-21.615850277682384,-20.907162286018107,0,1,Compliant,1,0,0.251,Valid,3,0,Complete,0,0,31,Normal,Compliant,All compliance checks passed,No,
SHP0417,B0417,V016,Madurai,Salem,2026-08-05 07:33:00,2026-08-05 13:07:00,Completed,67,0,0.0,6.156257196159655,3.9493260976005553,5.011788393012575,0,0,Compliant,1,0,0.341,Valid,3,1,Review,0,0,22,Normal,Review,Missing custody signature,No,
SHP0418,B0418,V040,Chennai,Kochi,2026-08-07 06:18:00,2026-08-07 08:05:00,Completed,22,0,0.0,-20.38688644609276,-21.661173824949184,-20.91324801762156,0,0,Compliant,1,0,0.369,Valid,4,1,Review,1,0,36,Delayed,Review,Missing custody signature; Traffic delay,No,
SHP0419,B0419,V047,Salem,Madurai,2026-08-02 05:35:00,2026-08-02 08:06:00,Completed,31,1,5.0,15.343887535649811,4.395630175273203,5.381698460298899,31,0,Warning,1,1,0.739,Review,4,0,Complete,0,0,13,Normal,Review,Temperature: Warning; Calibration issue,No,
SHP0420,B0420,V034,Pune,Madurai,2026-08-07 07:13:00,2026-08-07 13:06:00,Completed,71,0,0.0,-20.191114974811164,-22.102585118836284,-20.978268530475347,0,0,Compliant,1,0,0.136,Valid,2,0,Complete,0,0,15,Normal,Compliant,All compliance checks passed,No,
SHP0421,B0421,V046,Kochi,Coimbatore,2026-08-01 10:43:00,2026-08-01 13:20:00,Completed,32,4,20.0,-15.42665876928772,-21.67033606582073,-20.47959269781075,1,0,Critical,1,0,0.37,Valid,3,0,Complete,1,1,96,Deviation,Non-Compliant,Temperature: Critical; Route deviation,No,
SHP0422,B0422,V017,Pune,Hyderabad,2026-08-06 06:47:00,2026-08-06 09:50:00,Completed,37,0,0.0,-20.14908103450017,-22.02145240625944,-21.033016748917323,0,1,Compliant,1,0,0.399,Valid,2,0,Complete,0,0,0,Normal,Compliant,All compliance checks passed,No,
SHP0423,B0423,V031,Kochi,Hyderabad,2026-08-04 06:12:00,2026-08-04 09:19:00,Completed,38,0,0.0,-20.28119339340082,-21.8175074806106,-21.065750016525172,0,0,Compliant,1,0,0.329,Valid,3,0,Complete,0,0,0,Normal,Compliant,All compliance checks passed,No,
SHP0424,B0424,V012,Bengaluru,Madurai,2026-08-03 06:49:00,2026-08-03 08:43:00,Completed,23,4,20.0,11.101761984957704,3.988798164391804,5.80241613477166,2,0,Critical,1,0,0.242,Valid,3,0,Complete,0,0,37,Normal,Non-Compliant,Temperature: Critical,No,
SHP0425,B0425,V019,Bangalore,Pune,2026-08-03 09:00:00,2026-08-03 14:37:00,Completed,68,0,0.0,5.838464510420381,3.801893243680153,5.007289833190472,68,0,Compliant,1,1,0.335,Review,3,0,Complete,0,0,40,Normal,Review,Calibration issue,No,
SHP0426,B0426,V016,Chennai,Pune,2026-08-02 07:39:00,2026-08-02 11:20:00,Completed,45,5,25.0,18.208896780639005,4.169136136279668,5.846903904114638,4,0,Critical,1,0,0.341,Valid,2,0,Complete,0,0,56,Normal,Non-Compliant,Temperature: Critical,No,
SHP0427,B0427,V018,Pune,Bengaluru,2026-08-03 07:31:00,2026-08-03 10:04:00,Completed,31,4,20.0,16.67850892983794,4.303403337354362,5.960677218801161,6,1,Critical,1,0,0.116,Valid,4,0,Complete,0,0,39,Normal,Non-Compliant,Temperature: Critical,No,
SHP0428,B0428,V028,Mumbai,Kochi,2026-08-02 08:14:00,2026-08-02 14:09:00,Completed,72,0,0.0,-20.429506296768093,-21.91403379786774,-21.021439980041524,0,0,Compliant,1,0,0.143,Valid,4,0,Complete,0,0,32,Normal,Compliant,All compliance checks passed,No,
SHP0429,B0429,V043,Coimbatore,Chennai,2026-08-01 09:51:00,2026-08-01 14:27:00,Completed,56,4,20.0,-15.170495651416564,-22.204209006525407,-20.60058217820265,5,0,Critical,1,0,0.245,Valid,3,0,Complete,1,1,128,Deviation,Non-Compliant,Temperature: Critical; Route deviation,No,
SHP0430,B0430,V051,Pune,Mumbai,2026-08-01 05:32:00,2026-08-01 09:29:00,Completed,48,0,0.0,5.8446452873671895,4.127159482319615,4.99980637360589,0,0,Compliant,1,0,0.209,Valid,4,0,Complete,0,0,8,Normal,Compliant,All compliance checks passed,No,
SHP0431,B0431,V032,Salem,Coimbatore,2026-08-04 08:07:00,2026-08-04 13:32:00,Completed,66,1,5.0,-6.247331666526186,-22.33436061978764,-20.78246326136553,2,1,Warning,1,0,0.252,Valid,2,0,Complete,0,0,76,Normal,Review,Temperature: Warning,No,
SHP0432,B0432,V093,Pune,Madurai,2026-08-06 10:00:00,2026-08-06 11:06:00,Completed,14,0,0.0,5.702124428253322,4.071405863168969,4.926633603876433,0,1,Compliant,1,0,0.149,Valid,3,0,Complete,0,0,37,Normal,Compliant,All compliance checks passed,No,
SHP0433,B0433,V022,Hyderabad,Salem,2026-08-03 09:06:00,2026-08-03 12:52:00,Completed,46,0,0.0,-20.07275909581448,-21.5305739309232,-20.968671649374105,46,0,Compliant,1,1,0.989,Review,2,0,Complete,0,0,48,Normal,Review,Calibration issue,No,
SHP0434,B0434,V095,Madurai,Bengaluru,2026-08-07 07:11:00,2026-08-07 12:51:00,Completed,69,0,0.0,6.198879316687656,4.195207453717718,5.011335354530516,0,0,Compliant,1,0,0.369,Valid,4,2,Review,1,0,37,Delayed,Review,Missing custody signature; Traffic delay,No,
SHP0435,B0435,V091,Kochi,Hyderabad,2026-08-01 07:30:00,2026-08-01 11:25:00,Completed,48,0,0.0,6.138803835583056,3.80958701039619,5.029195923843788,0,0,Compliant,1,0,0.387,Valid,4,1,Review,0,1,51,Deviation,Review,Missing custody signature; Route deviation,No,
SHP0436,B0436,V060,Madurai,Coimbatore,2026-08-06 08:27:00,2026-08-06 11:14:00,Completed,34,0,0.0,-20.160300192297964,-21.799442226622205,-20.90312118462309,0,1,Compliant,1,0,0.285,Valid,3,0,Complete,0,0,38,Normal,Compliant,All compliance checks passed,No,
SHP0437,B0437,V043,Salem,Madurai,2026-08-07 07:54:00,2026-08-07 12:19:00,Completed,54,0,0.0,5.741864853543834,4.195403469815272,4.943643091806307,0,1,Compliant,1,0,0.344,Valid,4,0,Complete,1,0,43,Delayed,Compliant,Traffic delay,No,
SHP0438,B0438,V030,Kochi,Pune,2026-08-05 06:36:00,2026-08-05 08:43:00,Completed,26,0,0.0,6.00788305825815,4.269639562354958,5.058492341217335,0,0,Compliant,1,0,0.141,Valid,4,0,Complete,0,0,30,Normal,Compliant,All compliance checks passed,No,
SHP0439,B0439,V075,Bengaluru,Hyderabad,2026-08-02 05:46:00,2026-08-02 09:04:00,Completed,40,1,5.0,13.007517311584383,4.235613625763118,5.15019456469884,2,0,Warning,1,0,0.058,Valid,4,0,Complete,1,0,64,Delayed,Review,Temperature: Warning; Traffic delay,No,
SHP0440,B0440,V040,Hyderabad,Mumbai,2026-08-04 08:54:00,2026-08-04 13:09:00,Completed,52,0,0.0,-19.82472477313769,-22.096595771790952,-21.005442237123777,4,0,Compliant,1,0,0.369,Valid,2,0,Complete,1,0,31,Delayed,Compliant,Traffic delay,No,
SHP0441,B0441,V097,Hyderabad,Coimbatore,2026-08-04 10:09:00,2026-08-04 15:11:00,Completed,61,0,0.0,-20.11728691015396,-21.74325000549344,-21.034950972578084,0,0,Compliant,1,0,0.201,Valid,4,0,Complete,0,0,44,Normal,Compliant,All compliance checks passed,No,
SHP0442,B0442,V083,Chennai,Coimbatore,2026-08-02 08:31:00,2026-08-02 10:39:00,Completed,26,0,0.0,-20.34303230162867,-21.97164493486666,-21.101164213436466,0,0,Compliant,1,0,0.331,Valid,3,0,Complete,1,0,141,Delayed,Compliant,Traffic delay,No,
SHP0443,B0443,V060,Mumbai,Madurai,2026-08-04 08:19:00,2026-08-04 11:27:00,Completed,38,0,0.0,-20.50242323001355,-21.66161420010428,-21.036552890027195,0,0,Compliant,1,0,0.305,Valid,4,0,Complete,0,0,43,Normal,Compliant,All compliance checks passed,No,
SHP0444,B0444,V081,Mumbai,Bengaluru,2026-08-05 05:25:00,2026-08-05 07:15:00,Completed,23,0,0.0,5.665082406401399,4.334084399426895,5.114409340165186,0,0,Compliant,1,0,0.343,Valid,2,0,Complete,0,0,10,Normal,Compliant,All compliance checks passed,No,
SHP0445,B0445,V053,Coimbatore,Chennai,2026-08-07 06:52:00,2026-08-07 10:02:00,Completed,39,0,0.0,-19.931137302948795,-21.86120377545765,-20.935945808118245,0,0,Compliant,1,0,0.198,Valid,4,0,Complete,0,0,48,Normal,Compliant,All compliance checks passed,No,
SHP0446,B0446,V063,Pune,Bangalore,2026-08-07 08:47:00,2026-08-07 12:38:00,Completed,47,0,0.0,-19.423067595677324,-21.775519963752632,-21.023995947655443,4,0,Compliant,1,0,0.258,Valid,4,0,Complete,0,1,54,Deviation,Review,Route deviation,No,
SHP0447,B0447,V030,Kochi,Madurai,2026-08-03 07:35:00,2026-08-03 13:20:00,Completed,70,0,0.0,5.865389941480057,4.0472034907453365,4.896264721240702,0,0,Compliant,1,0,0.141,Valid,2,1,Review,0,0,66,Normal,Review,Missing custody signature,No,
SHP0448,B0448,V037,Kochi,Madurai,2026-08-03 05:26:00,2026-08-03 07:28:00,Completed,25,0,0.0,-20.387931177911792,-21.67185419908265,-20.98080394894151,0,0,Compliant,1,0,0.3,Valid,4,1,Review,0,0,16,Normal,Review,Missing custody signature,No,
SHP0449,B0449,V063,Madurai,Bengaluru,2026-08-02 06:36:00,2026-08-02 12:30:00,Completed,71,0,0.0,-19.97548088929156,-21.927297192141,-20.931061137489163,0,0,Compliant,1,0,0.258,Valid,3,0,Complete,0,0,54,Normal,Compliant,All compliance checks passed,No,
SHP0450,B0450,V059,Mumbai,Coimbatore,2026-08-01 07:22:00,2026-08-01 11:08:00,Completed,46,0,0.0,5.941884559097637,4.030294051721086,4.990764932546071,0,0,Compliant,1,0,0.226,Valid,4,1,Review,2,0,93,Delayed,Review,Missing custody signature; Traffic delay,No,
SHP0451,B0451,V061,Mumbai,Pune,2026-08-03 10:28:00,2026-08-03 12:08:00,Completed,21,0,0.0,5.781865017384996,4.244855105111061,4.941513992919313,21,0,Compliant,1,1,0.249,Review,2,1,Review,0,0,0,Normal,Non-Compliant,Calibration issue; Missing custody signature,No,
SHP0452,B0452,V064,Salem,Bengaluru,2026-08-06 07:29:00,2026-08-06 09:43:00,Completed,27,0,0.0,6.0826751763902,4.227666559710367,4.914991595478507,27,0,Compliant,1,1,0.313,Review,3,0,Complete,0,0,23,Normal,Review,Calibration issue,No,
SHP0453,B0453,V011,Coimbatore,Madurai,2026-08-07 08:40:00,2026-08-07 14:32:00,Completed,71,4,20.0,11.5518624602397,4.084309094326374,5.382140978762117,2,1,Critical,1,0,0.318,Valid,2,0,Complete,0,0,27,Normal,Non-Compliant,Temperature: Critical,No,
SHP0454,B0454,V088,Salem,Bangalore,2026-08-07 05:10:00,2026-08-07 09:05:00,Completed,48,0,0.0,-19.864150834076835,-21.599143469911787,-21.0136891967125,0,0,Compliant,1,0,0.384,Valid,4,0,Complete,3,0,100,Delayed,Compliant,Traffic delay,No,
SHP0455,B0455,V022,Hyderabad,Madurai,2026-08-05 07:41:00,2026-08-05 11:10:00,Completed,42,0,0.0,-20.34960881599744,-22.010384512707752,-20.952821353377622,42,0,Compliant,1,1,0.989,Review,2,0,Complete,1,0,46,Delayed,Review,Calibration issue; Traffic delay,No,
SHP0456,B0456,V012,Kochi,Bengaluru,2026-08-05 10:25:00,2026-08-05 13:43:00,Completed,40,0,0.0,5.824085629049872,4.461748832668741,5.047242013791888,40,0,Compliant,1,1,0.876,Review,2,0,Complete,0,0,17,Normal,Review,Calibration issue,No,
SHP0457,B0457,V099,Pune,Madurai,2026-08-01 10:37:00,2026-08-01 16:03:00,Completed,66,0,0.0,6.113294056898932,3.8353800322717406,5.0017870849083454,0,0,Compliant,1,0,0.127,Valid,2,0,Complete,0,0,18,Normal,Compliant,All compliance checks passed,No,
SHP0458,B0458,V047,Pune,Salem,2026-08-07 06:11:00,2026-08-07 07:22:00,Completed,15,0,0.0,5.771179672096833,4.197078440129879,4.942800383060308,15,0,Compliant,1,1,0.739,Review,4,0,Complete,0,0,0,Normal,Review,Calibration issue,No,
SHP0459,B0459,V092,Coimbatore,Hyderabad,2026-08-03 10:16:00,2026-08-03 11:56:00,Completed,21,0,0.0,5.986370932584546,4.339384114627924,5.04721800174241,0,0,Compliant,1,0,0.27,Valid,3,1,Review,1,0,57,Delayed,Review,Missing custody signature; Traffic delay,No,
SHP0460,B0460,V061,Hyderabad,Coimbatore,2026-08-01 08:06:00,2026-08-01 09:54:00,Completed,22,0,0.0,-20.27176789269401,-21.660421358024767,-20.891345450594105,22,0,Compliant,1,1,0.249,Review,2,0,Complete,0,0,33,Normal,Review,Calibration issue,No,
SHP0461,B0461,V024,Bangalore,Pune,2026-08-01 09:03:00,2026-08-01 10:16:00,Completed,15,0,0.0,-19.827871885802995,-21.994317964914472,-21.037794510019328,0,0,Compliant,1,0,0.236,Valid,4,1,Review,0,0,86,Normal,Review,Missing custody signature,No,
SHP0462,B0462,V052,Salem,Mumbai,2026-08-07 05:06:00,2026-08-07 08:20:00,Completed,39,0,0.0,-20.211728643413405,-21.67231184996426,-20.98987669304265,0,0,Compliant,1,0,0.171,Valid,3,1,Review,0,0,17,Normal,Review,Missing custody signature,No,
SHP0463,B0463,V054,Bengaluru,Coimbatore,2026-08-03 05:41:00,2026-08-03 10:00:00,Completed,52,4,20.0,10.872941079993566,4.003887316649468,5.343212208332242,1,0,Critical,1,0,0.259,Valid,2,0,Complete,1,2,80,Deviation,Non-Compliant,Temperature: Critical; Route deviation,No,
SHP0464,B0464,V095,Kochi,Hyderabad,2026-08-04 06:47:00,2026-08-04 10:12:00,Completed,42,0,0.0,-19.88563523440238,-21.468174302999,-20.915952308093143,0,0,Compliant,1,0,0.369,Valid,2,0,Complete,1,0,87,Delayed,Compliant,Traffic delay,No,
SHP0465,B0465,V054,Pune,Coimbatore,2026-08-04 06:33:00,2026-08-04 09:00:00,Completed,30,0,0.0,-20.22127121506156,-21.78478674027133,-20.9825631700051,0,0,Compliant,1,0,0.259,Valid,2,0,Complete,0,0,0,Normal,Compliant,All compliance checks passed,No,
SHP0466,B0466,V039,Chennai,Madurai,2026-08-04 07:55:00,2026-08-04 12:58:00,Completed,61,0,0.0,5.846949126568137,3.457449868303761,4.933451201039972,0,1,Compliant,1,0,0.153,Valid,2,0,Complete,0,1,50,Deviation,Review,Route deviation,No,
SHP0467,B0467,V012,Pune,Mumbai,2026-08-04 07:35:00,2026-08-04 12:22:00,Completed,58,0,0.0,5.944352868725186,4.288809786119059,5.053339393532041,58,0,Compliant,1,1,0.876,Review,4,1,Review,0,0,0,Normal,Non-Compliant,Calibration issue; Missing custody signature,No,
SHP0468,B0468,V057,Coimbatore,Mumbai,2026-08-03 06:37:00,2026-08-03 11:30:00,Completed,59,0,0.0,5.956919353467903,4.053212416997456,5.099497464153969,0,0,Compliant,1,0,0.238,Valid,3,0,Complete,0,0,13,Normal,Compliant,All compliance checks passed,No,
SHP0469,B0469,V083,Bengaluru,Salem,2026-08-07 09:40:00,2026-08-07 15:13:00,Completed,67,0,0.0,5.696769012757575,3.666042915749668,4.988889067505593,0,0,Compliant,1,0,0.331,Valid,3,0,Complete,1,1,80,Deviation,Review,Route deviation,No,
SHP0470,B0470,V049,Kochi,Madurai,2026-08-01 08:34:00,2026-08-01 11:30:00,Completed,36,0,0.0,5.550905561525293,4.224589265224099,4.876551618354736,0,0,Compliant,1,0,0.154,Valid,3,1,Review,0,0,40,Normal,Review,Missing custody signature,No,
SHP0471,B0471,V081,Bangalore,Pune,2026-08-01 07:23:00,2026-08-01 11:54:00,Completed,55,0,0.0,-20.06400147122702,-22.150412912818567,-21.01787622039654,0,0,Compliant,1,0,0.343,Valid,4,0,Complete,0,0,0,Normal,Compliant,All compliance checks passed,No,
SHP0472,B0472,V047,Kochi,Coimbatore,2026-08-01 07:00:00,2026-08-01 08:00:00,Completed,13,0,0.0,5.685411891736112,4.352032078724626,5.1472951540315535,13,0,Compliant,1,1,0.739,Review,2,0,Complete,0,0,34,Normal,Review,Calibration issue,No,
SHP0473,B0473,V064,Mumbai,Coimbatore,2026-08-02 07:18:00,2026-08-02 12:18:00,Completed,61,0,0.0,5.885311167204522,3.93111704621146,4.938301594931031,61,0,Compliant,1,1,0.313,Review,4,0,Complete,0,0,19,Normal,Review,Calibration issue,No,
SHP0474,B0474,V028,Mumbai,Chennai,2026-08-06 10:59:00,2026-08-06 16:10:00,Completed,63,0,0.0,-19.55886714567565,-22.15767402302864,-20.985441147982865,0,1,Compliant,1,0,0.143,Valid,3,0,Complete,1,0,39,Delayed,Compliant,Traffic delay,No,
SHP0475,B0475,V032,Pune,Kochi,2026-08-07 05:49:00,2026-08-07 10:29:00,Completed,57,0,0.0,5.709695847216072,4.169761974048865,5.011224552512838,0,0,Compliant,1,0,0.252,Valid,4,1,Review,1,0,64,Delayed,Review,Missing custody signature; Traffic delay,No,
SHP0476,B0476,V011,Kochi,Bengaluru,2026-08-03 06:50:00,2026-08-03 07:53:00,Completed,13,1,5.0,18.56572159314492,4.24932386746485,6.071026175992232,2,0,Warning,1,0,0.318,Valid,4,0,Complete,0,1,89,Deviation,Review,Temperature: Warning; Route deviation,No,
SHP0477,B0477,V001,Mumbai,Madurai,2026-08-03 06:26:00,2026-08-03 12:13:00,Completed,70,0,0.0,5.804688630177099,3.720294141915129,4.9470059784327,0,0,Compliant,1,0,0.359,Valid,2,0,Complete,0,0,13,Normal,Compliant,All compliance checks passed,No,
SHP0478,B0478,V022,Salem,Hyderabad,2026-08-01 06:45:00,2026-08-01 11:04:00,Completed,52,0,0.0,-20.075356249879743,-21.81331964441605,-21.037431440273863,52,0,Compliant,1,1,0.989,Review,3,0,Complete,0,0,95,Normal,Review,Calibration issue,No,
SHP0479,B0479,V030,Salem,Hyderabad,2026-08-01 07:05:00,2026-08-01 11:41:00,Completed,56,0,0.0,-20.1447779153464,-22.06371247361896,-20.965154621019963,0,0,Compliant,1,0,0.141,Valid,3,1,Review,1,0,48,Delayed,Review,Missing custody signature; Traffic delay,No,
SHP0480,B0480,V058,Hyderabad,Mumbai,2026-08-07 09:51:00,2026-08-07 13:10:00,Completed,40,1,5.0,-5.531308947135597,-21.93103969317214,-20.65444602461203,2,0,Warning,1,0,0.055,Valid,3,0,Complete,0,0,0,Normal,Review,Temperature: Warning,No,
SHP0481,B0481,V043,Kochi,Mumbai,2026-08-03 07:26:00,2026-08-03 10:02:00,Completed,32,0,0.0,-20.064470823388703,-21.800690192493715,-21.09590503887392,4,0,Compliant,1,0,0.245,Valid,3,0,Complete,0,0,27,Normal,Compliant,All compliance checks passed,No,
SHP0482,B0482,V075,Bangalore,Coimbatore,2026-08-03 06:18:00,2026-08-03 08:14:00,Completed,24,4,20.0,11.579097341017402,4.144148974578576,5.8572999741120375,1,1,Critical,1,0,0.368,Valid,4,0,Complete,0,0,42,Normal,Non-Compliant,Temperature: Critical,No,
SHP0483,B0483,V099,Pune,Bengaluru,2026-08-03 08:17:00,2026-08-03 13:28:00,Completed,63,0,0.0,5.932594437022734,4.07915277957238,4.966116543022155,0,0,Compliant,1,0,0.127,Valid,3,0,Complete,2,0,58,Delayed,Compliant,Traffic delay,No,
SHP0484,B0484,V051,Hyderabad,Madurai,2026-08-05 05:09:00,2026-08-05 06:34:00,Completed,18,0,0.0,5.831262646844012,4.635280847335729,5.052904867827871,0,0,Compliant,1,0,0.209,Valid,4,0,Complete,0,1,22,Deviation,Review,Route deviation,No,
SHP0485,B0485,V082,Mumbai,Chennai,2026-08-07 06:06:00,2026-08-07 09:30:00,Completed,41,0,0.0,5.808477439832302,4.111897474064154,4.973980896303189,0,0,Compliant,1,0,0.251,Valid,3,0,Complete,0,0,5,Normal,Compliant,All compliance checks passed,No,
SHP0486,B0486,V017,Kochi,Coimbatore,2026-08-05 10:28:00,2026-08-05 11:32:00,Completed,13,0,0.0,5.673753331272615,4.396460526548202,4.981163969817114,0,0,Compliant,1,0,0.292,Valid,3,0,Complete,2,0,135,Delayed,Compliant,Traffic delay,No,
SHP0487,B0487,V002,Hyderabad,Bangalore,2026-08-06 06:00:00,2026-08-06 11:12:00,Completed,63,0,0.0,-20.15418261507948,-21.84020572649352,-20.97136593515128,0,0,Compliant,1,0,0.126,Valid,4,0,Complete,1,0,75,Delayed,Compliant,Traffic delay,No,
SHP0488,B0488,V026,Hyderabad,Madurai,2026-08-05 08:19:00,2026-08-05 13:34:00,Completed,64,0,0.0,5.815456770019306,3.980184262105328,5.001712820610264,0,0,Compliant,1,0,0.07,Valid,3,0,Complete,1,0,58,Delayed,Compliant,Traffic delay,No,
SHP0489,B0489,V049,Madurai,Pune,2026-08-07 10:50:00,2026-08-07 12:06:00,Completed,16,0,0.0,5.441947981879483,4.324563119749037,4.939958526469513,0,0,Compliant,1,0,0.107,Valid,2,1,Review,1,0,55,Delayed,Review,Missing custody signature; Traffic delay,No,
SHP0490,B0490,V022,Madurai,Bangalore,2026-08-02 06:03:00,2026-08-02 09:19:00,Completed,40,0,0.0,5.803182438344929,3.876510163056935,4.957042095952354,40,0,Compliant,1,1,0.989,Review,2,0,Complete,0,0,17,Normal,Review,Calibration issue,No,
SHP0491,B0491,V006,Salem,Bangalore,2026-08-02 09:30:00,2026-08-02 12:02:00,Completed,31,0,0.0,-20.14861289259936,-22.13941083546064,-21.059442761596458,0,0,Compliant,1,0,0.105,Valid,3,0,Complete,1,0,17,Delayed,Compliant,Traffic delay,No,
SHP0492,B0492,V004,Hyderabad,Kochi,2026-08-01 08:53:00,2026-08-01 09:59:00,Completed,14,0,0.0,-20.463098589478555,-21.5612553632356,-21.033554853706185,14,0,Compliant,1,1,0.8,Review,4,0,Complete,0,0,17,Normal,Review,Calibration issue,No,
SHP0493,B0493,V056,Bangalore,Hyderabad,2026-08-01 08:49:00,2026-08-01 13:35:00,Completed,58,0,0.0,5.736751200836496,4.06479651328338,5.006130627513746,58,0,Compliant,1,1,1.041,Review,4,0,Complete,0,0,12,Normal,Review,Calibration issue,No,
SHP0494,B0494,V006,Hyderabad,Chennai,2026-08-05 06:29:00,2026-08-05 08:17:00,Completed,22,0,0.0,-20.50880487616576,-22.04976446641756,-21.093729853247613,0,0,Compliant,1,0,0.105,Valid,3,0,Complete,0,0,42,Normal,Compliant,All compliance checks passed,No,
SHP0495,B0495,V050,Mumbai,Hyderabad,2026-08-02 08:24:00,2026-08-02 12:03:00,Completed,44,1,5.0,15.203336381646793,3.813915788045864,5.277970126732981,2,0,Warning,1,0,0.244,Valid,4,0,Complete,0,0,30,Normal,Review,Temperature: Warning,No,
SHP0496,B0496,V035,Madurai,Coimbatore,2026-08-06 10:46:00,2026-08-06 12:07:00,Completed,17,0,0.0,-20.62827536511696,-22.07611025254141,-20.964538500263757,0,0,Compliant,1,0,0.234,Valid,2,0,Complete,0,0,0,Normal,Compliant,All compliance checks passed,No,
SHP0497,B0497,V011,Mumbai,Bangalore,2026-08-02 07:30:00,2026-08-02 11:02:00,Completed,43,0,0.0,6.0054573872835615,4.105341938711714,5.089688236453278,0,0,Compliant,1,0,0.318,Valid,4,0,Complete,0,0,0,Normal,Compliant,All compliance checks passed,No,
SHP0498,B0498,V065,Hyderabad,Madurai,2026-08-05 05:55:00,2026-08-05 08:46:00,Completed,35,0,0.0,5.774365620288965,3.981597974151412,4.973061339500825,0,0,Compliant,1,0,0.063,Valid,2,0,Complete,0,0,21,Normal,Compliant,All compliance checks passed,No,
SHP0499,B0499,V052,Bangalore,Hyderabad,2026-08-06 10:27:00,2026-08-06 14:13:00,Completed,46,0,0.0,5.9690222298383775,3.889924615556759,5.092054488332325,46,0,Compliant,1,1,0.302,Review,3,0,Complete,2,1,177,Deviation,Review,Calibration issue; Route deviation,No,
SHP0500,B0500,V053,Chennai,Coimbatore,2026-08-01 07:37:00,2026-08-01 09:38:00,Completed,25,0,0.0,-20.0198177063474,-21.742100215821065,-20.99754241531485,0,0,Compliant,1,0,0.198,Valid,2,1,Review,0,0,31,Normal,Review,Missing custody signature,No,
