handover_id,shipment_id,from_party,to_party,location,handover_time,signature_status
1,SHP0001,Warehouse,Distribution Center,Kochi Hub,2026-08-01 09:02:00,Signed
2,SHP0001,Distribution Center,Delivery Partner,Madurai Store,2026-08-01 10:03:00,Signed
3,SHP0001,Delivery Partner,Retail Store,Madurai Store,2026-08-01 10:04:00,Signed
4,SHP0002,Warehouse,Distribution Center,Kochi Hub,2026-08-07 06:58:00,Missing
5,SHP0002,Distribution Center,Distribution Center,Chennai Warehouse,2026-08-07 07:06:00,Signed
6,SHP0002,Distribution Center,Transporter,Salem Hub,2026-08-07 07:08:00,Signed
7,SHP0002,Transporter,Retail Store,Hyderabad DC,2026-08-07 07:16:00,Missing
8,SHP0003,Warehouse,Distribution Center,Kochi Hub,2026-08-04 08:45:00,Signed
9,SHP0003,Distribution Center,Delivery Partner,Chennai Warehouse,2026-08-04 09:12:00,Signed
10,SHP0003,Delivery Partner,Transporter,Bangalore DC,2026-08-04 09:28:00,Signed
11,SHP0003,Transporter,Retail Store,Coimbatore Hub,2026-08-04 09:31:00,Missing
12,SHP0004,Warehouse,Distribution Center,Kochi Hub,2026-08-05 06:41:00,Signed
13,SHP0004,Distribution Center,Retail Store,Bangalore DC,2026-08-05 07:38:00,Signed
14,SHP0005,Warehouse,Distribution Center,Hyderabad DC,2026-08-04 05:44:00,Signed
15,SHP0005,Distribution Center,Delivery Partner,Pune DC,2026-08-04 06:29:00,Missing
16,SHP0005,Delivery Partner,Transporter,Madurai Store,2026-08-04 06:31:00,Signed
17,SHP0005,Transporter,Retail Store,Pune DC,2026-08-04 06:45:00,Missing
18,SHP0006,Warehouse,Delivery Partner,Salem Hub,2026-08-06 08:11:00,Signed
19,SHP0006,Delivery Partner,Distribution Center,Hyderabad DC,2026-08-06 10:51:00,Signed
20,SHP0006,Distribution Center,Retail Store,Salem Hub,2026-08-06 11:10:00,Signed
21,SHP0007,Warehouse,Transporter,Coimbatore Hub,2026-08-04 08:15:00,Signed
22,SHP0007,Transporter,Distribution Center,Coimbatore Hub,2026-08-04 08:22:00,Missing
23,SHP0007,Distribution Center,Retail Store,Pune DC,2026-08-04 08:42:00,Signed
24,SHP0008,Warehouse,Distribution Center,Chennai Warehouse,2026-08-05 09:42:00,Signed
25,SHP0008,Distribution Center,Retail Store,Hyderabad DC,2026-08-05 10:44:00,Signed
26,SHP0009,Warehouse,Delivery Partner,Hyderabad DC,2026-08-07 10:43:00,Signed
27,SHP0009,Delivery Partner,Delivery Partner,Salem Hub,2026-08-07 11:05:00,Signed
28,SHP0009,Delivery Partner,Transporter,Salem Hub,2026-08-07 11:26:00,Signed
29,SHP0009,Transporter,Retail Store,Bangalore DC,2026-08-07 11:47:00,Signed
30,SHP0010,Warehouse,Transporter,Hyderabad DC,2026-08-03 11:46:00,Signed
31,SHP0010,Transporter,Distribution Center,Pune DC,2026-08-03 11:48:00,Signed
32,SHP0010,Distribution Center,Retail Store,Coimbatore Hub,2026-08-03 12:10:00,Signed
33,SHP0011,Warehouse,Delivery Partner,Chennai Warehouse,2026-08-07 06:24:00,Signed
34,SHP0011,Delivery Partner,Distribution Center,Bangalore DC,2026-08-07 08:57:00,Signed
35,SHP0011,Distribution Center,Retail Store,Madurai Store,2026-08-07 09:13:00,Signed
36,SHP0012,Warehouse,Delivery Partner,Pune DC,2026-08-02 08:57:00,Signed
37,SHP0012,Delivery Partner,Distribution Center,Madurai Store,2026-08-02 09:42:00,Signed
38,SHP0012,Distribution Center,Retail Store,Hyderabad DC,2026-08-02 09:49:00,Signed
39,SHP0013,Warehouse,Delivery Partner,Hyderabad DC,2026-08-02 12:09:00,Missing
40,SHP0013,Delivery Partner,Retail Store,Hyderabad DC,2026-08-02 13:00:00,Signed
41,SHP0014,Warehouse,Delivery Partner,Salem Hub,2026-08-03 10:12:00,Signed
42,SHP0014,Delivery Partner,Distribution Center,Salem Hub,2026-08-03 11:20:00,Signed
43,SHP0014,Distribution Center,Retail Store,Chennai Warehouse,2026-08-03 11:34:00,Signed
44,SHP0015,Warehouse,Transporter,Pune DC,2026-08-05 06:53:00,Signed
45,SHP0015,Transporter,Retail Store,Kochi Hub,2026-08-05 07:05:00,Signed
46,SHP0016,Warehouse,Transporter,Madurai Store,2026-08-06 07:58:00,Signed
47,SHP0016,Transporter,Transporter,Madurai Store,2026-08-06 08:36:00,Signed
48,SHP0016,Transporter,Delivery Partner,Chennai Warehouse,2026-08-06 08:50:00,Signed
49,SHP0016,Delivery Partner,Retail Store,Salem Hub,2026-08-06 08:57:00,Signed
50,SHP0017,Warehouse,Distribution Center,Hyderabad DC,2026-08-06 08:17:00,Signed
51,SHP0017,Distribution Center,Delivery Partner,Pune DC,2026-08-06 09:12:00,Signed
52,SHP0017,Delivery Partner,Delivery Partner,Coimbatore Hub,2026-08-06 09:41:00,Signed
53,SHP0017,Delivery Partner,Retail Store,Pune DC,2026-08-06 10:23:00,Signed
54,SHP0018,Warehouse,Delivery Partner,Pune DC,2026-08-07 05:54:00,Signed
55,SHP0018,Delivery Partner,Transporter,Bangalore DC,2026-08-07 06:08:00,Signed
56,SHP0018,Transporter,Retail Store,Madurai Store,2026-08-07 06:15:00,Signed
57,SHP0019,Warehouse,Transporter,Chennai Warehouse,2026-08-01 10:50:00,Signed
58,SHP0019,Transporter,Distribution Center,Hyderabad DC,2026-08-01 13:16:00,Signed
59,SHP0019,Distribution Center,Retail Store,Kochi Hub,2026-08-01 13:40:00,Signed
60,SHP0020,Warehouse,Delivery Partner,Salem Hub,2026-08-06 10:22:00,Signed
61,SHP0020,Delivery Partner,Distribution Center,Salem Hub,2026-08-06 10:57:00,Signed
62,SHP0020,Distribution Center,Retail Store,Kochi Hub,2026-08-06 11:01:00,Signed
63,SHP0021,Warehouse,Distribution Center,Pune DC,2026-08-01 05:47:00,Signed
64,SHP0021,Distribution Center,Transporter,Madurai Store,2026-08-01 06:05:00,Signed
65,SHP0021,Transporter,Transporter,Salem Hub,2026-08-01 06:22:00,Signed
66,SHP0021,Transporter,Retail Store,Chennai Warehouse,2026-08-01 07:00:00,Signed
67,SHP0022,Warehouse,Delivery Partner,Coimbatore Hub,2026-08-03 06:26:00,Signed
68,SHP0022,Delivery Partner,Retail Store,Bangalore DC,2026-08-03 06:53:00,Signed
69,SHP0023,Warehouse,Distribution Center,Pune DC,2026-08-04 08:35:00,Signed
70,SHP0023,Distribution Center,Retail Store,Chennai Warehouse,2026-08-04 12:22:00,Signed
71,SHP0024,Warehouse,Distribution Center,Salem Hub,2026-08-04 11:37:00,Signed
72,SHP0024,Distribution Center,Transporter,Salem Hub,2026-08-04 13:04:00,Signed
73,SHP0024,Transporter,Delivery Partner,Pune DC,2026-08-04 13:06:00,Signed
74,SHP0024,Delivery Partner,Retail Store,Chennai Warehouse,2026-08-04 13:55:00,Signed
75,SHP0025,Warehouse,Transporter,Kochi Hub,2026-08-06 07:28:00,Signed
76,SHP0025,Transporter,Transporter,Chennai Warehouse,2026-08-06 08:24:00,Signed
77,SHP0025,Transporter,Distribution Center,Madurai Store,2026-08-06 08:40:00,Signed
78,SHP0025,Distribution Center,Retail Store,Salem Hub,2026-08-06 10:18:00,Signed
79,SHP0026,Warehouse,Delivery Partner,Salem Hub,2026-08-07 07:48:00,Signed
80,SHP0026,Delivery Partner,Distribution Center,Hyderabad DC,2026-08-07 07:54:00,Signed
81,SHP0026,Distribution Center,Retail Store,Pune DC,2026-08-07 08:49:00,Signed
82,SHP0027,Warehouse,Transporter,Salem Hub,2026-08-05 08:54:00,Signed
83,SHP0027,Transporter,Delivery Partner,Chennai Warehouse,2026-08-05 08:57:00,Signed
84,SHP0027,Delivery Partner,Retail Store,Coimbatore Hub,2026-08-05 09:30:00,Signed
85,SHP0028,Warehouse,Distribution Center,Coimbatore Hub,2026-08-06 12:20:00,Signed
86,SHP0028,Distribution Center,Retail Store,Pune DC,2026-08-06 13:40:00,Signed
87,SHP0029,Warehouse,Transporter,Pune DC,2026-08-01 06:59:00,Signed
88,SHP0029,Transporter,Transporter,Madurai Store,2026-08-01 09:00:00,Signed
89,SHP0029,Transporter,Retail Store,Kochi Hub,2026-08-01 09:21:00,Signed
90,SHP0030,Warehouse,Delivery Partner,Salem Hub,2026-08-06 09:48:00,Signed
91,SHP0030,Delivery Partner,Transporter,Chennai Warehouse,2026-08-06 09:56:00,Signed
92,SHP0030,Transporter,Delivery Partner,Salem Hub,2026-08-06 10:50:00,Signed
93,SHP0030,Delivery Partner,Retail Store,Chennai Warehouse,2026-08-06 10:55:00,Signed
94,SHP0031,Warehouse,Transporter,Salem Hub,2026-08-07 06:00:00,Signed
95,SHP0031,Transporter,Retail Store,Hyderabad DC,2026-08-07 06:05:00,Signed
96,SHP0032,Warehouse,Transporter,Kochi Hub,2026-08-03 09:01:00,Signed
97,SHP0032,Transporter,Distribution Center,Pune DC,2026-08-03 11:21:00,Signed
98,SHP0032,Distribution Center,Retail Store,Salem Hub,2026-08-03 13:27:00,Signed
99,SHP0033,Warehouse,Distribution Center,Salem Hub,2026-08-01 07:46:00,Signed
100,SHP0033,Distribution Center,Retail Store,Salem Hub,2026-08-01 07:49:00,Signed
101,SHP0034,Warehouse,Transporter,Coimbatore Hub,2026-08-05 06:06:00,Signed
102,SHP0034,Transporter,Delivery Partner,Hyderabad DC,2026-08-05 07:49:00,Missing
103,SHP0034,Delivery Partner,Delivery Partner,Pune DC,2026-08-05 09:06:00,Signed
104,SHP0034,Delivery Partner,Retail Store,Kochi Hub,2026-08-05 09:27:00,Signed
105,SHP0035,Warehouse,Delivery Partner,Coimbatore Hub,2026-08-06 09:46:00,Signed
106,SHP0035,Delivery Partner,Transporter,Pune DC,2026-08-06 10:02:00,Signed
107,SHP0035,Transporter,Retail Store,Salem Hub,2026-08-06 10:14:00,Signed
108,SHP0036,Warehouse,Transporter,Pune DC,2026-08-05 10:22:00,Signed
109,SHP0036,Transporter,Delivery Partner,Coimbatore Hub,2026-08-05 10:32:00,Signed
110,SHP0036,Delivery Partner,Transporter,Chennai Warehouse,2026-08-05 10:59:00,Signed
111,SHP0036,Transporter,Retail Store,Chennai Warehouse,2026-08-05 11:37:00,Signed
112,SHP0037,Warehouse,Distribution Center,Madurai Store,2026-08-01 09:36:00,Signed
113,SHP0037,Distribution Center,Distribution Center,Chennai Warehouse,2026-08-01 10:25:00,Signed
114,SHP0037,Distribution Center,Retail Store,Hyderabad DC,2026-08-01 10:43:00,Signed
115,SHP0038,Warehouse,Transporter,Bangalore DC,2026-08-06 09:23:00,Missing
116,SHP0038,Transporter,Retail Store,Madurai Store,2026-08-06 09:58:00,Signed
117,SHP0039,Warehouse,Delivery Partner,Coimbatore Hub,2026-08-05 10:43:00,Signed
118,SHP0039,Delivery Partner,Transporter,Kochi Hub,2026-08-05 10:46:00,Signed
119,SHP0039,Transporter,Distribution Center,Kochi Hub,2026-08-05 10:59:00,Signed
120,SHP0039,Distribution Center,Retail Store,Bangalore DC,2026-08-05 11:15:00,Signed
121,SHP0040,Warehouse,Distribution Center,Chennai Warehouse,2026-08-02 06:00:00,Signed
122,SHP0040,Distribution Center,Delivery Partner,Coimbatore Hub,2026-08-02 07:27:00,Signed
123,SHP0040,Delivery Partner,Retail Store,Hyderabad DC,2026-08-02 09:02:00,Signed
124,SHP0041,Warehouse,Transporter,Pune DC,2026-08-01 07:35:00,Signed
125,SHP0041,Transporter,Transporter,Hyderabad DC,2026-08-01 07:45:00,Signed
126,SHP0041,Transporter,Retail Store,Bangalore DC,2026-08-01 07:49:00,Signed
127,SHP0042,Warehouse,Transporter,Chennai Warehouse,2026-08-06 06:49:00,Signed
128,SHP0042,Transporter,Distribution Center,Chennai Warehouse,2026-08-06 07:31:00,Signed
129,SHP0042,Distribution Center,Delivery Partner,Kochi Hub,2026-08-06 08:07:00,Signed
130,SHP0042,Delivery Partner,Retail Store,Kochi Hub,2026-08-06 08:58:00,Missing
131,SHP0043,Warehouse,Transporter,Hyderabad DC,2026-08-01 08:10:00,Signed
132,SHP0043,Transporter,Transporter,Pune DC,2026-08-01 08:44:00,Signed
133,SHP0043,Transporter,Retail Store,Bangalore DC,2026-08-01 09:11:00,Signed
134,SHP0044,Warehouse,Transporter,Salem Hub,2026-08-03 05:48:00,Signed
135,SHP0044,Transporter,Transporter,Salem Hub,2026-08-03 05:51:00,Signed
136,SHP0044,Transporter,Delivery Partner,Bangalore DC,2026-08-03 06:02:00,Signed
137,SHP0044,Delivery Partner,Retail Store,Kochi Hub,2026-08-03 06:37:00,Signed
138,SHP0045,Warehouse,Delivery Partner,Salem Hub,2026-08-01 11:01:00,Signed
139,SHP0045,Delivery Partner,Retail Store,Salem Hub,2026-08-01 13:01:00,Signed
140,SHP0046,Warehouse,Transporter,Kochi Hub,2026-08-04 09:58:00,Signed
141,SHP0046,Transporter,Transporter,Salem Hub,2026-08-04 10:54:00,Signed
142,SHP0046,Transporter,Retail Store,Pune DC,2026-08-04 11:13:00,Missing
143,SHP0047,Warehouse,Delivery Partner,Madurai Store,2026-08-02 10:00:00,Signed
144,SHP0047,Delivery Partner,Retail Store,Kochi Hub,2026-08-02 10:12:00,Signed
145,SHP0048,Warehouse,Delivery Partner,Pune DC,2026-08-06 08:51:00,Signed
146,SHP0048,Delivery Partner,Retail Store,Madurai Store,2026-08-06 10:25:00,Signed
147,SHP0049,Warehouse,Transporter,Hyderabad DC,2026-08-01 08:36:00,Missing
148,SHP0049,Transporter,Retail Store,Bangalore DC,2026-08-01 10:58:00,Signed
149,SHP0050,Warehouse,Distribution Center,Salem Hub,2026-08-04 06:24:00,Signed
150,SHP0050,Distribution Center,Transporter,Kochi Hub,2026-08-04 06:45:00,Signed
151,SHP0050,Transporter,Delivery Partner,Pune DC,2026-08-04 06:47:00,Signed
152,SHP0050,Delivery Partner,Retail Store,Bangalore DC,2026-08-04 06:52:00,Signed
153,SHP0051,Warehouse,Transporter,Madurai Store,2026-08-02 07:38:00,Missing
154,SHP0051,Transporter,Delivery Partner,Chennai Warehouse,2026-08-02 08:12:00,Signed
155,SHP0051,Delivery Partner,Transporter,Salem Hub,2026-08-02 08:53:00,Signed
156,SHP0051,Transporter,Retail Store,Kochi Hub,2026-08-02 10:19:00,Signed
157,SHP0052,Warehouse,Distribution Center,Pune DC,2026-08-06 06:35:00,Missing
158,SHP0052,Distribution Center,Retail Store,Madurai Store,2026-08-06 07:51:00,Signed
159,SHP0053,Warehouse,Transporter,Madurai Store,2026-08-06 07:25:00,Signed
160,SHP0053,Transporter,Distribution Center,Hyderabad DC,2026-08-06 07:27:00,Signed
161,SHP0053,Distribution Center,Distribution Center,Coimbatore Hub,2026-08-06 08:31:00,Signed
162,SHP0053,Distribution Center,Retail Store,Chennai Warehouse,2026-08-06 08:52:00,Signed
163,SHP0054,Warehouse,Distribution Center,Kochi Hub,2026-08-07 06:45:00,Signed
164,SHP0054,Distribution Center,Delivery Partner,Madurai Store,2026-08-07 07:21:00,Signed
165,SHP0054,Delivery Partner,Retail Store,Bangalore DC,2026-08-07 08:04:00,Signed
166,SHP0055,Warehouse,Transporter,Pune DC,2026-08-01 08:27:00,Signed
167,SHP0055,Transporter,Delivery Partner,Hyderabad DC,2026-08-01 09:14:00,Signed
168,SHP0055,Delivery Partner,Transporter,Bangalore DC,2026-08-01 10:12:00,Signed
169,SHP0055,Transporter,Retail Store,Coimbatore Hub,2026-08-01 10:15:00,Signed
170,SHP0056,Warehouse,Distribution Center,Hyderabad DC,2026-08-02 09:15:00,Signed
171,SHP0056,Distribution Center,Retail Store,Coimbatore Hub,2026-08-02 09:25:00,Signed
172,SHP0057,Warehouse,Delivery Partner,Pune DC,2026-08-01 10:47:00,Signed
173,SHP0057,Delivery Partner,Retail Store,Salem Hub,2026-08-01 11:43:00,Signed
174,SHP0058,Warehouse,Transporter,Hyderabad DC,2026-08-05 09:16:00,Signed
175,SHP0058,Transporter,Transporter,Salem Hub,2026-08-05 10:37:00,Signed
176,SHP0058,Transporter,Retail Store,Madurai Store,2026-08-05 13:24:00,Signed
177,SHP0059,Warehouse,Delivery Partner,Coimbatore Hub,2026-08-02 07:37:00,Signed
178,SHP0059,Delivery Partner,Distribution Center,Chennai Warehouse,2026-08-02 08:44:00,Signed
179,SHP0059,Distribution Center,Delivery Partner,Coimbatore Hub,2026-08-02 09:39:00,Signed
180,SHP0059,Delivery Partner,Retail Store,Coimbatore Hub,2026-08-02 10:46:00,Signed
181,SHP0060,Warehouse,Delivery Partner,Hyderabad DC,2026-08-01 08:24:00,Signed
182,SHP0060,Delivery Partner,Delivery Partner,Pune DC,2026-08-01 09:30:00,Missing
183,SHP0060,Delivery Partner,Retail Store,Salem Hub,2026-08-01 09:51:00,Signed
184,SHP0061,Warehouse,Distribution Center,Pune DC,2026-08-02 11:40:00,Signed
185,SHP0061,Distribution Center,Retail Store,Salem Hub,2026-08-02 11:45:00,Missing
186,SHP0062,Warehouse,Delivery Partner,Coimbatore Hub,2026-08-04 08:20:00,Signed
187,SHP0062,Delivery Partner,Retail Store,Coimbatore Hub,2026-08-04 08:28:00,Signed
188,SHP0063,Warehouse,Distribution Center,Madurai Store,2026-08-02 08:59:00,Signed
189,SHP0063,Distribution Center,Retail Store,Bangalore DC,2026-08-02 11:46:00,Signed
190,SHP0064,Warehouse,Delivery Partner,Chennai Warehouse,2026-08-04 09:38:00,Signed
191,SHP0064,Delivery Partner,Retail Store,Hyderabad DC,2026-08-04 12:19:00,Signed
192,SHP0065,Warehouse,Distribution Center,Madurai Store,2026-08-01 06:33:00,Signed
193,SHP0065,Distribution Center,Retail Store,Salem Hub,2026-08-01 07:13:00,Signed
194,SHP0066,Warehouse,Delivery Partner,Pune DC,2026-08-02 07:25:00,Missing
195,SHP0066,Delivery Partner,Transporter,Madurai Store,2026-08-02 08:03:00,Signed
196,SHP0066,Transporter,Retail Store,Coimbatore Hub,2026-08-02 08:55:00,Signed
197,SHP0067,Warehouse,Transporter,Coimbatore Hub,2026-08-01 10:44:00,Signed
198,SHP0067,Transporter,Transporter,Salem Hub,2026-08-01 12:45:00,Signed
199,SHP0067,Transporter,Distribution Center,Pune DC,2026-08-01 13:34:00,Signed
200,SHP0067,Distribution Center,Retail Store,Madurai Store,2026-08-01 13:49:00,Signed
201,SHP0068,Warehouse,Distribution Center,Bangalore DC,2026-08-06 07:02:00,Signed
202,SHP0068,Distribution Center,Distribution Center,Salem Hub,2026-08-06 07:06:00,Signed
203,SHP0068,Distribution Center,Transporter,Coimbatore Hub,2026-08-06 07:32:00,Missing
204,SHP0068,Transporter,Retail Store,Hyderabad DC,2026-08-06 07:57:00,Signed
205,SHP0069,Warehouse,Delivery Partner,Salem Hub,2026-08-01 06:42:00,Signed
206,SHP0069,Delivery Partner,Delivery Partner,Chennai Warehouse,2026-08-01 07:46:00,Signed
207,SHP0069,Delivery Partner,Retail Store,Salem Hub,2026-08-01 07:52:00,Missing
208,SHP0070,Warehouse,Transporter,Kochi Hub,2026-08-05 06:34:00,Signed
209,SHP0070,Transporter,Transporter,Salem Hub,2026-08-05 06:51:00,Signed
210,SHP0070,Transporter,Delivery Partner,Hyderabad DC,2026-08-05 06:54:00,Signed
211,SHP0070,Delivery Partner,Retail Store,Coimbatore Hub,2026-08-05 07:02:00,Signed
212,SHP0071,Warehouse,Delivery Partner,Salem Hub,2026-08-06 05:50:00,Missing
213,SHP0071,Delivery Partner,Retail Store,Coimbatore Hub,2026-08-06 06:50:00,Signed
214,SHP0072,Warehouse,Transporter,Salem Hub,2026-08-03 08:40:00,Signed
215,SHP0072,Transporter,Delivery Partner,Chennai Warehouse,2026-08-03 08:46:00,Signed
216,SHP0072,Delivery Partner,Retail Store,Madurai Store,2026-08-03 09:36:00,Signed
217,SHP0073,Warehouse,Delivery Partner,Salem Hub,2026-08-01 05:15:00,Signed
218,SHP0073,Delivery Partner,Transporter,Coimbatore Hub,2026-08-01 05:33:00,Signed
219,SHP0073,Transporter,Transporter,Chennai Warehouse,2026-08-01 05:51:00,Signed
220,SHP0073,Transporter,Retail Store,Salem Hub,2026-08-01 06:04:00,Signed
221,SHP0074,Warehouse,Transporter,Kochi Hub,2026-08-05 06:15:00,Signed
222,SHP0074,Transporter,Transporter,Hyderabad DC,2026-08-05 06:32:00,Signed
223,SHP0074,Transporter,Transporter,Hyderabad DC,2026-08-05 06:38:00,Signed
224,SHP0074,Transporter,Retail Store,Salem Hub,2026-08-05 08:12:00,Signed
225,SHP0075,Warehouse,Delivery Partner,Kochi Hub,2026-08-06 08:55:00,Signed
226,SHP0075,Delivery Partner,Distribution Center,Hyderabad DC,2026-08-06 09:24:00,Signed
227,SHP0075,Distribution Center,Distribution Center,Coimbatore Hub,2026-08-06 09:36:00,Signed
228,SHP0075,Distribution Center,Retail Store,Hyderabad DC,2026-08-06 10:18:00,Signed
229,SHP0076,Warehouse,Transporter,Bangalore DC,2026-08-02 12:23:00,Signed
230,SHP0076,Transporter,Transporter,Chennai Warehouse,2026-08-02 14:08:00,Signed
231,SHP0076,Transporter,Transporter,Kochi Hub,2026-08-02 14:48:00,Signed
232,SHP0076,Transporter,Retail Store,Chennai Warehouse,2026-08-02 15:21:00,Signed
233,SHP0077,Warehouse,Delivery Partner,Kochi Hub,2026-08-07 12:01:00,Signed
234,SHP0077,Delivery Partner,Delivery Partner,Bangalore DC,2026-08-07 12:13:00,Signed
235,SHP0077,Delivery Partner,Retail Store,Chennai Warehouse,2026-08-07 12:41:00,Missing
236,SHP0078,Warehouse,Delivery Partner,Bangalore DC,2026-08-01 07:09:00,Signed
237,SHP0078,Delivery Partner,Delivery Partner,Hyderabad DC,2026-08-01 07:38:00,Signed
238,SHP0078,Delivery Partner,Transporter,Salem Hub,2026-08-01 08:25:00,Signed
239,SHP0078,Transporter,Retail Store,Pune DC,2026-08-01 08:27:00,Signed
240,SHP0079,Warehouse,Transporter,Hyderabad DC,2026-08-02 06:03:00,Signed
241,SHP0079,Transporter,Retail Store,Bangalore DC,2026-08-02 06:44:00,Signed
242,SHP0080,Warehouse,Distribution Center,Coimbatore Hub,2026-08-04 09:14:00,Signed
243,SHP0080,Distribution Center,Retail Store,Coimbatore Hub,2026-08-04 12:55:00,Signed
244,SHP0081,Warehouse,Transporter,Bangalore DC,2026-08-02 07:41:00,Signed
245,SHP0081,Transporter,Delivery Partner,Coimbatore Hub,2026-08-02 07:46:00,Missing
246,SHP0081,Delivery Partner,Retail Store,Hyderabad DC,2026-08-02 07:48:00,Missing
247,SHP0082,Warehouse,Transporter,Pune DC,2026-08-06 07:50:00,Signed
248,SHP0082,Transporter,Distribution Center,Bangalore DC,2026-08-06 09:47:00,Signed
249,SHP0082,Distribution Center,Retail Store,Bangalore DC,2026-08-06 10:06:00,Missing
250,SHP0083,Warehouse,Transporter,Bangalore DC,2026-08-04 05:44:00,Signed
251,SHP0083,Transporter,Delivery Partner,Coimbatore Hub,2026-08-04 05:58:00,Signed
252,SHP0083,Delivery Partner,Retail Store,Bangalore DC,2026-08-04 06:31:00,Signed
253,SHP0084,Warehouse,Delivery Partner,Chennai Warehouse,2026-08-05 09:51:00,Missing
254,SHP0084,Delivery Partner,Delivery Partner,Pune DC,2026-08-05 09:58:00,Signed
255,SHP0084,Delivery Partner,Transporter,Chennai Warehouse,2026-08-05 10:11:00,Signed
256,SHP0084,Transporter,Retail Store,Bangalore DC,2026-08-05 13:10:00,Signed
257,SHP0085,Warehouse,Distribution Center,Salem Hub,2026-08-07 08:28:00,Signed
258,SHP0085,Distribution Center,Delivery Partner,Hyderabad DC,2026-08-07 08:46:00,Signed
259,SHP0085,Delivery Partner,Retail Store,Chennai Warehouse,2026-08-07 09:37:00,Signed
260,SHP0086,Warehouse,Transporter,Kochi Hub,2026-08-01 09:33:00,Signed
261,SHP0086,Transporter,Delivery Partner,Chennai Warehouse,2026-08-01 09:34:00,Signed
262,SHP0086,Delivery Partner,Retail Store,Hyderabad DC,2026-08-01 09:55:00,Signed
263,SHP0087,Warehouse,Distribution Center,Chennai Warehouse,2026-08-03 09:35:00,Signed
264,SHP0087,Distribution Center,Distribution Center,Coimbatore Hub,2026-08-03 09:41:00,Signed
265,SHP0087,Distribution Center,Retail Store,Madurai Store,2026-08-03 09:44:00,Signed
266,SHP0088,Warehouse,Distribution Center,Salem Hub,2026-08-03 07:35:00,Signed
267,SHP0088,Distribution Center,Retail Store,Pune DC,2026-08-03 08:43:00,Signed
268,SHP0089,Warehouse,Transporter,Hyderabad DC,2026-08-03 10:11:00,Signed
269,SHP0089,Transporter,Transporter,Salem Hub,2026-08-03 10:14:00,Signed
270,SHP0089,Transporter,Retail Store,Chennai Warehouse,2026-08-03 10:45:00,Signed
271,SHP0090,Warehouse,Distribution Center,Bangalore DC,2026-08-06 08:32:00,Signed
272,SHP0090,Distribution Center,Transporter,Madurai Store,2026-08-06 09:10:00,Signed
273,SHP0090,Transporter,Delivery Partner,Salem Hub,2026-08-06 09:47:00,Signed
274,SHP0090,Delivery Partner,Retail Store,Hyderabad DC,2026-08-06 10:34:00,Signed
275,SHP0091,Warehouse,Distribution Center,Hyderabad DC,2026-08-01 10:26:00,Signed
276,SHP0091,Distribution Center,Retail Store,Madurai Store,2026-08-01 12:53:00,Signed
277,SHP0092,Warehouse,Transporter,Madurai Store,2026-08-02 11:50:00,Signed
278,SHP0092,Transporter,Retail Store,Chennai Warehouse,2026-08-02 13:28:00,Signed
279,SHP0093,Warehouse,Transporter,Salem Hub,2026-08-03 11:54:00,Signed
280,SHP0093,Transporter,Retail Store,Salem Hub,2026-08-03 14:04:00,Signed
281,SHP0094,Warehouse,Distribution Center,Salem Hub,2026-08-06 06:46:00,Signed
282,SHP0094,Distribution Center,Retail Store,Bangalore DC,2026-08-06 07:26:00,Signed
283,SHP0095,Warehouse,Delivery Partner,Kochi Hub,2026-08-03 06:49:00,Signed
284,SHP0095,Delivery Partner,Distribution Center,Madurai Store,2026-08-03 06:52:00,Signed
285,SHP0095,Distribution Center,Retail Store,Kochi Hub,2026-08-03 07:45:00,Signed
286,SHP0096,Warehouse,Transporter,Bangalore DC,2026-08-02 08:25:00,Signed
287,SHP0096,Transporter,Delivery Partner,Chennai Warehouse,2026-08-02 08:51:00,Signed
288,SHP0096,Delivery Partner,Transporter,Chennai Warehouse,2026-08-02 09:23:00,Signed
289,SHP0096,Transporter,Retail Store,Madurai Store,2026-08-02 10:54:00,Signed
290,SHP0097,Warehouse,Distribution Center,Madurai Store,2026-08-06 06:32:00,Missing
291,SHP0097,Distribution Center,Distribution Center,Bangalore DC,2026-08-06 06:35:00,Signed
292,SHP0097,Distribution Center,Delivery Partner,Coimbatore Hub,2026-08-06 06:59:00,Signed
293,SHP0097,Delivery Partner,Retail Store,Pune DC,2026-08-06 08:14:00,Signed
294,SHP0098,Warehouse,Transporter,Salem Hub,2026-08-06 05:29:00,Signed
295,SHP0098,Transporter,Delivery Partner,Coimbatore Hub,2026-08-06 07:42:00,Signed
296,SHP0098,Delivery Partner,Retail Store,Kochi Hub,2026-08-06 08:44:00,Signed
297,SHP0099,Warehouse,Distribution Center,Pune DC,2026-08-03 11:33:00,Signed
298,SHP0099,Distribution Center,Transporter,Chennai Warehouse,2026-08-03 11:55:00,Signed
299,SHP0099,Transporter,Transporter,Kochi Hub,2026-08-03 12:39:00,Signed
300,SHP0099,Transporter,Retail Store,Pune DC,2026-08-03 12:57:00,Signed
301,SHP0100,Warehouse,Distribution Center,Madurai Store,2026-08-04 11:50:00,Signed
302,SHP0100,Distribution Center,Retail Store,Pune DC,2026-08-04 14:24:00,Signed
303,SHP0101,Warehouse,Transporter,Pune DC,2026-08-02 07:51:00,Signed
304,SHP0101,Transporter,Delivery Partner,Pune DC,2026-08-02 08:33:00,Signed
305,SHP0101,Delivery Partner,Retail Store,Madurai Store,2026-08-02 08:43:00,Signed
306,SHP0102,Warehouse,Distribution Center,Chennai Warehouse,2026-08-05 12:14:00,Signed
307,SHP0102,Distribution Center,Transporter,Chennai Warehouse,2026-08-05 12:15:00,Signed
308,SHP0102,Transporter,Retail Store,Chennai Warehouse,2026-08-05 13:09:00,Signed
309,SHP0103,Warehouse,Transporter,Madurai Store,2026-08-01 12:24:00,Signed
310,SHP0103,Transporter,Distribution Center,Coimbatore Hub,2026-08-01 12:35:00,Signed
311,SHP0103,Distribution Center,Delivery Partner,Coimbatore Hub,2026-08-01 13:06:00,Signed
312,SHP0103,Delivery Partner,Retail Store,Hyderabad DC,2026-08-01 13:35:00,Signed
313,SHP0104,Warehouse,Transporter,Coimbatore Hub,2026-08-05 06:43:00,Signed
314,SHP0104,Transporter,Retail Store,Chennai Warehouse,2026-08-05 09:10:00,Signed
315,SHP0105,Warehouse,Delivery Partner,Kochi Hub,2026-08-04 07:12:00,Signed
316,SHP0105,Delivery Partner,Retail Store,Coimbatore Hub,2026-08-04 07:23:00,Signed
317,SHP0106,Warehouse,Transporter,Pune DC,2026-08-04 09:13:00,Missing
318,SHP0106,Transporter,Distribution Center,Chennai Warehouse,2026-08-04 10:27:00,Signed
319,SHP0106,Distribution Center,Retail Store,Madurai Store,2026-08-04 11:04:00,Signed
320,SHP0107,Warehouse,Distribution Center,Bangalore DC,2026-08-05 10:05:00,Signed
321,SHP0107,Distribution Center,Transporter,Coimbatore Hub,2026-08-05 11:00:00,Signed
322,SHP0107,Transporter,Retail Store,Madurai Store,2026-08-05 11:07:00,Signed
323,SHP0108,Warehouse,Distribution Center,Chennai Warehouse,2026-08-07 07:18:00,Signed
324,SHP0108,Distribution Center,Retail Store,Hyderabad DC,2026-08-07 07:33:00,Signed
325,SHP0109,Warehouse,Delivery Partner,Kochi Hub,2026-08-05 07:24:00,Signed
326,SHP0109,Delivery Partner,Delivery Partner,Bangalore DC,2026-08-05 08:04:00,Signed
327,SHP0109,Delivery Partner,Retail Store,Hyderabad DC,2026-08-05 08:38:00,Signed
328,SHP0110,Warehouse,Transporter,Salem Hub,2026-08-05 05:32:00,Signed
329,SHP0110,Transporter,Distribution Center,Salem Hub,2026-08-05 05:52:00,Signed
330,SHP0110,Distribution Center,Transporter,Chennai Warehouse,2026-08-05 07:09:00,Signed
331,SHP0110,Transporter,Retail Store,Salem Hub,2026-08-05 07:45:00,Signed
332,SHP0111,Warehouse,Distribution Center,Kochi Hub,2026-08-02 08:18:00,Signed
333,SHP0111,Distribution Center,Distribution Center,Salem Hub,2026-08-02 08:27:00,Signed
334,SHP0111,Distribution Center,Retail Store,Chennai Warehouse,2026-08-02 08:58:00,Signed
335,SHP0112,Warehouse,Transporter,Kochi Hub,2026-08-01 09:10:00,Signed
336,SHP0112,Transporter,Delivery Partner,Coimbatore Hub,2026-08-01 11:50:00,Signed
337,SHP0112,Delivery Partner,Retail Store,Chennai Warehouse,2026-08-01 12:06:00,Signed
338,SHP0113,Warehouse,Transporter,Chennai Warehouse,2026-08-05 09:49:00,Signed
339,SHP0113,Transporter,Distribution Center,Madurai Store,2026-08-05 10:56:00,Signed
340,SHP0113,Distribution Center,Transporter,Kochi Hub,2026-08-05 11:17:00,Signed
341,SHP0113,Transporter,Retail Store,Coimbatore Hub,2026-08-05 12:52:00,Signed
342,SHP0114,Warehouse,Transporter,Salem Hub,2026-08-07 08:21:00,Signed
343,SHP0114,Transporter,Delivery Partner,Bangalore DC,2026-08-07 09:28:00,Signed
344,SHP0114,Delivery Partner,Retail Store,Bangalore DC,2026-08-07 10:22:00,Signed
345,SHP0115,Warehouse,Delivery Partner,Hyderabad DC,2026-08-02 06:42:00,Signed
346,SHP0115,Delivery Partner,Transporter,Madurai Store,2026-08-02 07:01:00,Signed
347,SHP0115,Transporter,Distribution Center,Pune DC,2026-08-02 07:22:00,Signed
348,SHP0115,Distribution Center,Retail Store,Chennai Warehouse,2026-08-02 07:45:00,Signed
349,SHP0116,Warehouse,Delivery Partner,Kochi Hub,2026-08-05 05:43:00,Missing
350,SHP0116,Delivery Partner,Delivery Partner,Salem Hub,2026-08-05 06:27:00,Signed
351,SHP0116,Delivery Partner,Distribution Center,Salem Hub,2026-08-05 06:28:00,Signed
352,SHP0116,Distribution Center,Retail Store,Bangalore DC,2026-08-05 07:53:00,Signed
353,SHP0117,Warehouse,Transporter,Pune DC,2026-08-02 07:10:00,Signed
354,SHP0117,Transporter,Delivery Partner,Pune DC,2026-08-02 07:37:00,Missing
355,SHP0117,Delivery Partner,Distribution Center,Pune DC,2026-08-02 08:30:00,Signed
356,SHP0117,Distribution Center,Retail Store,Kochi Hub,2026-08-02 10:14:00,Signed
357,SHP0118,Warehouse,Transporter,Kochi Hub,2026-08-07 10:10:00,Signed
358,SHP0118,Transporter,Distribution Center,Salem Hub,2026-08-07 10:42:00,Signed
359,SHP0118,Distribution Center,Delivery Partner,Kochi Hub,2026-08-07 11:02:00,Signed
360,SHP0118,Delivery Partner,Retail Store,Madurai Store,2026-08-07 11:22:00,Signed
361,SHP0119,Warehouse,Delivery Partner,Madurai Store,2026-08-01 13:38:00,Signed
362,SHP0119,Delivery Partner,Distribution Center,Coimbatore Hub,2026-08-01 13:44:00,Signed
363,SHP0119,Distribution Center,Retail Store,Coimbatore Hub,2026-08-01 14:20:00,Signed
364,SHP0120,Warehouse,Transporter,Coimbatore Hub,2026-08-06 11:44:00,Signed
365,SHP0120,Transporter,Retail Store,Hyderabad DC,2026-08-06 14:23:00,Signed
366,SHP0121,Warehouse,Delivery Partner,Chennai Warehouse,2026-08-03 05:51:00,Signed
367,SHP0121,Delivery Partner,Retail Store,Salem Hub,2026-08-03 06:19:00,Signed
368,SHP0122,Warehouse,Distribution Center,Hyderabad DC,2026-08-05 11:17:00,Missing
369,SHP0122,Distribution Center,Distribution Center,Salem Hub,2026-08-05 11:40:00,Signed
370,SHP0122,Distribution Center,Transporter,Coimbatore Hub,2026-08-05 12:44:00,Signed
371,SHP0122,Transporter,Retail Store,Pune DC,2026-08-05 13:00:00,Signed
372,SHP0123,Warehouse,Delivery Partner,Salem Hub,2026-08-04 05:34:00,Missing
373,SHP0123,Delivery Partner,Distribution Center,Bangalore DC,2026-08-04 07:33:00,Signed
374,SHP0123,Distribution Center,Distribution Center,Chennai Warehouse,2026-08-04 07:55:00,Signed
375,SHP0123,Distribution Center,Retail Store,Kochi Hub,2026-08-04 07:57:00,Signed
376,SHP0124,Warehouse,Distribution Center,Kochi Hub,2026-08-02 08:49:00,Signed
377,SHP0124,Distribution Center,Retail Store,Hyderabad DC,2026-08-02 09:13:00,Signed
378,SHP0125,Warehouse,Delivery Partner,Kochi Hub,2026-08-03 08:26:00,Signed
379,SHP0125,Delivery Partner,Transporter,Hyderabad DC,2026-08-03 08:32:00,Signed
380,SHP0125,Transporter,Delivery Partner,Pune DC,2026-08-03 08:34:00,Signed
381,SHP0125,Delivery Partner,Retail Store,Salem Hub,2026-08-03 09:10:00,Signed
382,SHP0126,Warehouse,Transporter,Bangalore DC,2026-08-01 06:23:00,Signed
383,SHP0126,Transporter,Retail Store,Kochi Hub,2026-08-01 06:42:00,Signed
384,SHP0127,Warehouse,Transporter,Kochi Hub,2026-08-02 10:31:00,Signed
385,SHP0127,Transporter,Retail Store,Pune DC,2026-08-02 11:24:00,Signed
386,SHP0128,Warehouse,Distribution Center,Bangalore DC,2026-08-02 09:28:00,Signed
387,SHP0128,Distribution Center,Retail Store,Madurai Store,2026-08-02 11:07:00,Signed
388,SHP0129,Warehouse,Transporter,Bangalore DC,2026-08-04 07:30:00,Signed
389,SHP0129,Transporter,Delivery Partner,Madurai Store,2026-08-04 08:27:00,Signed
390,SHP0129,Delivery Partner,Retail Store,Salem Hub,2026-08-04 09:42:00,Signed
391,SHP0130,Warehouse,Transporter,Kochi Hub,2026-08-01 08:10:00,Signed
392,SHP0130,Transporter,Transporter,Chennai Warehouse,2026-08-01 10:49:00,Signed
393,SHP0130,Transporter,Retail Store,Madurai Store,2026-08-01 11:11:00,Signed
394,SHP0131,Warehouse,Transporter,Chennai Warehouse,2026-08-04 08:38:00,Signed
395,SHP0131,Transporter,Distribution Center,Bangalore DC,2026-08-04 09:47:00,Signed
396,SHP0131,Distribution Center,Delivery Partner,Chennai Warehouse,2026-08-04 09:55:00,Signed
397,SHP0131,Delivery Partner,Retail Store,Coimbatore Hub,2026-08-04 10:02:00,Signed
398,SHP0132,Warehouse,Transporter,Salem Hub,2026-08-05 07:50:00,Missing
399,SHP0132,Transporter,Transporter,Kochi Hub,2026-08-05 09:17:00,Signed
400,SHP0132,Transporter,Retail Store,Chennai Warehouse,2026-08-05 09:25:00,Signed
401,SHP0133,Warehouse,Transporter,Kochi Hub,2026-08-04 07:23:00,Signed
402,SHP0133,Transporter,Delivery Partner,Bangalore DC,2026-08-04 07:25:00,Signed
403,SHP0133,Delivery Partner,Transporter,Pune DC,2026-08-04 07:53:00,Signed
404,SHP0133,Transporter,Retail Store,Coimbatore Hub,2026-08-04 07:56:00,Signed
405,SHP0134,Warehouse,Distribution Center,Madurai Store,2026-08-02 09:37:00,Missing
406,SHP0134,Distribution Center,Retail Store,Hyderabad DC,2026-08-02 11:49:00,Missing
407,SHP0135,Warehouse,Transporter,Bangalore DC,2026-08-01 10:59:00,Signed
408,SHP0135,Transporter,Distribution Center,Salem Hub,2026-08-01 11:23:00,Signed
409,SHP0135,Distribution Center,Transporter,Pune DC,2026-08-01 13:30:00,Signed
410,SHP0135,Transporter,Retail Store,Salem Hub,2026-08-01 13:52:00,Signed
411,SHP0136,Warehouse,Delivery Partner,Pune DC,2026-08-04 12:49:00,Signed
412,SHP0136,Delivery Partner,Retail Store,Coimbatore Hub,2026-08-04 13:04:00,Signed
413,SHP0137,Warehouse,Distribution Center,Hyderabad DC,2026-08-01 08:38:00,Signed
414,SHP0137,Distribution Center,Transporter,Madurai Store,2026-08-01 08:42:00,Signed
415,SHP0137,Transporter,Delivery Partner,Hyderabad DC,2026-08-01 09:15:00,Missing
416,SHP0137,Delivery Partner,Retail Store,Coimbatore Hub,2026-08-01 09:40:00,Signed
417,SHP0138,Warehouse,Transporter,Hyderabad DC,2026-08-06 10:18:00,Signed
418,SHP0138,Transporter,Distribution Center,Bangalore DC,2026-08-06 13:14:00,Signed
419,SHP0138,Distribution Center,Retail Store,Pune DC,2026-08-06 13:55:00,Signed
420,SHP0139,Warehouse,Delivery Partner,Pune DC,2026-08-01 06:04:00,Signed
421,SHP0139,Delivery Partner,Transporter,Pune DC,2026-08-01 07:17:00,Signed
422,SHP0139,Transporter,Retail Store,Kochi Hub,2026-08-01 09:24:00,Signed
423,SHP0140,Warehouse,Delivery Partner,Chennai Warehouse,2026-08-05 06:18:00,Signed
424,SHP0140,Delivery Partner,Retail Store,Bangalore DC,2026-08-05 06:39:00,Signed
425,SHP0141,Warehouse,Delivery Partner,Hyderabad DC,2026-08-02 10:56:00,Signed
426,SHP0141,Delivery Partner,Delivery Partner,Hyderabad DC,2026-08-02 11:21:00,Signed
427,SHP0141,Delivery Partner,Delivery Partner,Madurai Store,2026-08-02 12:47:00,Signed
428,SHP0141,Delivery Partner,Retail Store,Hyderabad DC,2026-08-02 12:52:00,Signed
429,SHP0142,Warehouse,Transporter,Pune DC,2026-08-06 07:49:00,Signed
430,SHP0142,Transporter,Retail Store,Bangalore DC,2026-08-06 08:41:00,Signed
431,SHP0143,Warehouse,Transporter,Salem Hub,2026-08-06 11:42:00,Signed
432,SHP0143,Transporter,Delivery Partner,Coimbatore Hub,2026-08-06 12:17:00,Signed
433,SHP0143,Delivery Partner,Transporter,Chennai Warehouse,2026-08-06 12:33:00,Signed
434,SHP0143,Transporter,Retail Store,Kochi Hub,2026-08-06 14:38:00,Signed
435,SHP0144,Warehouse,Distribution Center,Salem Hub,2026-08-05 09:44:00,Signed
436,SHP0144,Distribution Center,Delivery Partner,Coimbatore Hub,2026-08-05 09:45:00,Signed
437,SHP0144,Delivery Partner,Retail Store,Chennai Warehouse,2026-08-05 10:22:00,Signed
438,SHP0145,Warehouse,Transporter,Kochi Hub,2026-08-07 08:24:00,Signed
439,SHP0145,Transporter,Transporter,Bangalore DC,2026-08-07 10:24:00,Signed
440,SHP0145,Transporter,Retail Store,Bangalore DC,2026-08-07 10:38:00,Signed
441,SHP0146,Warehouse,Transporter,Coimbatore Hub,2026-08-07 09:47:00,Missing
442,SHP0146,Transporter,Delivery Partner,Hyderabad DC,2026-08-07 10:19:00,Signed
443,SHP0146,Delivery Partner,Transporter,Kochi Hub,2026-08-07 10:24:00,Signed
444,SHP0146,Transporter,Retail Store,Kochi Hub,2026-08-07 10:43:00,Signed
445,SHP0147,Warehouse,Delivery Partner,Salem Hub,2026-08-01 06:47:00,Signed
446,SHP0147,Delivery Partner,Distribution Center,Hyderabad DC,2026-08-01 06:54:00,Signed
447,SHP0147,Distribution Center,Retail Store,Coimbatore Hub,2026-08-01 07:54:00,Signed
448,SHP0148,Warehouse,Distribution Center,Hyderabad DC,2026-08-01 08:32:00,Signed
449,SHP0148,Distribution Center,Delivery Partner,Madurai Store,2026-08-01 10:10:00,Signed
450,SHP0148,Delivery Partner,Retail Store,Hyderabad DC,2026-08-01 11:26:00,Signed
451,SHP0149,Warehouse,Distribution Center,Pune DC,2026-08-01 09:43:00,Signed
452,SHP0149,Distribution Center,Delivery Partner,Salem Hub,2026-08-01 10:07:00,Signed
453,SHP0149,Delivery Partner,Distribution Center,Hyderabad DC,2026-08-01 10:17:00,Signed
454,SHP0149,Distribution Center,Retail Store,Salem Hub,2026-08-01 10:35:00,Signed
455,SHP0150,Warehouse,Delivery Partner,Madurai Store,2026-08-06 09:21:00,Signed
456,SHP0150,Delivery Partner,Transporter,Kochi Hub,2026-08-06 09:22:00,Signed
457,SHP0150,Transporter,Distribution Center,Pune DC,2026-08-06 10:20:00,Signed
458,SHP0150,Distribution Center,Retail Store,Pune DC,2026-08-06 11:11:00,Signed
459,SHP0151,Warehouse,Distribution Center,Madurai Store,2026-08-01 08:29:00,Signed
460,SHP0151,Distribution Center,Distribution Center,Bangalore DC,2026-08-01 10:18:00,Signed
461,SHP0151,Distribution Center,Retail Store,Hyderabad DC,2026-08-01 10:30:00,Signed
462,SHP0152,Warehouse,Transporter,Hyderabad DC,2026-08-01 10:25:00,Signed
463,SHP0152,Transporter,Distribution Center,Chennai Warehouse,2026-08-01 10:31:00,Signed
464,SHP0152,Distribution Center,Retail Store,Kochi Hub,2026-08-01 11:51:00,Signed
465,SHP0153,Warehouse,Distribution Center,Pune DC,2026-08-02 08:15:00,Signed
466,SHP0153,Distribution Center,Retail Store,Coimbatore Hub,2026-08-02 08:58:00,Signed
467,SHP0154,Warehouse,Distribution Center,Bangalore DC,2026-08-07 07:02:00,Signed
468,SHP0154,Distribution Center,Transporter,Chennai Warehouse,2026-08-07 08:30:00,Signed
469,SHP0154,Transporter,Retail Store,Pune DC,2026-08-07 08:56:00,Signed
470,SHP0155,Warehouse,Delivery Partner,Kochi Hub,2026-08-05 08:37:00,Missing
471,SHP0155,Delivery Partner,Retail Store,Chennai Warehouse,2026-08-05 11:11:00,Signed
472,SHP0156,Warehouse,Distribution Center,Chennai Warehouse,2026-08-06 07:01:00,Signed
473,SHP0156,Distribution Center,Distribution Center,Madurai Store,2026-08-06 07:18:00,Signed
474,SHP0156,Distribution Center,Retail Store,Bangalore DC,2026-08-06 07:43:00,Missing
475,SHP0157,Warehouse,Delivery Partner,Pune DC,2026-08-06 10:31:00,Signed
476,SHP0157,Delivery Partner,Transporter,Pune DC,2026-08-06 13:23:00,Signed
477,SHP0157,Transporter,Retail Store,Hyderabad DC,2026-08-06 13:43:00,Signed
478,SHP0158,Warehouse,Transporter,Coimbatore Hub,2026-08-02 06:34:00,Signed
479,SHP0158,Transporter,Retail Store,Chennai Warehouse,2026-08-02 09:07:00,Signed
480,SHP0159,Warehouse,Transporter,Madurai Store,2026-08-04 09:27:00,Signed
481,SHP0159,Transporter,Transporter,Salem Hub,2026-08-04 10:06:00,Signed
482,SHP0159,Transporter,Retail Store,Madurai Store,2026-08-04 12:00:00,Signed
483,SHP0160,Warehouse,Transporter,Coimbatore Hub,2026-08-02 07:39:00,Signed
484,SHP0160,Transporter,Transporter,Pune DC,2026-08-02 07:58:00,Signed
485,SHP0160,Transporter,Retail Store,Chennai Warehouse,2026-08-02 08:35:00,Signed
486,SHP0161,Warehouse,Distribution Center,Hyderabad DC,2026-08-06 05:46:00,Signed
487,SHP0161,Distribution Center,Delivery Partner,Kochi Hub,2026-08-06 06:19:00,Signed
488,SHP0161,Delivery Partner,Retail Store,Salem Hub,2026-08-06 06:22:00,Missing
489,SHP0162,Warehouse,Transporter,Salem Hub,2026-08-05 10:47:00,Signed
490,SHP0162,Transporter,Retail Store,Bangalore DC,2026-08-05 11:13:00,Signed
491,SHP0163,Warehouse,Distribution Center,Salem Hub,2026-08-05 11:19:00,Missing
492,SHP0163,Distribution Center,Retail Store,Coimbatore Hub,2026-08-05 12:05:00,Signed
493,SHP0164,Warehouse,Delivery Partner,Bangalore DC,2026-08-03 08:27:00,Signed
494,SHP0164,Delivery Partner,Transporter,Salem Hub,2026-08-03 10:52:00,Signed
495,SHP0164,Transporter,Distribution Center,Madurai Store,2026-08-03 10:53:00,Signed
496,SHP0164,Distribution Center,Retail Store,Madurai Store,2026-08-03 11:38:00,Signed
497,SHP0165,Warehouse,Transporter,Kochi Hub,2026-08-04 11:23:00,Signed
498,SHP0165,Transporter,Retail Store,Coimbatore Hub,2026-08-04 12:07:00,Signed
499,SHP0166,Warehouse,Delivery Partner,Coimbatore Hub,2026-08-07 08:21:00,Signed
500,SHP0166,Delivery Partner,Distribution Center,Salem Hub,2026-08-07 08:27:00,Signed
501,SHP0166,Distribution Center,Retail Store,Salem Hub,2026-08-07 09:04:00,Signed
502,SHP0167,Warehouse,Delivery Partner,Bangalore DC,2026-08-06 09:43:00,Signed
503,SHP0167,Delivery Partner,Distribution Center,Chennai Warehouse,2026-08-06 09:53:00,Signed
504,SHP0167,Distribution Center,Distribution Center,Chennai Warehouse,2026-08-06 10:02:00,Signed
505,SHP0167,Distribution Center,Retail Store,Hyderabad DC,2026-08-06 10:12:00,Signed
506,SHP0168,Warehouse,Transporter,Salem Hub,2026-08-07 07:17:00,Signed
507,SHP0168,Transporter,Delivery Partner,Hyderabad DC,2026-08-07 07:57:00,Signed
508,SHP0168,Delivery Partner,Delivery Partner,Chennai Warehouse,2026-08-07 08:16:00,Signed
509,SHP0168,Delivery Partner,Retail Store,Coimbatore Hub,2026-08-07 08:44:00,Signed
510,SHP0169,Warehouse,Transporter,Bangalore DC,2026-08-02 10:47:00,Signed
511,SHP0169,Transporter,Transporter,Hyderabad DC,2026-08-02 12:22:00,Signed
512,SHP0169,Transporter,Delivery Partner,Madurai Store,2026-08-02 13:05:00,Signed
513,SHP0169,Delivery Partner,Retail Store,Pune DC,2026-08-02 13:06:00,Signed
514,SHP0170,Warehouse,Distribution Center,Salem Hub,2026-08-07 06:58:00,Signed
515,SHP0170,Distribution Center,Delivery Partner,Pune DC,2026-08-07 07:01:00,Signed
516,SHP0170,Delivery Partner,Transporter,Chennai Warehouse,2026-08-07 07:38:00,Signed
517,SHP0170,Transporter,Retail Store,Hyderabad DC,2026-08-07 08:52:00,Signed
518,SHP0171,Warehouse,Distribution Center,Bangalore DC,2026-08-05 07:16:00,Signed
519,SHP0171,Distribution Center,Distribution Center,Bangalore DC,2026-08-05 08:20:00,Signed
520,SHP0171,Distribution Center,Retail Store,Chennai Warehouse,2026-08-05 08:40:00,Signed
521,SHP0172,Warehouse,Distribution Center,Pune DC,2026-08-02 10:46:00,Signed
522,SHP0172,Distribution Center,Retail Store,Pune DC,2026-08-02 11:08:00,Signed
523,SHP0173,Warehouse,Delivery Partner,Coimbatore Hub,2026-08-04 07:30:00,Signed
524,SHP0173,Delivery Partner,Transporter,Kochi Hub,2026-08-04 09:23:00,Signed
525,SHP0173,Transporter,Distribution Center,Pune DC,2026-08-04 09:27:00,Signed
526,SHP0173,Distribution Center,Retail Store,Bangalore DC,2026-08-04 09:36:00,Signed
527,SHP0174,Warehouse,Delivery Partner,Bangalore DC,2026-08-03 09:27:00,Signed
528,SHP0174,Delivery Partner,Transporter,Kochi Hub,2026-08-03 09:29:00,Signed
529,SHP0174,Transporter,Retail Store,Chennai Warehouse,2026-08-03 09:44:00,Signed
530,SHP0175,Warehouse,Distribution Center,Kochi Hub,2026-08-03 13:42:00,Signed
531,SHP0175,Distribution Center,Delivery Partner,Coimbatore Hub,2026-08-03 13:59:00,Signed
532,SHP0175,Delivery Partner,Delivery Partner,Pune DC,2026-08-03 14:03:00,Signed
533,SHP0175,Delivery Partner,Retail Store,Kochi Hub,2026-08-03 14:49:00,Signed
534,SHP0176,Warehouse,Distribution Center,Pune DC,2026-08-01 11:07:00,Signed
535,SHP0176,Distribution Center,Retail Store,Salem Hub,2026-08-01 12:20:00,Signed
536,SHP0177,Warehouse,Delivery Partner,Pune DC,2026-08-07 05:33:00,Signed
537,SHP0177,Delivery Partner,Transporter,Bangalore DC,2026-08-07 07:11:00,Signed
538,SHP0177,Transporter,Distribution Center,Bangalore DC,2026-08-07 08:00:00,Signed
539,SHP0177,Distribution Center,Retail Store,Hyderabad DC,2026-08-07 08:05:00,Signed
540,SHP0178,Warehouse,Delivery Partner,Kochi Hub,2026-08-07 10:56:00,Signed
541,SHP0178,Delivery Partner,Retail Store,Kochi Hub,2026-08-07 11:01:00,Signed
542,SHP0179,Warehouse,Distribution Center,Chennai Warehouse,2026-08-02 10:45:00,Signed
543,SHP0179,Distribution Center,Distribution Center,Kochi Hub,2026-08-02 11:09:00,Signed
544,SHP0179,Distribution Center,Retail Store,Coimbatore Hub,2026-08-02 11:57:00,Signed
545,SHP0180,Warehouse,Distribution Center,Kochi Hub,2026-08-03 09:07:00,Signed
546,SHP0180,Distribution Center,Delivery Partner,Coimbatore Hub,2026-08-03 09:08:00,Signed
547,SHP0180,Delivery Partner,Retail Store,Kochi Hub,2026-08-03 11:26:00,Signed
548,SHP0181,Warehouse,Transporter,Bangalore DC,2026-08-03 11:04:00,Signed
549,SHP0181,Transporter,Distribution Center,Chennai Warehouse,2026-08-03 12:02:00,Signed
550,SHP0181,Distribution Center,Retail Store,Coimbatore Hub,2026-08-03 13:18:00,Signed
551,SHP0182,Warehouse,Distribution Center,Bangalore DC,2026-08-03 08:48:00,Signed
552,SHP0182,Distribution Center,Retail Store,Chennai Warehouse,2026-08-03 08:54:00,Signed
553,SHP0183,Warehouse,Distribution Center,Chennai Warehouse,2026-08-05 09:31:00,Signed
554,SHP0183,Distribution Center,Distribution Center,Madurai Store,2026-08-05 09:58:00,Missing
555,SHP0183,Distribution Center,Transporter,Hyderabad DC,2026-08-05 10:02:00,Signed
556,SHP0183,Transporter,Retail Store,Coimbatore Hub,2026-08-05 10:12:00,Signed
557,SHP0184,Warehouse,Delivery Partner,Salem Hub,2026-08-07 13:07:00,Signed
558,SHP0184,Delivery Partner,Transporter,Pune DC,2026-08-07 14:23:00,Signed
559,SHP0184,Transporter,Retail Store,Bangalore DC,2026-08-07 14:36:00,Signed
560,SHP0185,Warehouse,Delivery Partner,Salem Hub,2026-08-04 14:34:00,Missing
561,SHP0185,Delivery Partner,Retail Store,Hyderabad DC,2026-08-04 14:51:00,Signed
562,SHP0186,Warehouse,Transporter,Hyderabad DC,2026-08-04 06:06:00,Missing
563,SHP0186,Transporter,Transporter,Coimbatore Hub,2026-08-04 06:30:00,Signed
564,SHP0186,Transporter,Distribution Center,Coimbatore Hub,2026-08-04 06:48:00,Signed
565,SHP0186,Distribution Center,Retail Store,Salem Hub,2026-08-04 07:21:00,Signed
566,SHP0187,Warehouse,Distribution Center,Pune DC,2026-08-02 07:57:00,Signed
567,SHP0187,Distribution Center,Distribution Center,Hyderabad DC,2026-08-02 08:26:00,Signed
568,SHP0187,Distribution Center,Distribution Center,Hyderabad DC,2026-08-02 08:34:00,Signed
569,SHP0187,Distribution Center,Retail Store,Madurai Store,2026-08-02 08:36:00,Signed
570,SHP0188,Warehouse,Distribution Center,Salem Hub,2026-08-02 07:51:00,Signed
571,SHP0188,Distribution Center,Retail Store,Chennai Warehouse,2026-08-02 10:11:00,Signed
572,SHP0189,Warehouse,Distribution Center,Coimbatore Hub,2026-08-04 08:56:00,Signed
573,SHP0189,Distribution Center,Transporter,Coimbatore Hub,2026-08-04 09:33:00,Signed
574,SHP0189,Transporter,Distribution Center,Hyderabad DC,2026-08-04 11:57:00,Signed
575,SHP0189,Distribution Center,Retail Store,Madurai Store,2026-08-04 12:41:00,Missing
576,SHP0190,Warehouse,Delivery Partner,Chennai Warehouse,2026-08-05 06:25:00,Missing
577,SHP0190,Delivery Partner,Transporter,Coimbatore Hub,2026-08-05 06:31:00,Signed
578,SHP0190,Transporter,Transporter,Bangalore DC,2026-08-05 06:33:00,Signed
579,SHP0190,Transporter,Retail Store,Madurai Store,2026-08-05 06:34:00,Signed
580,SHP0191,Warehouse,Distribution Center,Pune DC,2026-08-04 09:09:00,Signed
581,SHP0191,Distribution Center,Delivery Partner,Kochi Hub,2026-08-04 09:37:00,Signed
582,SHP0191,Delivery Partner,Retail Store,Coimbatore Hub,2026-08-04 10:15:00,Signed
583,SHP0192,Warehouse,Distribution Center,Hyderabad DC,2026-08-05 11:21:00,Signed
584,SHP0192,Distribution Center,Transporter,Hyderabad DC,2026-08-05 12:03:00,Signed
585,SHP0192,Transporter,Distribution Center,Kochi Hub,2026-08-05 14:07:00,Signed
586,SHP0192,Distribution Center,Retail Store,Chennai Warehouse,2026-08-05 14:39:00,Signed
587,SHP0193,Warehouse,Distribution Center,Salem Hub,2026-08-06 06:37:00,Signed
588,SHP0193,Distribution Center,Transporter,Salem Hub,2026-08-06 06:46:00,Signed
589,SHP0193,Transporter,Retail Store,Coimbatore Hub,2026-08-06 07:46:00,Signed
590,SHP0194,Warehouse,Transporter,Chennai Warehouse,2026-08-02 08:03:00,Signed
591,SHP0194,Transporter,Delivery Partner,Kochi Hub,2026-08-02 10:00:00,Missing
592,SHP0194,Delivery Partner,Delivery Partner,Pune DC,2026-08-02 10:42:00,Signed
593,SHP0194,Delivery Partner,Retail Store,Coimbatore Hub,2026-08-02 11:08:00,Signed
594,SHP0195,Warehouse,Delivery Partner,Salem Hub,2026-08-01 08:40:00,Signed
595,SHP0195,Delivery Partner,Distribution Center,Kochi Hub,2026-08-01 08:59:00,Signed
596,SHP0195,Distribution Center,Retail Store,Bangalore DC,2026-08-01 09:10:00,Signed
597,SHP0196,Warehouse,Distribution Center,Coimbatore Hub,2026-08-03 08:05:00,Signed
598,SHP0196,Distribution Center,Distribution Center,Chennai Warehouse,2026-08-03 08:46:00,Missing
599,SHP0196,Distribution Center,Delivery Partner,Coimbatore Hub,2026-08-03 09:01:00,Signed
600,SHP0196,Delivery Partner,Retail Store,Bangalore DC,2026-08-03 09:35:00,Signed
601,SHP0197,Warehouse,Delivery Partner,Kochi Hub,2026-08-04 06:31:00,Signed
602,SHP0197,Delivery Partner,Distribution Center,Salem Hub,2026-08-04 06:32:00,Signed
603,SHP0197,Distribution Center,Delivery Partner,Salem Hub,2026-08-04 07:03:00,Signed
604,SHP0197,Delivery Partner,Retail Store,Chennai Warehouse,2026-08-04 07:04:00,Signed
605,SHP0198,Warehouse,Delivery Partner,Kochi Hub,2026-08-07 10:08:00,Signed
606,SHP0198,Delivery Partner,Distribution Center,Madurai Store,2026-08-07 10:29:00,Signed
607,SHP0198,Distribution Center,Transporter,Kochi Hub,2026-08-07 11:35:00,Signed
608,SHP0198,Transporter,Retail Store,Pune DC,2026-08-07 11:44:00,Signed
609,SHP0199,Warehouse,Distribution Center,Coimbatore Hub,2026-08-05 06:58:00,Signed
610,SHP0199,Distribution Center,Transporter,Madurai Store,2026-08-05 07:34:00,Signed
611,SHP0199,Transporter,Distribution Center,Kochi Hub,2026-08-05 09:31:00,Signed
612,SHP0199,Distribution Center,Retail Store,Madurai Store,2026-08-05 11:06:00,Missing
613,SHP0200,Warehouse,Transporter,Salem Hub,2026-08-05 08:35:00,Signed
614,SHP0200,Transporter,Retail Store,Madurai Store,2026-08-05 08:49:00,Signed
615,SHP0201,Warehouse,Transporter,Madurai Store,2026-08-01 10:46:00,Signed
616,SHP0201,Transporter,Transporter,Hyderabad DC,2026-08-01 11:01:00,Signed
617,SHP0201,Transporter,Retail Store,Kochi Hub,2026-08-01 11:13:00,Signed
618,SHP0202,Warehouse,Distribution Center,Coimbatore Hub,2026-08-07 06:27:00,Signed
619,SHP0202,Distribution Center,Retail Store,Madurai Store,2026-08-07 06:49:00,Signed
620,SHP0203,Warehouse,Transporter,Hyderabad DC,2026-08-07 07:25:00,Signed
621,SHP0203,Transporter,Retail Store,Madurai Store,2026-08-07 08:32:00,Signed
622,SHP0204,Warehouse,Delivery Partner,Pune DC,2026-08-05 10:29:00,Signed
623,SHP0204,Delivery Partner,Retail Store,Madurai Store,2026-08-05 11:31:00,Signed
624,SHP0205,Warehouse,Delivery Partner,Hyderabad DC,2026-08-07 07:41:00,Signed
625,SHP0205,Delivery Partner,Delivery Partner,Coimbatore Hub,2026-08-07 07:47:00,Signed
626,SHP0205,Delivery Partner,Transporter,Chennai Warehouse,2026-08-07 09:30:00,Signed
627,SHP0205,Transporter,Retail Store,Madurai Store,2026-08-07 09:47:00,Signed
628,SHP0206,Warehouse,Delivery Partner,Kochi Hub,2026-08-01 10:46:00,Signed
629,SHP0206,Delivery Partner,Distribution Center,Salem Hub,2026-08-01 12:28:00,Signed
630,SHP0206,Distribution Center,Retail Store,Pune DC,2026-08-01 12:46:00,Signed
631,SHP0207,Warehouse,Delivery Partner,Kochi Hub,2026-08-04 09:30:00,Signed
632,SHP0207,Delivery Partner,Retail Store,Chennai Warehouse,2026-08-04 09:34:00,Signed
633,SHP0208,Warehouse,Delivery Partner,Madurai Store,2026-08-07 05:44:00,Signed
634,SHP0208,Delivery Partner,Delivery Partner,Pune DC,2026-08-07 07:33:00,Signed
635,SHP0208,Delivery Partner,Retail Store,Coimbatore Hub,2026-08-07 07:42:00,Signed
636,SHP0209,Warehouse,Transporter,Hyderabad DC,2026-08-02 10:18:00,Signed
637,SHP0209,Transporter,Delivery Partner,Hyderabad DC,2026-08-02 13:05:00,Missing
638,SHP0209,Delivery Partner,Transporter,Salem Hub,2026-08-02 14:17:00,Signed
639,SHP0209,Transporter,Retail Store,Kochi Hub,2026-08-02 15:00:00,Signed
640,SHP0210,Warehouse,Distribution Center,Kochi Hub,2026-08-04 07:56:00,Signed
641,SHP0210,Distribution Center,Distribution Center,Coimbatore Hub,2026-08-04 08:39:00,Signed
642,SHP0210,Distribution Center,Delivery Partner,Salem Hub,2026-08-04 08:41:00,Signed
643,SHP0210,Delivery Partner,Retail Store,Chennai Warehouse,2026-08-04 08:48:00,Signed
644,SHP0211,Warehouse,Delivery Partner,Pune DC,2026-08-05 10:01:00,Signed
645,SHP0211,Delivery Partner,Retail Store,Pune DC,2026-08-05 10:46:00,Signed
646,SHP0212,Warehouse,Transporter,Coimbatore Hub,2026-08-03 10:51:00,Missing
647,SHP0212,Transporter,Retail Store,Madurai Store,2026-08-03 10:53:00,Signed
648,SHP0213,Warehouse,Distribution Center,Chennai Warehouse,2026-08-07 08:49:00,Signed
649,SHP0213,Distribution Center,Distribution Center,Hyderabad DC,2026-08-07 09:10:00,Signed
650,SHP0213,Distribution Center,Delivery Partner,Salem Hub,2026-08-07 09:42:00,Signed
651,SHP0213,Delivery Partner,Retail Store,Kochi Hub,2026-08-07 12:30:00,Signed
652,SHP0214,Warehouse,Transporter,Coimbatore Hub,2026-08-07 08:01:00,Signed
653,SHP0214,Transporter,Distribution Center,Kochi Hub,2026-08-07 08:04:00,Missing
654,SHP0214,Distribution Center,Retail Store,Pune DC,2026-08-07 08:58:00,Signed
655,SHP0215,Warehouse,Transporter,Chennai Warehouse,2026-08-03 08:37:00,Signed
656,SHP0215,Transporter,Retail Store,Coimbatore Hub,2026-08-03 08:49:00,Missing
657,SHP0216,Warehouse,Distribution Center,Coimbatore Hub,2026-08-04 10:38:00,Signed
658,SHP0216,Distribution Center,Retail Store,Bangalore DC,2026-08-04 11:24:00,Signed
659,SHP0217,Warehouse,Transporter,Salem Hub,2026-08-06 10:12:00,Signed
660,SHP0217,Transporter,Distribution Center,Kochi Hub,2026-08-06 10:28:00,Signed
661,SHP0217,Distribution Center,Transporter,Pune DC,2026-08-06 10:51:00,Signed
662,SHP0217,Transporter,Retail Store,Hyderabad DC,2026-08-06 11:16:00,Signed
663,SHP0218,Warehouse,Transporter,Chennai Warehouse,2026-08-04 07:08:00,Signed
664,SHP0218,Transporter,Transporter,Hyderabad DC,2026-08-04 07:14:00,Missing
665,SHP0218,Transporter,Retail Store,Chennai Warehouse,2026-08-04 07:28:00,Missing
666,SHP0219,Warehouse,Transporter,Bangalore DC,2026-08-04 08:43:00,Signed
667,SHP0219,Transporter,Delivery Partner,Chennai Warehouse,2026-08-04 09:56:00,Missing
668,SHP0219,Delivery Partner,Retail Store,Pune DC,2026-08-04 12:31:00,Signed
669,SHP0220,Warehouse,Distribution Center,Hyderabad DC,2026-08-02 12:12:00,Signed
670,SHP0220,Distribution Center,Delivery Partner,Salem Hub,2026-08-02 12:14:00,Missing
671,SHP0220,Delivery Partner,Distribution Center,Coimbatore Hub,2026-08-02 13:34:00,Signed
672,SHP0220,Distribution Center,Retail Store,Hyderabad DC,2026-08-02 13:38:00,Signed
673,SHP0221,Warehouse,Distribution Center,Salem Hub,2026-08-06 10:14:00,Signed
674,SHP0221,Distribution Center,Distribution Center,Kochi Hub,2026-08-06 10:16:00,Signed
675,SHP0221,Distribution Center,Retail Store,Chennai Warehouse,2026-08-06 10:35:00,Signed
676,SHP0222,Warehouse,Delivery Partner,Hyderabad DC,2026-08-03 06:13:00,Signed
677,SHP0222,Delivery Partner,Distribution Center,Coimbatore Hub,2026-08-03 06:37:00,Missing
678,SHP0222,Distribution Center,Retail Store,Bangalore DC,2026-08-03 06:39:00,Signed
679,SHP0223,Warehouse,Transporter,Chennai Warehouse,2026-08-06 10:48:00,Signed
680,SHP0223,Transporter,Retail Store,Kochi Hub,2026-08-06 11:39:00,Signed
681,SHP0224,Warehouse,Distribution Center,Chennai Warehouse,2026-08-03 06:01:00,Signed
682,SHP0224,Distribution Center,Distribution Center,Kochi Hub,2026-08-03 06:08:00,Signed
683,SHP0224,Distribution Center,Delivery Partner,Salem Hub,2026-08-03 06:09:00,Signed
684,SHP0224,Delivery Partner,Retail Store,Madurai Store,2026-08-03 07:19:00,Signed
685,SHP0225,Warehouse,Transporter,Hyderabad DC,2026-08-07 08:33:00,Signed
686,SHP0225,Transporter,Distribution Center,Madurai Store,2026-08-07 10:23:00,Signed
687,SHP0225,Distribution Center,Retail Store,Kochi Hub,2026-08-07 10:59:00,Signed
688,SHP0226,Warehouse,Delivery Partner,Kochi Hub,2026-08-05 06:07:00,Signed
689,SHP0226,Delivery Partner,Distribution Center,Madurai Store,2026-08-05 06:23:00,Signed
690,SHP0226,Distribution Center,Transporter,Chennai Warehouse,2026-08-05 06:57:00,Signed
691,SHP0226,Transporter,Retail Store,Hyderabad DC,2026-08-05 08:05:00,Signed
692,SHP0227,Warehouse,Delivery Partner,Coimbatore Hub,2026-08-02 08:07:00,Missing
693,SHP0227,Delivery Partner,Retail Store,Pune DC,2026-08-02 09:08:00,Signed
694,SHP0228,Warehouse,Distribution Center,Pune DC,2026-08-02 06:05:00,Signed
695,SHP0228,Distribution Center,Retail Store,Kochi Hub,2026-08-02 06:13:00,Signed
696,SHP0229,Warehouse,Delivery Partner,Salem Hub,2026-08-05 12:21:00,Signed
697,SHP0229,Delivery Partner,Retail Store,Bangalore DC,2026-08-05 12:34:00,Signed
698,SHP0230,Warehouse,Distribution Center,Bangalore DC,2026-08-06 09:44:00,Signed
699,SHP0230,Distribution Center,Retail Store,Coimbatore Hub,2026-08-06 10:34:00,Signed
700,SHP0231,Warehouse,Distribution Center,Coimbatore Hub,2026-08-07 05:48:00,Signed
701,SHP0231,Distribution Center,Transporter,Salem Hub,2026-08-07 06:24:00,Signed
702,SHP0231,Transporter,Delivery Partner,Hyderabad DC,2026-08-07 06:26:00,Signed
703,SHP0231,Delivery Partner,Retail Store,Chennai Warehouse,2026-08-07 09:10:00,Signed
704,SHP0232,Warehouse,Delivery Partner,Salem Hub,2026-08-01 09:00:00,Signed
705,SHP0232,Delivery Partner,Transporter,Bangalore DC,2026-08-01 11:06:00,Signed
706,SHP0232,Transporter,Distribution Center,Chennai Warehouse,2026-08-01 13:28:00,Signed
707,SHP0232,Distribution Center,Retail Store,Hyderabad DC,2026-08-01 13:37:00,Missing
708,SHP0233,Warehouse,Transporter,Bangalore DC,2026-08-02 05:34:00,Signed
709,SHP0233,Transporter,Transporter,Salem Hub,2026-08-02 06:17:00,Signed
710,SHP0233,Transporter,Retail Store,Chennai Warehouse,2026-08-02 06:19:00,Signed
711,SHP0234,Warehouse,Distribution Center,Hyderabad DC,2026-08-07 12:40:00,Signed
712,SHP0234,Distribution Center,Retail Store,Coimbatore Hub,2026-08-07 13:00:00,Signed
713,SHP0235,Warehouse,Transporter,Pune DC,2026-08-02 08:36:00,Signed
714,SHP0235,Transporter,Retail Store,Chennai Warehouse,2026-08-02 08:52:00,Signed
715,SHP0236,Warehouse,Distribution Center,Salem Hub,2026-08-02 06:55:00,Signed
716,SHP0236,Distribution Center,Retail Store,Kochi Hub,2026-08-02 07:13:00,Signed
717,SHP0237,Warehouse,Delivery Partner,Kochi Hub,2026-08-07 08:53:00,Signed
718,SHP0237,Delivery Partner,Delivery Partner,Madurai Store,2026-08-07 09:00:00,Signed
719,SHP0237,Delivery Partner,Retail Store,Pune DC,2026-08-07 09:34:00,Signed
720,SHP0238,Warehouse,Distribution Center,Pune DC,2026-08-06 10:41:00,Signed
721,SHP0238,Distribution Center,Retail Store,Salem Hub,2026-08-06 10:51:00,Signed
722,SHP0239,Warehouse,Distribution Center,Bangalore DC,2026-08-03 11:42:00,Signed
723,SHP0239,Distribution Center,Distribution Center,Chennai Warehouse,2026-08-03 12:49:00,Signed
724,SHP0239,Distribution Center,Transporter,Hyderabad DC,2026-08-03 12:51:00,Signed
725,SHP0239,Transporter,Retail Store,Chennai Warehouse,2026-08-03 13:12:00,Signed
726,SHP0240,Warehouse,Transporter,Pune DC,2026-08-05 09:56:00,Signed
727,SHP0240,Transporter,Transporter,Madurai Store,2026-08-05 10:39:00,Signed
728,SHP0240,Transporter,Transporter,Salem Hub,2026-08-05 11:12:00,Signed
729,SHP0240,Transporter,Retail Store,Hyderabad DC,2026-08-05 11:16:00,Signed
730,SHP0241,Warehouse,Distribution Center,Pune DC,2026-08-01 09:50:00,Signed
731,SHP0241,Distribution Center,Retail Store,Salem Hub,2026-08-01 11:18:00,Missing
732,SHP0242,Warehouse,Delivery Partner,Madurai Store,2026-08-02 09:36:00,Signed
733,SHP0242,Delivery Partner,Retail Store,Hyderabad DC,2026-08-02 09:53:00,Signed
734,SHP0243,Warehouse,Delivery Partner,Chennai Warehouse,2026-08-01 09:50:00,Signed
735,SHP0243,Delivery Partner,Delivery Partner,Bangalore DC,2026-08-01 10:08:00,Signed
736,SHP0243,Delivery Partner,Delivery Partner,Salem Hub,2026-08-01 11:33:00,Signed
737,SHP0243,Delivery Partner,Retail Store,Hyderabad DC,2026-08-01 12:25:00,Missing
738,SHP0244,Warehouse,Delivery Partner,Hyderabad DC,2026-08-06 08:44:00,Signed
739,SHP0244,Delivery Partner,Transporter,Kochi Hub,2026-08-06 08:51:00,Signed
740,SHP0244,Transporter,Transporter,Salem Hub,2026-08-06 09:59:00,Signed
741,SHP0244,Transporter,Retail Store,Salem Hub,2026-08-06 10:46:00,Signed
742,SHP0245,Warehouse,Distribution Center,Pune DC,2026-08-07 06:45:00,Signed
743,SHP0245,Distribution Center,Delivery Partner,Kochi Hub,2026-08-07 07:35:00,Signed
744,SHP0245,Delivery Partner,Distribution Center,Pune DC,2026-08-07 07:49:00,Signed
745,SHP0245,Distribution Center,Retail Store,Bangalore DC,2026-08-07 07:55:00,Signed
746,SHP0246,Warehouse,Delivery Partner,Salem Hub,2026-08-04 09:07:00,Signed
747,SHP0246,Delivery Partner,Distribution Center,Coimbatore Hub,2026-08-04 10:03:00,Signed
748,SHP0246,Distribution Center,Retail Store,Hyderabad DC,2026-08-04 10:16:00,Signed
749,SHP0247,Warehouse,Transporter,Coimbatore Hub,2026-08-06 11:01:00,Signed
750,SHP0247,Transporter,Distribution Center,Bangalore DC,2026-08-06 11:35:00,Signed
751,SHP0247,Distribution Center,Transporter,Chennai Warehouse,2026-08-06 13:08:00,Signed
752,SHP0247,Transporter,Retail Store,Madurai Store,2026-08-06 13:28:00,Signed
753,SHP0248,Warehouse,Distribution Center,Pune DC,2026-08-05 09:13:00,Signed
754,SHP0248,Distribution Center,Retail Store,Hyderabad DC,2026-08-05 10:14:00,Signed
755,SHP0249,Warehouse,Transporter,Coimbatore Hub,2026-08-07 11:12:00,Signed
756,SHP0249,Transporter,Retail Store,Pune DC,2026-08-07 11:24:00,Signed
757,SHP0250,Warehouse,Distribution Center,Bangalore DC,2026-08-05 08:15:00,Signed
758,SHP0250,Distribution Center,Delivery Partner,Kochi Hub,2026-08-05 10:06:00,Signed
759,SHP0250,Delivery Partner,Retail Store,Pune DC,2026-08-05 10:28:00,Signed
760,SHP0251,Warehouse,Delivery Partner,Salem Hub,2026-08-03 06:33:00,Signed
761,SHP0251,Delivery Partner,Distribution Center,Bangalore DC,2026-08-03 06:46:00,Signed
762,SHP0251,Distribution Center,Transporter,Bangalore DC,2026-08-03 07:17:00,Signed
763,SHP0251,Transporter,Retail Store,Bangalore DC,2026-08-03 07:42:00,Signed
764,SHP0252,Warehouse,Delivery Partner,Kochi Hub,2026-08-01 12:05:00,Signed
765,SHP0252,Delivery Partner,Retail Store,Pune DC,2026-08-01 14:02:00,Missing
766,SHP0253,Warehouse,Distribution Center,Kochi Hub,2026-08-02 07:07:00,Signed
767,SHP0253,Distribution Center,Delivery Partner,Chennai Warehouse,2026-08-02 07:15:00,Signed
768,SHP0253,Delivery Partner,Distribution Center,Kochi Hub,2026-08-02 09:51:00,Signed
769,SHP0253,Distribution Center,Retail Store,Kochi Hub,2026-08-02 10:05:00,Signed
770,SHP0254,Warehouse,Distribution Center,Chennai Warehouse,2026-08-02 10:48:00,Signed
771,SHP0254,Distribution Center,Transporter,Hyderabad DC,2026-08-02 11:19:00,Signed
772,SHP0254,Transporter,Distribution Center,Coimbatore Hub,2026-08-02 11:55:00,Signed
773,SHP0254,Distribution Center,Retail Store,Coimbatore Hub,2026-08-02 13:41:00,Signed
774,SHP0255,Warehouse,Delivery Partner,Bangalore DC,2026-08-04 05:48:00,Signed
775,SHP0255,Delivery Partner,Transporter,Hyderabad DC,2026-08-04 06:29:00,Signed
776,SHP0255,Transporter,Retail Store,Hyderabad DC,2026-08-04 07:34:00,Signed
777,SHP0256,Warehouse,Distribution Center,Salem Hub,2026-08-04 09:33:00,Signed
778,SHP0256,Distribution Center,Distribution Center,Bangalore DC,2026-08-04 09:51:00,Signed
779,SHP0256,Distribution Center,Retail Store,Bangalore DC,2026-08-04 11:02:00,Missing
780,SHP0257,Warehouse,Distribution Center,Hyderabad DC,2026-08-02 10:34:00,Signed
781,SHP0257,Distribution Center,Retail Store,Bangalore DC,2026-08-02 10:59:00,Signed
782,SHP0258,Warehouse,Distribution Center,Kochi Hub,2026-08-01 08:02:00,Signed
783,SHP0258,Distribution Center,Delivery Partner,Chennai Warehouse,2026-08-01 09:11:00,Signed
784,SHP0258,Delivery Partner,Transporter,Pune DC,2026-08-01 09:48:00,Signed
785,SHP0258,Transporter,Retail Store,Coimbatore Hub,2026-08-01 10:31:00,Signed
786,SHP0259,Warehouse,Delivery Partner,Madurai Store,2026-08-06 09:48:00,Signed
787,SHP0259,Delivery Partner,Delivery Partner,Chennai Warehouse,2026-08-06 10:44:00,Signed
788,SHP0259,Delivery Partner,Retail Store,Bangalore DC,2026-08-06 11:00:00,Signed
789,SHP0260,Warehouse,Transporter,Chennai Warehouse,2026-08-07 07:43:00,Signed
790,SHP0260,Transporter,Transporter,Coimbatore Hub,2026-08-07 07:48:00,Signed
791,SHP0260,Transporter,Retail Store,Chennai Warehouse,2026-08-07 08:43:00,Signed
792,SHP0261,Warehouse,Distribution Center,Madurai Store,2026-08-07 08:24:00,Signed
793,SHP0261,Distribution Center,Distribution Center,Chennai Warehouse,2026-08-07 09:29:00,Signed
794,SHP0261,Distribution Center,Retail Store,Hyderabad DC,2026-08-07 09:31:00,Signed
795,SHP0262,Warehouse,Delivery Partner,Madurai Store,2026-08-02 10:22:00,Signed
796,SHP0262,Delivery Partner,Transporter,Chennai Warehouse,2026-08-02 12:02:00,Signed
797,SHP0262,Transporter,Retail Store,Hyderabad DC,2026-08-02 12:50:00,Signed
798,SHP0263,Warehouse,Distribution Center,Chennai Warehouse,2026-08-03 11:44:00,Signed
799,SHP0263,Distribution Center,Delivery Partner,Chennai Warehouse,2026-08-03 12:56:00,Signed
800,SHP0263,Delivery Partner,Retail Store,Chennai Warehouse,2026-08-03 13:47:00,Signed
801,SHP0264,Warehouse,Delivery Partner,Chennai Warehouse,2026-08-02 13:38:00,Missing
802,SHP0264,Delivery Partner,Retail Store,Hyderabad DC,2026-08-02 13:51:00,Missing
803,SHP0265,Warehouse,Transporter,Salem Hub,2026-08-05 07:20:00,Signed
804,SHP0265,Transporter,Delivery Partner,Pune DC,2026-08-05 07:54:00,Signed
805,SHP0265,Delivery Partner,Retail Store,Coimbatore Hub,2026-08-05 08:04:00,Missing
806,SHP0266,Warehouse,Transporter,Chennai Warehouse,2026-08-03 10:50:00,Signed
807,SHP0266,Transporter,Retail Store,Bangalore DC,2026-08-03 12:44:00,Signed
808,SHP0267,Warehouse,Transporter,Pune DC,2026-08-06 09:30:00,Signed
809,SHP0267,Transporter,Delivery Partner,Salem Hub,2026-08-06 09:31:00,Signed
810,SHP0267,Delivery Partner,Retail Store,Madurai Store,2026-08-06 11:14:00,Signed
811,SHP0268,Warehouse,Transporter,Coimbatore Hub,2026-08-02 07:58:00,Signed
812,SHP0268,Transporter,Transporter,Coimbatore Hub,2026-08-02 08:02:00,Signed
813,SHP0268,Transporter,Retail Store,Kochi Hub,2026-08-02 11:16:00,Signed
814,SHP0269,Warehouse,Transporter,Madurai Store,2026-08-02 13:23:00,Signed
815,SHP0269,Transporter,Retail Store,Hyderabad DC,2026-08-02 14:40:00,Signed
816,SHP0270,Warehouse,Delivery Partner,Pune DC,2026-08-04 09:37:00,Signed
817,SHP0270,Delivery Partner,Retail Store,Kochi Hub,2026-08-04 11:14:00,Signed
818,SHP0271,Warehouse,Delivery Partner,Coimbatore Hub,2026-08-07 10:41:00,Signed
819,SHP0271,Delivery Partner,Delivery Partner,Hyderabad DC,2026-08-07 10:50:00,Signed
820,SHP0271,Delivery Partner,Retail Store,Madurai Store,2026-08-07 13:03:00,Signed
821,SHP0272,Warehouse,Delivery Partner,Hyderabad DC,2026-08-02 10:32:00,Signed
822,SHP0272,Delivery Partner,Delivery Partner,Hyderabad DC,2026-08-02 11:23:00,Signed
823,SHP0272,Delivery Partner,Delivery Partner,Bangalore DC,2026-08-02 11:50:00,Signed
824,SHP0272,Delivery Partner,Retail Store,Bangalore DC,2026-08-02 12:03:00,Signed
825,SHP0273,Warehouse,Delivery Partner,Pune DC,2026-08-05 12:24:00,Signed
826,SHP0273,Delivery Partner,Retail Store,Chennai Warehouse,2026-08-05 12:39:00,Signed
827,SHP0274,Warehouse,Transporter,Kochi Hub,2026-08-04 14:26:00,Signed
828,SHP0274,Transporter,Retail Store,Chennai Warehouse,2026-08-04 15:57:00,Signed
829,SHP0275,Warehouse,Distribution Center,Madurai Store,2026-08-01 05:51:00,Signed
830,SHP0275,Distribution Center,Transporter,Chennai Warehouse,2026-08-01 06:21:00,Signed
831,SHP0275,Transporter,Delivery Partner,Bangalore DC,2026-08-01 06:37:00,Signed
832,SHP0275,Delivery Partner,Retail Store,Kochi Hub,2026-08-01 07:01:00,Signed
833,SHP0276,Warehouse,Distribution Center,Coimbatore Hub,2026-08-05 06:22:00,Signed
834,SHP0276,Distribution Center,Retail Store,Madurai Store,2026-08-05 06:28:00,Signed
835,SHP0277,Warehouse,Delivery Partner,Kochi Hub,2026-08-05 07:37:00,Missing
836,SHP0277,Delivery Partner,Transporter,Coimbatore Hub,2026-08-05 08:31:00,Signed
837,SHP0277,Transporter,Retail Store,Salem Hub,2026-08-05 08:45:00,Signed
838,SHP0278,Warehouse,Transporter,Chennai Warehouse,2026-08-06 11:05:00,Signed
839,SHP0278,Transporter,Delivery Partner,Chennai Warehouse,2026-08-06 11:47:00,Signed
840,SHP0278,Delivery Partner,Transporter,Bangalore DC,2026-08-06 13:06:00,Signed
841,SHP0278,Transporter,Retail Store,Pune DC,2026-08-06 13:48:00,Signed
842,SHP0279,Warehouse,Distribution Center,Coimbatore Hub,2026-08-01 08:16:00,Signed
843,SHP0279,Distribution Center,Retail Store,Coimbatore Hub,2026-08-01 09:20:00,Signed
844,SHP0280,Warehouse,Transporter,Kochi Hub,2026-08-06 14:08:00,Signed
845,SHP0280,Transporter,Delivery Partner,Chennai Warehouse,2026-08-06 14:32:00,Missing
846,SHP0280,Delivery Partner,Distribution Center,Bangalore DC,2026-08-06 15:13:00,Signed
847,SHP0280,Distribution Center,Retail Store,Hyderabad DC,2026-08-06 16:22:00,Signed
848,SHP0281,Warehouse,Distribution Center,Kochi Hub,2026-08-04 10:00:00,Signed
849,SHP0281,Distribution Center,Retail Store,Chennai Warehouse,2026-08-04 10:44:00,Missing
850,SHP0282,Warehouse,Transporter,Salem Hub,2026-08-05 09:03:00,Signed
851,SHP0282,Transporter,Distribution Center,Coimbatore Hub,2026-08-05 11:00:00,Signed
852,SHP0282,Distribution Center,Retail Store,Kochi Hub,2026-08-05 11:31:00,Signed
853,SHP0283,Warehouse,Distribution Center,Pune DC,2026-08-01 06:42:00,Signed
854,SHP0283,Distribution Center,Retail Store,Kochi Hub,2026-08-01 07:49:00,Signed
855,SHP0284,Warehouse,Transporter,Chennai Warehouse,2026-08-04 10:16:00,Signed
856,SHP0284,Transporter,Delivery Partner,Hyderabad DC,2026-08-04 10:41:00,Signed
857,SHP0284,Delivery Partner,Retail Store,Coimbatore Hub,2026-08-04 11:00:00,Signed
858,SHP0285,Warehouse,Delivery Partner,Salem Hub,2026-08-04 10:04:00,Signed
859,SHP0285,Delivery Partner,Delivery Partner,Pune DC,2026-08-04 10:06:00,Signed
860,SHP0285,Delivery Partner,Delivery Partner,Bangalore DC,2026-08-04 10:11:00,Signed
861,SHP0285,Delivery Partner,Retail Store,Kochi Hub,2026-08-04 10:21:00,Signed
862,SHP0286,Warehouse,Transporter,Hyderabad DC,2026-08-05 08:26:00,Missing
863,SHP0286,Transporter,Retail Store,Pune DC,2026-08-05 08:40:00,Signed
864,SHP0287,Warehouse,Distribution Center,Coimbatore Hub,2026-08-06 05:47:00,Signed
865,SHP0287,Distribution Center,Distribution Center,Salem Hub,2026-08-06 05:49:00,Signed
866,SHP0287,Distribution Center,Retail Store,Pune DC,2026-08-06 06:23:00,Signed
867,SHP0288,Warehouse,Delivery Partner,Salem Hub,2026-08-02 09:43:00,Signed
868,SHP0288,Delivery Partner,Distribution Center,Madurai Store,2026-08-02 10:08:00,Missing
869,SHP0288,Distribution Center,Retail Store,Salem Hub,2026-08-02 10:10:00,Signed
870,SHP0289,Warehouse,Transporter,Salem Hub,2026-08-04 09:12:00,Signed
871,SHP0289,Transporter,Delivery Partner,Pune DC,2026-08-04 09:18:00,Signed
872,SHP0289,Delivery Partner,Retail Store,Chennai Warehouse,2026-08-04 09:24:00,Missing
873,SHP0290,Warehouse,Distribution Center,Salem Hub,2026-08-03 06:46:00,Signed
874,SHP0290,Distribution Center,Retail Store,Madurai Store,2026-08-03 06:49:00,Signed
875,SHP0291,Warehouse,Delivery Partner,Madurai Store,2026-08-03 12:02:00,Signed
876,SHP0291,Delivery Partner,Retail Store,Kochi Hub,2026-08-03 12:42:00,Signed
877,SHP0292,Warehouse,Delivery Partner,Kochi Hub,2026-08-03 09:32:00,Signed
878,SHP0292,Delivery Partner,Distribution Center,Salem Hub,2026-08-03 09:47:00,Signed
879,SHP0292,Distribution Center,Transporter,Pune DC,2026-08-03 10:08:00,Missing
880,SHP0292,Transporter,Retail Store,Madurai Store,2026-08-03 10:30:00,Signed
881,SHP0293,Warehouse,Delivery Partner,Salem Hub,2026-08-01 07:14:00,Signed
882,SHP0293,Delivery Partner,Retail Store,Hyderabad DC,2026-08-01 10:48:00,Signed
883,SHP0294,Warehouse,Distribution Center,Kochi Hub,2026-08-01 09:34:00,Signed
884,SHP0294,Distribution Center,Delivery Partner,Bangalore DC,2026-08-01 09:42:00,Signed
885,SHP0294,Delivery Partner,Retail Store,Hyderabad DC,2026-08-01 11:51:00,Signed
886,SHP0295,Warehouse,Distribution Center,Bangalore DC,2026-08-05 05:51:00,Signed
887,SHP0295,Distribution Center,Transporter,Bangalore DC,2026-08-05 06:10:00,Signed
888,SHP0295,Transporter,Distribution Center,Pune DC,2026-08-05 06:45:00,Signed
889,SHP0295,Distribution Center,Retail Store,Pune DC,2026-08-05 07:29:00,Signed
890,SHP0296,Warehouse,Distribution Center,Chennai Warehouse,2026-08-03 07:46:00,Signed
891,SHP0296,Distribution Center,Retail Store,Madurai Store,2026-08-03 09:10:00,Signed
892,SHP0297,Warehouse,Delivery Partner,Salem Hub,2026-08-07 10:30:00,Signed
893,SHP0297,Delivery Partner,Distribution Center,Pune DC,2026-08-07 11:34:00,Signed
894,SHP0297,Distribution Center,Retail Store,Hyderabad DC,2026-08-07 11:52:00,Signed
895,SHP0298,Warehouse,Delivery Partner,Hyderabad DC,2026-08-01 13:51:00,Signed
896,SHP0298,Delivery Partner,Distribution Center,Bangalore DC,2026-08-01 14:37:00,Signed
897,SHP0298,Distribution Center,Retail Store,Bangalore DC,2026-08-01 14:56:00,Signed
898,SHP0299,Warehouse,Distribution Center,Kochi Hub,2026-08-06 09:54:00,Signed
899,SHP0299,Distribution Center,Distribution Center,Chennai Warehouse,2026-08-06 09:55:00,Signed
900,SHP0299,Distribution Center,Transporter,Bangalore DC,2026-08-06 10:07:00,Signed
901,SHP0299,Transporter,Retail Store,Salem Hub,2026-08-06 10:16:00,Signed
902,SHP0300,Warehouse,Delivery Partner,Chennai Warehouse,2026-08-01 05:51:00,Signed
903,SHP0300,Delivery Partner,Retail Store,Chennai Warehouse,2026-08-01 07:28:00,Signed
904,SHP0301,Warehouse,Distribution Center,Chennai Warehouse,2026-08-03 06:41:00,Signed
905,SHP0301,Distribution Center,Retail Store,Pune DC,2026-08-03 07:16:00,Signed
906,SHP0302,Warehouse,Distribution Center,Madurai Store,2026-08-07 12:12:00,Signed
907,SHP0302,Distribution Center,Retail Store,Pune DC,2026-08-07 14:10:00,Signed
908,SHP0303,Warehouse,Delivery Partner,Coimbatore Hub,2026-08-04 10:46:00,Signed
909,SHP0303,Delivery Partner,Transporter,Hyderabad DC,2026-08-04 11:57:00,Missing
910,SHP0303,Transporter,Retail Store,Hyderabad DC,2026-08-04 12:46:00,Signed
911,SHP0304,Warehouse,Delivery Partner,Hyderabad DC,2026-08-04 06:15:00,Signed
912,SHP0304,Delivery Partner,Retail Store,Kochi Hub,2026-08-04 09:46:00,Signed
913,SHP0305,Warehouse,Transporter,Coimbatore Hub,2026-08-07 10:58:00,Signed
914,SHP0305,Transporter,Delivery Partner,Chennai Warehouse,2026-08-07 11:14:00,Signed
915,SHP0305,Delivery Partner,Transporter,Kochi Hub,2026-08-07 11:20:00,Signed
916,SHP0305,Transporter,Retail Store,Pune DC,2026-08-07 11:37:00,Missing
917,SHP0306,Warehouse,Delivery Partner,Pune DC,2026-08-03 06:54:00,Signed
918,SHP0306,Delivery Partner,Retail Store,Hyderabad DC,2026-08-03 08:39:00,Signed
919,SHP0307,Warehouse,Distribution Center,Hyderabad DC,2026-08-03 11:09:00,Signed
920,SHP0307,Distribution Center,Delivery Partner,Chennai Warehouse,2026-08-03 11:58:00,Signed
921,SHP0307,Delivery Partner,Retail Store,Bangalore DC,2026-08-03 12:09:00,Signed
922,SHP0308,Warehouse,Delivery Partner,Bangalore DC,2026-08-04 10:33:00,Missing
923,SHP0308,Delivery Partner,Distribution Center,Chennai Warehouse,2026-08-04 10:39:00,Signed
924,SHP0308,Distribution Center,Distribution Center,Salem Hub,2026-08-04 11:04:00,Signed
925,SHP0308,Distribution Center,Retail Store,Kochi Hub,2026-08-04 11:28:00,Signed
926,SHP0309,Warehouse,Transporter,Coimbatore Hub,2026-08-05 08:11:00,Signed
927,SHP0309,Transporter,Retail Store,Salem Hub,2026-08-05 08:46:00,Signed
928,SHP0310,Warehouse,Distribution Center,Kochi Hub,2026-08-05 11:04:00,Missing
929,SHP0310,Distribution Center,Retail Store,Salem Hub,2026-08-05 11:35:00,Signed
930,SHP0311,Warehouse,Distribution Center,Chennai Warehouse,2026-08-04 10:58:00,Signed
931,SHP0311,Distribution Center,Distribution Center,Coimbatore Hub,2026-08-04 11:27:00,Signed
932,SHP0311,Distribution Center,Delivery Partner,Bangalore DC,2026-08-04 12:04:00,Signed
933,SHP0311,Delivery Partner,Retail Store,Hyderabad DC,2026-08-04 12:39:00,Signed
934,SHP0312,Warehouse,Delivery Partner,Hyderabad DC,2026-08-07 05:50:00,Signed
935,SHP0312,Delivery Partner,Retail Store,Madurai Store,2026-08-07 06:34:00,Missing
936,SHP0313,Warehouse,Distribution Center,Chennai Warehouse,2026-08-04 11:17:00,Signed
937,SHP0313,Distribution Center,Transporter,Hyderabad DC,2026-08-04 11:35:00,Signed
938,SHP0313,Transporter,Delivery Partner,Pune DC,2026-08-04 11:42:00,Signed
939,SHP0313,Delivery Partner,Retail Store,Coimbatore Hub,2026-08-04 12:04:00,Signed
940,SHP0314,Warehouse,Distribution Center,Bangalore DC,2026-08-04 11:09:00,Signed
941,SHP0314,Distribution Center,Transporter,Chennai Warehouse,2026-08-04 11:34:00,Missing
942,SHP0314,Transporter,Retail Store,Madurai Store,2026-08-04 11:50:00,Signed
943,SHP0315,Warehouse,Transporter,Hyderabad DC,2026-08-02 06:02:00,Signed
944,SHP0315,Transporter,Delivery Partner,Pune DC,2026-08-02 07:01:00,Missing
945,SHP0315,Delivery Partner,Distribution Center,Salem Hub,2026-08-02 07:29:00,Signed
946,SHP0315,Distribution Center,Retail Store,Hyderabad DC,2026-08-02 08:10:00,Signed
947,SHP0316,Warehouse,Delivery Partner,Madurai Store,2026-08-02 10:00:00,Signed
948,SHP0316,Delivery Partner,Transporter,Coimbatore Hub,2026-08-02 11:01:00,Signed
949,SHP0316,Transporter,Retail Store,Hyderabad DC,2026-08-02 11:23:00,Signed
950,SHP0317,Warehouse,Delivery Partner,Chennai Warehouse,2026-08-01 10:52:00,Missing
951,SHP0317,Delivery Partner,Distribution Center,Madurai Store,2026-08-01 11:39:00,Signed
952,SHP0317,Distribution Center,Retail Store,Hyderabad DC,2026-08-01 12:51:00,Signed
953,SHP0318,Warehouse,Distribution Center,Coimbatore Hub,2026-08-01 10:36:00,Signed
954,SHP0318,Distribution Center,Retail Store,Salem Hub,2026-08-01 15:03:00,Missing
955,SHP0319,Warehouse,Distribution Center,Madurai Store,2026-08-06 07:55:00,Missing
956,SHP0319,Distribution Center,Distribution Center,Madurai Store,2026-08-06 08:57:00,Missing
957,SHP0319,Distribution Center,Distribution Center,Salem Hub,2026-08-06 09:06:00,Signed
958,SHP0319,Distribution Center,Retail Store,Madurai Store,2026-08-06 09:10:00,Signed
959,SHP0320,Warehouse,Distribution Center,Madurai Store,2026-08-06 09:23:00,Signed
960,SHP0320,Distribution Center,Distribution Center,Pune DC,2026-08-06 10:40:00,Signed
961,SHP0320,Distribution Center,Delivery Partner,Coimbatore Hub,2026-08-06 10:41:00,Signed
962,SHP0320,Delivery Partner,Retail Store,Coimbatore Hub,2026-08-06 10:54:00,Signed
963,SHP0321,Warehouse,Transporter,Chennai Warehouse,2026-08-03 11:37:00,Signed
964,SHP0321,Transporter,Retail Store,Bangalore DC,2026-08-03 11:44:00,Signed
965,SHP0322,Warehouse,Delivery Partner,Pune DC,2026-08-03 09:12:00,Signed
966,SHP0322,Delivery Partner,Retail Store,Bangalore DC,2026-08-03 10:54:00,Signed
967,SHP0323,Warehouse,Distribution Center,Bangalore DC,2026-08-06 13:07:00,Signed
968,SHP0323,Distribution Center,Retail Store,Bangalore DC,2026-08-06 14:19:00,Signed
969,SHP0324,Warehouse,Distribution Center,Bangalore DC,2026-08-01 10:15:00,Signed
970,SHP0324,Distribution Center,Transporter,Hyderabad DC,2026-08-01 10:40:00,Signed
971,SHP0324,Transporter,Distribution Center,Bangalore DC,2026-08-01 10:42:00,Signed
972,SHP0324,Distribution Center,Retail Store,Coimbatore Hub,2026-08-01 12:23:00,Signed
973,SHP0325,Warehouse,Distribution Center,Coimbatore Hub,2026-08-05 08:01:00,Signed
974,SHP0325,Distribution Center,Transporter,Chennai Warehouse,2026-08-05 08:06:00,Signed
975,SHP0325,Transporter,Retail Store,Coimbatore Hub,2026-08-05 09:24:00,Signed
976,SHP0326,Warehouse,Transporter,Hyderabad DC,2026-08-06 08:58:00,Signed
977,SHP0326,Transporter,Retail Store,Coimbatore Hub,2026-08-06 09:04:00,Signed
978,SHP0327,Warehouse,Transporter,Pune DC,2026-08-07 10:55:00,Signed
979,SHP0327,Transporter,Delivery Partner,Hyderabad DC,2026-08-07 11:14:00,Signed
980,SHP0327,Delivery Partner,Transporter,Madurai Store,2026-08-07 11:21:00,Signed
981,SHP0327,Transporter,Retail Store,Bangalore DC,2026-08-07 11:39:00,Signed
982,SHP0328,Warehouse,Delivery Partner,Kochi Hub,2026-08-02 12:21:00,Signed
983,SHP0328,Delivery Partner,Distribution Center,Salem Hub,2026-08-02 13:10:00,Signed
984,SHP0328,Distribution Center,Retail Store,Pune DC,2026-08-02 14:17:00,Signed
985,SHP0329,Warehouse,Distribution Center,Chennai Warehouse,2026-08-01 11:08:00,Signed
986,SHP0329,Distribution Center,Transporter,Pune DC,2026-08-01 11:46:00,Missing
987,SHP0329,Transporter,Retail Store,Chennai Warehouse,2026-08-01 12:27:00,Signed
988,SHP0330,Warehouse,Transporter,Pune DC,2026-08-06 09:28:00,Signed
989,SHP0330,Transporter,Retail Store,Bangalore DC,2026-08-06 10:50:00,Signed
990,SHP0331,Warehouse,Transporter,Salem Hub,2026-08-05 10:19:00,Missing
991,SHP0331,Transporter,Delivery Partner,Hyderabad DC,2026-08-05 10:31:00,Signed
992,SHP0331,Delivery Partner,Retail Store,Coimbatore Hub,2026-08-05 11:36:00,Signed
993,SHP0332,Warehouse,Delivery Partner,Pune DC,2026-08-06 11:46:00,Signed
994,SHP0332,Delivery Partner,Transporter,Coimbatore Hub,2026-08-06 12:05:00,Signed
995,SHP0332,Transporter,Transporter,Coimbatore Hub,2026-08-06 12:12:00,Missing
996,SHP0332,Transporter,Retail Store,Salem Hub,2026-08-06 12:37:00,Signed
997,SHP0333,Warehouse,Transporter,Hyderabad DC,2026-08-04 06:52:00,Signed
998,SHP0333,Transporter,Retail Store,Bangalore DC,2026-08-04 06:57:00,Signed
999,SHP0334,Warehouse,Transporter,Madurai Store,2026-08-06 08:44:00,Signed
1000,SHP0334,Transporter,Transporter,Salem Hub,2026-08-06 08:48:00,Signed
1001,SHP0334,Transporter,Retail Store,Chennai Warehouse,2026-08-06 11:07:00,Signed
1002,SHP0335,Warehouse,Distribution Center,Bangalore DC,2026-08-01 09:00:00,Signed
1003,SHP0335,Distribution Center,Distribution Center,Coimbatore Hub,2026-08-01 09:28:00,Signed
1004,SHP0335,Distribution Center,Transporter,Kochi Hub,2026-08-01 11:01:00,Signed
1005,SHP0335,Transporter,Retail Store,Salem Hub,2026-08-01 11:08:00,Signed
1006,SHP0336,Warehouse,Delivery Partner,Hyderabad DC,2026-08-04 09:51:00,Signed
1007,SHP0336,Delivery Partner,Retail Store,Hyderabad DC,2026-08-04 10:10:00,Signed
1008,SHP0337,Warehouse,Distribution Center,Coimbatore Hub,2026-08-03 06:11:00,Signed
1009,SHP0337,Distribution Center,Delivery Partner,Hyderabad DC,2026-08-03 07:14:00,Signed
1010,SHP0337,Delivery Partner,Distribution Center,Kochi Hub,2026-08-03 07:32:00,Signed
1011,SHP0337,Distribution Center,Retail Store,Hyderabad DC,2026-08-03 08:47:00,Signed
1012,SHP0338,Warehouse,Delivery Partner,Madurai Store,2026-08-04 06:52:00,Signed
1013,SHP0338,Delivery Partner,Transporter,Chennai Warehouse,2026-08-04 06:55:00,Signed
1014,SHP0338,Transporter,Transporter,Kochi Hub,2026-08-04 07:23:00,Signed
1015,SHP0338,Transporter,Retail Store,Pune DC,2026-08-04 07:32:00,Signed
1016,SHP0339,Warehouse,Transporter,Madurai Store,2026-08-04 09:53:00,Signed
1017,SHP0339,Transporter,Distribution Center,Coimbatore Hub,2026-08-04 10:22:00,Signed
1018,SHP0339,Distribution Center,Retail Store,Hyderabad DC,2026-08-04 10:34:00,Missing
1019,SHP0340,Warehouse,Transporter,Salem Hub,2026-08-03 09:23:00,Signed
1020,SHP0340,Transporter,Distribution Center,Kochi Hub,2026-08-03 09:49:00,Signed
1021,SHP0340,Distribution Center,Retail Store,Pune DC,2026-08-03 09:58:00,Signed
1022,SHP0341,Warehouse,Delivery Partner,Hyderabad DC,2026-08-04 10:57:00,Signed
1023,SHP0341,Delivery Partner,Delivery Partner,Salem Hub,2026-08-04 11:33:00,Signed
1024,SHP0341,Delivery Partner,Transporter,Salem Hub,2026-08-04 12:24:00,Signed
1025,SHP0341,Transporter,Retail Store,Coimbatore Hub,2026-08-04 13:06:00,Signed
1026,SHP0342,Warehouse,Delivery Partner,Madurai Store,2026-08-07 07:35:00,Signed
1027,SHP0342,Delivery Partner,Delivery Partner,Kochi Hub,2026-08-07 08:08:00,Signed
1028,SHP0342,Delivery Partner,Transporter,Bangalore DC,2026-08-07 08:19:00,Signed
1029,SHP0342,Transporter,Retail Store,Chennai Warehouse,2026-08-07 09:00:00,Signed
1030,SHP0343,Warehouse,Delivery Partner,Kochi Hub,2026-08-06 08:10:00,Signed
1031,SHP0343,Delivery Partner,Transporter,Salem Hub,2026-08-06 09:40:00,Signed
1032,SHP0343,Transporter,Retail Store,Pune DC,2026-08-06 10:09:00,Signed
1033,SHP0344,Warehouse,Transporter,Madurai Store,2026-08-07 08:46:00,Signed
1034,SHP0344,Transporter,Distribution Center,Pune DC,2026-08-07 10:48:00,Missing
1035,SHP0344,Distribution Center,Transporter,Salem Hub,2026-08-07 12:52:00,Signed
1036,SHP0344,Transporter,Retail Store,Coimbatore Hub,2026-08-07 13:24:00,Signed
1037,SHP0345,Warehouse,Transporter,Chennai Warehouse,2026-08-07 10:18:00,Signed
1038,SHP0345,Transporter,Distribution Center,Hyderabad DC,2026-08-07 11:24:00,Signed
1039,SHP0345,Distribution Center,Retail Store,Salem Hub,2026-08-07 11:30:00,Signed
1040,SHP0346,Warehouse,Delivery Partner,Hyderabad DC,2026-08-03 08:35:00,Signed
1041,SHP0346,Delivery Partner,Distribution Center,Coimbatore Hub,2026-08-03 09:16:00,Signed
1042,SHP0346,Distribution Center,Retail Store,Kochi Hub,2026-08-03 09:36:00,Signed
1043,SHP0347,Warehouse,Distribution Center,Salem Hub,2026-08-03 11:18:00,Signed
1044,SHP0347,Distribution Center,Retail Store,Chennai Warehouse,2026-08-03 11:29:00,Signed
1045,SHP0348,Warehouse,Transporter,Madurai Store,2026-08-07 07:37:00,Signed
1046,SHP0348,Transporter,Distribution Center,Kochi Hub,2026-08-07 08:33:00,Signed
1047,SHP0348,Distribution Center,Distribution Center,Pune DC,2026-08-07 09:01:00,Signed
1048,SHP0348,Distribution Center,Retail Store,Chennai Warehouse,2026-08-07 10:04:00,Signed
1049,SHP0349,Warehouse,Delivery Partner,Salem Hub,2026-08-05 08:14:00,Signed
1050,SHP0349,Delivery Partner,Transporter,Chennai Warehouse,2026-08-05 08:45:00,Signed
1051,SHP0349,Transporter,Delivery Partner,Chennai Warehouse,2026-08-05 08:47:00,Signed
1052,SHP0349,Delivery Partner,Retail Store,Bangalore DC,2026-08-05 09:10:00,Signed
1053,SHP0350,Warehouse,Transporter,Kochi Hub,2026-08-02 10:17:00,Signed
1054,SHP0350,Transporter,Distribution Center,Chennai Warehouse,2026-08-02 10:25:00,Signed
1055,SHP0350,Distribution Center,Delivery Partner,Kochi Hub,2026-08-02 10:35:00,Signed
1056,SHP0350,Delivery Partner,Retail Store,Bangalore DC,2026-08-02 13:15:00,Signed
1057,SHP0351,Warehouse,Delivery Partner,Chennai Warehouse,2026-08-02 09:25:00,Missing
1058,SHP0351,Delivery Partner,Distribution Center,Bangalore DC,2026-08-02 09:36:00,Signed
1059,SHP0351,Distribution Center,Delivery Partner,Chennai Warehouse,2026-08-02 09:43:00,Signed
1060,SHP0351,Delivery Partner,Retail Store,Hyderabad DC,2026-08-02 09:51:00,Signed
1061,SHP0352,Warehouse,Distribution Center,Hyderabad DC,2026-08-06 06:10:00,Missing
1062,SHP0352,Distribution Center,Distribution Center,Kochi Hub,2026-08-06 07:23:00,Missing
1063,SHP0352,Distribution Center,Distribution Center,Bangalore DC,2026-08-06 08:25:00,Signed
1064,SHP0352,Distribution Center,Retail Store,Chennai Warehouse,2026-08-06 10:46:00,Signed
1065,SHP0353,Warehouse,Distribution Center,Madurai Store,2026-08-06 09:53:00,Signed
1066,SHP0353,Distribution Center,Transporter,Bangalore DC,2026-08-06 10:05:00,Signed
1067,SHP0353,Transporter,Delivery Partner,Pune DC,2026-08-06 10:38:00,Signed
1068,SHP0353,Delivery Partner,Retail Store,Chennai Warehouse,2026-08-06 10:56:00,Signed
1069,SHP0354,Warehouse,Distribution Center,Bangalore DC,2026-08-06 10:46:00,Signed
1070,SHP0354,Distribution Center,Retail Store,Kochi Hub,2026-08-06 10:47:00,Signed
1071,SHP0355,Warehouse,Transporter,Madurai Store,2026-08-04 09:26:00,Signed
1072,SHP0355,Transporter,Delivery Partner,Coimbatore Hub,2026-08-04 10:33:00,Signed
1073,SHP0355,Delivery Partner,Retail Store,Pune DC,2026-08-04 10:51:00,Missing
1074,SHP0356,Warehouse,Transporter,Salem Hub,2026-08-05 08:18:00,Signed
1075,SHP0356,Transporter,Retail Store,Madurai Store,2026-08-05 09:29:00,Signed
1076,SHP0357,Warehouse,Transporter,Pune DC,2026-08-03 06:37:00,Signed
1077,SHP0357,Transporter,Retail Store,Kochi Hub,2026-08-03 07:12:00,Signed
1078,SHP0358,Warehouse,Transporter,Salem Hub,2026-08-01 07:11:00,Signed
1079,SHP0358,Transporter,Distribution Center,Madurai Store,2026-08-01 07:52:00,Missing
1080,SHP0358,Distribution Center,Retail Store,Kochi Hub,2026-08-01 08:28:00,Signed
1081,SHP0359,Warehouse,Transporter,Bangalore DC,2026-08-07 06:44:00,Signed
1082,SHP0359,Transporter,Transporter,Pune DC,2026-08-07 07:01:00,Signed
1083,SHP0359,Transporter,Retail Store,Bangalore DC,2026-08-07 07:05:00,Signed
1084,SHP0360,Warehouse,Distribution Center,Chennai Warehouse,2026-08-06 11:20:00,Signed
1085,SHP0360,Distribution Center,Retail Store,Kochi Hub,2026-08-06 11:58:00,Signed
1086,SHP0361,Warehouse,Delivery Partner,Salem Hub,2026-08-03 07:58:00,Signed
1087,SHP0361,Delivery Partner,Transporter,Salem Hub,2026-08-03 08:18:00,Signed
1088,SHP0361,Transporter,Transporter,Madurai Store,2026-08-03 08:34:00,Signed
1089,SHP0361,Transporter,Retail Store,Hyderabad DC,2026-08-03 09:31:00,Signed
1090,SHP0362,Warehouse,Transporter,Hyderabad DC,2026-08-02 09:29:00,Signed
1091,SHP0362,Transporter,Delivery Partner,Bangalore DC,2026-08-02 09:45:00,Signed
1092,SHP0362,Delivery Partner,Retail Store,Kochi Hub,2026-08-02 12:12:00,Signed
1093,SHP0363,Warehouse,Delivery Partner,Bangalore DC,2026-08-05 10:22:00,Signed
1094,SHP0363,Delivery Partner,Retail Store,Pune DC,2026-08-05 10:30:00,Signed
1095,SHP0364,Warehouse,Delivery Partner,Coimbatore Hub,2026-08-04 07:59:00,Signed
1096,SHP0364,Delivery Partner,Retail Store,Pune DC,2026-08-04 11:50:00,Signed
1097,SHP0365,Warehouse,Delivery Partner,Kochi Hub,2026-08-07 06:22:00,Signed
1098,SHP0365,Delivery Partner,Distribution Center,Kochi Hub,2026-08-07 06:55:00,Signed
1099,SHP0365,Distribution Center,Retail Store,Kochi Hub,2026-08-07 07:46:00,Signed
1100,SHP0366,Warehouse,Distribution Center,Kochi Hub,2026-08-04 10:51:00,Signed
1101,SHP0366,Distribution Center,Retail Store,Pune DC,2026-08-04 13:02:00,Signed
1102,SHP0367,Warehouse,Delivery Partner,Bangalore DC,2026-08-05 07:45:00,Signed
1103,SHP0367,Delivery Partner,Transporter,Madurai Store,2026-08-05 08:44:00,Missing
1104,SHP0367,Transporter,Transporter,Coimbatore Hub,2026-08-05 09:04:00,Signed
1105,SHP0367,Transporter,Retail Store,Pune DC,2026-08-05 09:06:00,Signed
1106,SHP0368,Warehouse,Distribution Center,Pune DC,2026-08-02 08:24:00,Signed
1107,SHP0368,Distribution Center,Delivery Partner,Hyderabad DC,2026-08-02 09:08:00,Signed
1108,SHP0368,Delivery Partner,Retail Store,Pune DC,2026-08-02 10:09:00,Signed
1109,SHP0369,Warehouse,Transporter,Coimbatore Hub,2026-08-07 07:05:00,Signed
1110,SHP0369,Transporter,Retail Store,Chennai Warehouse,2026-08-07 11:12:00,Signed
1111,SHP0370,Warehouse,Transporter,Hyderabad DC,2026-08-04 12:13:00,Signed
1112,SHP0370,Transporter,Retail Store,Bangalore DC,2026-08-04 13:24:00,Signed
1113,SHP0371,Warehouse,Delivery Partner,Coimbatore Hub,2026-08-06 08:55:00,Signed
1114,SHP0371,Delivery Partner,Distribution Center,Salem Hub,2026-08-06 09:10:00,Signed
1115,SHP0371,Distribution Center,Retail Store,Salem Hub,2026-08-06 10:01:00,Signed
1116,SHP0372,Warehouse,Transporter,Madurai Store,2026-08-04 08:28:00,Signed
1117,SHP0372,Transporter,Retail Store,Coimbatore Hub,2026-08-04 09:15:00,Signed
1118,SHP0373,Warehouse,Delivery Partner,Salem Hub,2026-08-01 10:34:00,Signed
1119,SHP0373,Delivery Partner,Transporter,Chennai Warehouse,2026-08-01 13:39:00,Signed
1120,SHP0373,Transporter,Retail Store,Chennai Warehouse,2026-08-01 14:52:00,Signed
1121,SHP0374,Warehouse,Distribution Center,Hyderabad DC,2026-08-03 09:22:00,Signed
1122,SHP0374,Distribution Center,Transporter,Salem Hub,2026-08-03 10:02:00,Signed
1123,SHP0374,Transporter,Transporter,Hyderabad DC,2026-08-03 10:56:00,Signed
1124,SHP0374,Transporter,Retail Store,Madurai Store,2026-08-03 11:18:00,Missing
1125,SHP0375,Warehouse,Transporter,Madurai Store,2026-08-03 12:39:00,Signed
1126,SHP0375,Transporter,Delivery Partner,Chennai Warehouse,2026-08-03 12:51:00,Signed
1127,SHP0375,Delivery Partner,Retail Store,Madurai Store,2026-08-03 13:24:00,Signed
1128,SHP0376,Warehouse,Transporter,Hyderabad DC,2026-08-07 06:57:00,Missing
1129,SHP0376,Transporter,Retail Store,Coimbatore Hub,2026-08-07 07:06:00,Signed
1130,SHP0377,Warehouse,Distribution Center,Kochi Hub,2026-08-07 06:25:00,Signed
1131,SHP0377,Distribution Center,Transporter,Kochi Hub,2026-08-07 09:06:00,Signed
1132,SHP0377,Transporter,Transporter,Kochi Hub,2026-08-07 09:16:00,Signed
1133,SHP0377,Transporter,Retail Store,Bangalore DC,2026-08-07 10:25:00,Signed
1134,SHP0378,Warehouse,Delivery Partner,Chennai Warehouse,2026-08-06 08:05:00,Signed
1135,SHP0378,Delivery Partner,Transporter,Bangalore DC,2026-08-06 08:16:00,Signed
1136,SHP0378,Transporter,Retail Store,Bangalore DC,2026-08-06 08:49:00,Signed
1137,SHP0379,Warehouse,Distribution Center,Kochi Hub,2026-08-06 08:48:00,Signed
1138,SHP0379,Distribution Center,Transporter,Coimbatore Hub,2026-08-06 10:32:00,Signed
1139,SHP0379,Transporter,Retail Store,Bangalore DC,2026-08-06 11:35:00,Signed
1140,SHP0380,Warehouse,Distribution Center,Salem Hub,2026-08-04 10:48:00,Signed
1141,SHP0380,Distribution Center,Distribution Center,Chennai Warehouse,2026-08-04 11:01:00,Signed
1142,SHP0380,Distribution Center,Retail Store,Chennai Warehouse,2026-08-04 14:49:00,Signed
1143,SHP0381,Warehouse,Distribution Center,Pune DC,2026-08-04 07:19:00,Signed
1144,SHP0381,Distribution Center,Delivery Partner,Coimbatore Hub,2026-08-04 08:07:00,Signed
1145,SHP0381,Delivery Partner,Retail Store,Madurai Store,2026-08-04 09:19:00,Missing
1146,SHP0382,Warehouse,Transporter,Chennai Warehouse,2026-08-07 08:06:00,Signed
1147,SHP0382,Transporter,Distribution Center,Kochi Hub,2026-08-07 09:54:00,Signed
1148,SHP0382,Distribution Center,Distribution Center,Madurai Store,2026-08-07 11:09:00,Signed
1149,SHP0382,Distribution Center,Retail Store,Pune DC,2026-08-07 12:34:00,Signed
1150,SHP0383,Warehouse,Distribution Center,Hyderabad DC,2026-08-06 06:14:00,Signed
1151,SHP0383,Distribution Center,Retail Store,Pune DC,2026-08-06 06:30:00,Signed
1152,SHP0384,Warehouse,Transporter,Coimbatore Hub,2026-08-05 05:43:00,Missing
1153,SHP0384,Transporter,Delivery Partner,Chennai Warehouse,2026-08-05 05:51:00,Signed
1154,SHP0384,Delivery Partner,Delivery Partner,Chennai Warehouse,2026-08-05 06:14:00,Signed
1155,SHP0384,Delivery Partner,Retail Store,Bangalore DC,2026-08-05 06:16:00,Signed
1156,SHP0385,Warehouse,Delivery Partner,Coimbatore Hub,2026-08-06 11:01:00,Signed
1157,SHP0385,Delivery Partner,Retail Store,Chennai Warehouse,2026-08-06 12:04:00,Signed
1158,SHP0386,Warehouse,Distribution Center,Chennai Warehouse,2026-08-03 06:08:00,Signed
1159,SHP0386,Distribution Center,Retail Store,Chennai Warehouse,2026-08-03 07:30:00,Signed
1160,SHP0387,Warehouse,Distribution Center,Bangalore DC,2026-08-03 12:14:00,Signed
1161,SHP0387,Distribution Center,Distribution Center,Bangalore DC,2026-08-03 12:30:00,Signed
1162,SHP0387,Distribution Center,Retail Store,Pune DC,2026-08-03 12:37:00,Signed
1163,SHP0388,Warehouse,Transporter,Kochi Hub,2026-08-02 08:57:00,Signed
1164,SHP0388,Transporter,Delivery Partner,Kochi Hub,2026-08-02 09:08:00,Signed
1165,SHP0388,Delivery Partner,Retail Store,Salem Hub,2026-08-02 10:22:00,Signed
1166,SHP0389,Warehouse,Distribution Center,Pune DC,2026-08-03 09:49:00,Signed
1167,SHP0389,Distribution Center,Transporter,Chennai Warehouse,2026-08-03 09:57:00,Signed
1168,SHP0389,Transporter,Retail Store,Chennai Warehouse,2026-08-03 10:11:00,Signed
1169,SHP0390,Warehouse,Delivery Partner,Kochi Hub,2026-08-04 07:54:00,Signed
1170,SHP0390,Delivery Partner,Distribution Center,Madurai Store,2026-08-04 09:17:00,Signed
1171,SHP0390,Distribution Center,Retail Store,Coimbatore Hub,2026-08-04 12:12:00,Signed
1172,SHP0391,Warehouse,Delivery Partner,Salem Hub,2026-08-02 09:07:00,Signed
1173,SHP0391,Delivery Partner,Delivery Partner,Hyderabad DC,2026-08-02 09:24:00,Signed
1174,SHP0391,Delivery Partner,Delivery Partner,Pune DC,2026-08-02 10:01:00,Signed
1175,SHP0391,Delivery Partner,Retail Store,Madurai Store,2026-08-02 10:16:00,Signed
1176,SHP0392,Warehouse,Transporter,Kochi Hub,2026-08-05 10:27:00,Signed
1177,SHP0392,Transporter,Distribution Center,Bangalore DC,2026-08-05 10:33:00,Signed
1178,SHP0392,Distribution Center,Distribution Center,Kochi Hub,2026-08-05 11:02:00,Signed
1179,SHP0392,Distribution Center,Retail Store,Hyderabad DC,2026-08-05 12:33:00,Signed
1180,SHP0393,Warehouse,Delivery Partner,Chennai Warehouse,2026-08-05 05:41:00,Signed
1181,SHP0393,Delivery Partner,Distribution Center,Madurai Store,2026-08-05 07:21:00,Signed
1182,SHP0393,Distribution Center,Retail Store,Pune DC,2026-08-05 08:36:00,Signed
1183,SHP0394,Warehouse,Delivery Partner,Hyderabad DC,2026-08-03 10:02:00,Signed
1184,SHP0394,Delivery Partner,Transporter,Chennai Warehouse,2026-08-03 10:16:00,Missing
1185,SHP0394,Transporter,Retail Store,Kochi Hub,2026-08-03 10:39:00,Signed
1186,SHP0395,Warehouse,Delivery Partner,Madurai Store,2026-08-06 11:12:00,Signed
1187,SHP0395,Delivery Partner,Retail Store,Hyderabad DC,2026-08-06 11:32:00,Signed
1188,SHP0396,Warehouse,Transporter,Bangalore DC,2026-08-07 09:45:00,Signed
1189,SHP0396,Transporter,Distribution Center,Pune DC,2026-08-07 09:47:00,Signed
1190,SHP0396,Distribution Center,Transporter,Salem Hub,2026-08-07 10:17:00,Missing
1191,SHP0396,Transporter,Retail Store,Chennai Warehouse,2026-08-07 11:01:00,Signed
1192,SHP0397,Warehouse,Distribution Center,Coimbatore Hub,2026-08-06 07:13:00,Signed
1193,SHP0397,Distribution Center,Transporter,Madurai Store,2026-08-06 07:37:00,Signed
1194,SHP0397,Transporter,Retail Store,Madurai Store,2026-08-06 07:52:00,Signed
1195,SHP0398,Warehouse,Distribution Center,Chennai Warehouse,2026-08-05 11:29:00,Signed
1196,SHP0398,Distribution Center,Distribution Center,Kochi Hub,2026-08-05 11:58:00,Signed
1197,SHP0398,Distribution Center,Transporter,Hyderabad DC,2026-08-05 12:56:00,Signed
1198,SHP0398,Transporter,Retail Store,Salem Hub,2026-08-05 14:03:00,Signed
1199,SHP0399,Warehouse,Distribution Center,Chennai Warehouse,2026-08-07 08:27:00,Signed
1200,SHP0399,Distribution Center,Retail Store,Kochi Hub,2026-08-07 08:43:00,Signed
1201,SHP0400,Warehouse,Distribution Center,Hyderabad DC,2026-08-03 08:21:00,Signed
1202,SHP0400,Distribution Center,Delivery Partner,Hyderabad DC,2026-08-03 08:45:00,Signed
1203,SHP0400,Delivery Partner,Distribution Center,Hyderabad DC,2026-08-03 09:50:00,Missing
1204,SHP0400,Distribution Center,Retail Store,Chennai Warehouse,2026-08-03 09:53:00,Signed
1205,SHP0401,Warehouse,Delivery Partner,Pune DC,2026-08-03 06:33:00,Signed
1206,SHP0401,Delivery Partner,Transporter,Bangalore DC,2026-08-03 07:05:00,Signed
1207,SHP0401,Transporter,Delivery Partner,Hyderabad DC,2026-08-03 08:41:00,Signed
1208,SHP0401,Delivery Partner,Retail Store,Hyderabad DC,2026-08-03 10:41:00,Signed
1209,SHP0402,Warehouse,Transporter,Coimbatore Hub,2026-08-03 09:24:00,Signed
1210,SHP0402,Transporter,Delivery Partner,Kochi Hub,2026-08-03 09:40:00,Signed
1211,SHP0402,Delivery Partner,Retail Store,Bangalore DC,2026-08-03 10:11:00,Signed
1212,SHP0403,Warehouse,Delivery Partner,Bangalore DC,2026-08-06 11:13:00,Signed
1213,SHP0403,Delivery Partner,Retail Store,Pune DC,2026-08-06 11:49:00,Signed
1214,SHP0404,Warehouse,Transporter,Pune DC,2026-08-05 09:09:00,Signed
1215,SHP0404,Transporter,Distribution Center,Hyderabad DC,2026-08-05 09:50:00,Signed
1216,SHP0404,Distribution Center,Transporter,Chennai Warehouse,2026-08-05 10:01:00,Signed
1217,SHP0404,Transporter,Retail Store,Madurai Store,2026-08-05 12:18:00,Signed
1218,SHP0405,Warehouse,Transporter,Pune DC,2026-08-03 07:24:00,Signed
1219,SHP0405,Transporter,Retail Store,Pune DC,2026-08-03 07:28:00,Signed
1220,SHP0406,Warehouse,Distribution Center,Hyderabad DC,2026-08-03 07:56:00,Signed
1221,SHP0406,Distribution Center,Distribution Center,Pune DC,2026-08-03 08:13:00,Signed
1222,SHP0406,Distribution Center,Retail Store,Salem Hub,2026-08-03 10:47:00,Signed
1223,SHP0407,Warehouse,Transporter,Salem Hub,2026-08-01 08:55:00,Missing
1224,SHP0407,Transporter,Transporter,Kochi Hub,2026-08-01 08:58:00,Signed
1225,SHP0407,Transporter,Transporter,Madurai Store,2026-08-01 09:42:00,Signed
1226,SHP0407,Transporter,Retail Store,Bangalore DC,2026-08-01 09:57:00,Signed
1227,SHP0408,Warehouse,Distribution Center,Salem Hub,2026-08-03 07:17:00,Signed
1228,SHP0408,Distribution Center,Delivery Partner,Kochi Hub,2026-08-03 07:36:00,Signed
1229,SHP0408,Delivery Partner,Delivery Partner,Coimbatore Hub,2026-08-03 07:59:00,Signed
1230,SHP0408,Delivery Partner,Retail Store,Kochi Hub,2026-08-03 09:16:00,Signed
1231,SHP0409,Warehouse,Transporter,Pune DC,2026-08-01 08:38:00,Signed
1232,SHP0409,Transporter,Delivery Partner,Pune DC,2026-08-01 08:48:00,Signed
1233,SHP0409,Delivery Partner,Retail Store,Pune DC,2026-08-01 09:40:00,Signed
1234,SHP0410,Warehouse,Distribution Center,Salem Hub,2026-08-07 09:48:00,Missing
1235,SHP0410,Distribution Center,Retail Store,Pune DC,2026-08-07 12:32:00,Signed
1236,SHP0411,Warehouse,Transporter,Chennai Warehouse,2026-08-04 08:37:00,Missing
1237,SHP0411,Transporter,Retail Store,Coimbatore Hub,2026-08-04 09:14:00,Signed
1238,SHP0412,Warehouse,Transporter,Pune DC,2026-08-07 11:09:00,Signed
1239,SHP0412,Transporter,Delivery Partner,Pune DC,2026-08-07 12:14:00,Signed
1240,SHP0412,Delivery Partner,Distribution Center,Madurai Store,2026-08-07 13:04:00,Signed
1241,SHP0412,Distribution Center,Retail Store,Coimbatore Hub,2026-08-07 13:47:00,Signed
1242,SHP0413,Warehouse,Transporter,Hyderabad DC,2026-08-05 09:30:00,Signed
1243,SHP0413,Transporter,Delivery Partner,Chennai Warehouse,2026-08-05 10:11:00,Signed
1244,SHP0413,Delivery Partner,Retail Store,Coimbatore Hub,2026-08-05 10:27:00,Signed
1245,SHP0414,Warehouse,Transporter,Hyderabad DC,2026-08-05 13:34:00,Signed
1246,SHP0414,Transporter,Distribution Center,Pune DC,2026-08-05 14:19:00,Signed
1247,SHP0414,Distribution Center,Retail Store,Coimbatore Hub,2026-08-05 16:09:00,Signed
1248,SHP0415,Warehouse,Transporter,Kochi Hub,2026-08-04 05:27:00,Signed
1249,SHP0415,Transporter,Delivery Partner,Hyderabad DC,2026-08-04 05:59:00,Signed
1250,SHP0415,Delivery Partner,Retail Store,Madurai Store,2026-08-04 06:09:00,Signed
1251,SHP0416,Warehouse,Delivery Partner,Coimbatore Hub,2026-08-05 11:54:00,Signed
1252,SHP0416,Delivery Partner,Transporter,Kochi Hub,2026-08-05 12:10:00,Signed
1253,SHP0416,Transporter,Retail Store,Madurai Store,2026-08-05 12:36:00,Signed
1254,SHP0417,Warehouse,Delivery Partner,Hyderabad DC,2026-08-05 10:46:00,Signed
1255,SHP0417,Delivery Partner,Delivery Partner,Chennai Warehouse,2026-08-05 11:06:00,Missing
1256,SHP0417,Delivery Partner,Retail Store,Pune DC,2026-08-05 11:56:00,Signed
1257,SHP0418,Warehouse,Distribution Center,Hyderabad DC,2026-08-07 06:35:00,Signed
1258,SHP0418,Distribution Center,Distribution Center,Coimbatore Hub,2026-08-07 06:49:00,Signed
1259,SHP0418,Distribution Center,Delivery Partner,Pune DC,2026-08-07 07:25:00,Missing
1260,SHP0418,Delivery Partner,Retail Store,Madurai Store,2026-08-07 07:45:00,Signed
1261,SHP0419,Warehouse,Transporter,Coimbatore Hub,2026-08-02 06:42:00,Signed
1262,SHP0419,Transporter,Delivery Partner,Pune DC,2026-08-02 06:44:00,Signed
1263,SHP0419,Delivery Partner,Transporter,Madurai Store,2026-08-02 06:53:00,Signed
1264,SHP0419,Transporter,Retail Store,Coimbatore Hub,2026-08-02 06:54:00,Signed
1265,SHP0420,Warehouse,Distribution Center,Chennai Warehouse,2026-08-07 08:42:00,Signed
1266,SHP0420,Distribution Center,Retail Store,Salem Hub,2026-08-07 12:38:00,Signed
1267,SHP0421,Warehouse,Transporter,Kochi Hub,2026-08-01 11:04:00,Signed
1268,SHP0421,Transporter,Transporter,Pune DC,2026-08-01 12:35:00,Signed
1269,SHP0421,Transporter,Retail Store,Pune DC,2026-08-01 12:48:00,Signed
1270,SHP0422,Warehouse,Distribution Center,Pune DC,2026-08-06 07:25:00,Signed
1271,SHP0422,Distribution Center,Retail Store,Bangalore DC,2026-08-06 08:26:00,Signed
1272,SHP0423,Warehouse,Transporter,Pune DC,2026-08-04 06:53:00,Signed
1273,SHP0423,Transporter,Distribution Center,Bangalore DC,2026-08-04 07:02:00,Signed
1274,SHP0423,Distribution Center,Retail Store,Pune DC,2026-08-04 08:05:00,Signed
1275,SHP0424,Warehouse,Transporter,Bangalore DC,2026-08-03 07:01:00,Signed
1276,SHP0424,Transporter,Transporter,Salem Hub,2026-08-03 08:20:00,Signed
1277,SHP0424,Transporter,Retail Store,Bangalore DC,2026-08-03 08:28:00,Signed
1278,SHP0425,Warehouse,Delivery Partner,Salem Hub,2026-08-03 12:33:00,Signed
1279,SHP0425,Delivery Partner,Distribution Center,Coimbatore Hub,2026-08-03 13:49:00,Signed
1280,SHP0425,Distribution Center,Retail Store,Bangalore DC,2026-08-03 14:26:00,Signed
1281,SHP0426,Warehouse,Delivery Partner,Coimbatore Hub,2026-08-02 09:08:00,Signed
1282,SHP0426,Delivery Partner,Retail Store,Pune DC,2026-08-02 09:47:00,Signed
1283,SHP0427,Warehouse,Transporter,Salem Hub,2026-08-03 07:51:00,Signed
1284,SHP0427,Transporter,Transporter,Kochi Hub,2026-08-03 09:29:00,Signed
1285,SHP0427,Transporter,Delivery Partner,Madurai Store,2026-08-03 09:33:00,Signed
1286,SHP0427,Delivery Partner,Retail Store,Coimbatore Hub,2026-08-03 09:37:00,Signed
1287,SHP0428,Warehouse,Transporter,Chennai Warehouse,2026-08-02 09:52:00,Signed
1288,SHP0428,Transporter,Transporter,Hyderabad DC,2026-08-02 10:02:00,Signed
1289,SHP0428,Transporter,Transporter,Hyderabad DC,2026-08-02 11:05:00,Signed
1290,SHP0428,Transporter,Retail Store,Hyderabad DC,2026-08-02 11:33:00,Signed
1291,SHP0429,Warehouse,Transporter,Bangalore DC,2026-08-01 11:06:00,Signed
1292,SHP0429,Transporter,Distribution Center,Coimbatore Hub,2026-08-01 12:27:00,Signed
1293,SHP0429,Distribution Center,Retail Store,Bangalore DC,2026-08-01 14:05:00,Signed
1294,SHP0430,Warehouse,Delivery Partner,Chennai Warehouse,2026-08-01 06:03:00,Signed
1295,SHP0430,Delivery Partner,Transporter,Salem Hub,2026-08-01 06:05:00,Signed
1296,SHP0430,Transporter,Delivery Partner,Salem Hub,2026-08-01 07:07:00,Signed
1297,SHP0430,Delivery Partner,Retail Store,Hyderabad DC,2026-08-01 07:35:00,Signed
1298,SHP0431,Warehouse,Distribution Center,Kochi Hub,2026-08-04 09:06:00,Signed
1299,SHP0431,Distribution Center,Retail Store,Hyderabad DC,2026-08-04 10:04:00,Signed
1300,SHP0432,Warehouse,Transporter,Hyderabad DC,2026-08-06 10:20:00,Signed
1301,SHP0432,Transporter,Transporter,Hyderabad DC,2026-08-06 10:30:00,Signed
1302,SHP0432,Transporter,Retail Store,Coimbatore Hub,2026-08-06 10:32:00,Signed
1303,SHP0433,Warehouse,Transporter,Madurai Store,2026-08-03 09:24:00,Signed
1304,SHP0433,Transporter,Retail Store,Salem Hub,2026-08-03 09:41:00,Signed
1305,SHP0434,Warehouse,Delivery Partner,Madurai Store,2026-08-07 07:56:00,Signed
1306,SHP0434,Delivery Partner,Distribution Center,Pune DC,2026-08-07 09:50:00,Missing
1307,SHP0434,Distribution Center,Transporter,Pune DC,2026-08-07 12:17:00,Missing
1308,SHP0434,Transporter,Retail Store,Salem Hub,2026-08-07 12:22:00,Signed
1309,SHP0435,Warehouse,Transporter,Chennai Warehouse,2026-08-01 08:12:00,Missing
1310,SHP0435,Transporter,Distribution Center,Hyderabad DC,2026-08-01 08:30:00,Signed
1311,SHP0435,Distribution Center,Distribution Center,Salem Hub,2026-08-01 09:14:00,Signed
1312,SHP0435,Distribution Center,Retail Store,Hyderabad DC,2026-08-01 10:01:00,Signed
1313,SHP0436,Warehouse,Distribution Center,Salem Hub,2026-08-06 09:35:00,Signed
1314,SHP0436,Distribution Center,Delivery Partner,Kochi Hub,2026-08-06 10:47:00,Signed
1315,SHP0436,Delivery Partner,Retail Store,Kochi Hub,2026-08-06 10:48:00,Signed
1316,SHP0437,Warehouse,Delivery Partner,Salem Hub,2026-08-07 08:11:00,Signed
1317,SHP0437,Delivery Partner,Transporter,Coimbatore Hub,2026-08-07 08:33:00,Signed
1318,SHP0437,Transporter,Distribution Center,Hyderabad DC,2026-08-07 10:13:00,Signed
1319,SHP0437,Distribution Center,Retail Store,Chennai Warehouse,2026-08-07 11:48:00,Signed
1320,SHP0438,Warehouse,Delivery Partner,Kochi Hub,2026-08-05 06:48:00,Signed
1321,SHP0438,Delivery Partner,Delivery Partner,Coimbatore Hub,2026-08-05 07:03:00,Signed
1322,SHP0438,Delivery Partner,Transporter,Coimbatore Hub,2026-08-05 07:21:00,Signed
1323,SHP0438,Transporter,Retail Store,Kochi Hub,2026-08-05 08:26:00,Signed
1324,SHP0439,Warehouse,Delivery Partner,Pune DC,2026-08-02 06:08:00,Signed
1325,SHP0439,Delivery Partner,Transporter,Chennai Warehouse,2026-08-02 07:23:00,Signed
1326,SHP0439,Transporter,Delivery Partner,Hyderabad DC,2026-08-02 07:46:00,Signed
1327,SHP0439,Delivery Partner,Retail Store,Coimbatore Hub,2026-08-02 08:37:00,Signed
1328,SHP0440,Warehouse,Transporter,Coimbatore Hub,2026-08-04 09:08:00,Signed
1329,SHP0440,Transporter,Retail Store,Hyderabad DC,2026-08-04 09:39:00,Signed
1330,SHP0441,Warehouse,Delivery Partner,Madurai Store,2026-08-04 10:20:00,Signed
1331,SHP0441,Delivery Partner,Distribution Center,Pune DC,2026-08-04 10:39:00,Signed
1332,SHP0441,Distribution Center,Transporter,Salem Hub,2026-08-04 11:12:00,Signed
1333,SHP0441,Transporter,Retail Store,Chennai Warehouse,2026-08-04 13:27:00,Signed
1334,SHP0442,Warehouse,Transporter,Kochi Hub,2026-08-02 08:45:00,Signed
1335,SHP0442,Transporter,Transporter,Chennai Warehouse,2026-08-02 09:11:00,Signed
1336,SHP0442,Transporter,Retail Store,Madurai Store,2026-08-02 09:46:00,Signed
1337,SHP0443,Warehouse,Transporter,Hyderabad DC,2026-08-04 08:33:00,Signed
1338,SHP0443,Transporter,Distribution Center,Hyderabad DC,2026-08-04 09:38:00,Signed
1339,SHP0443,Distribution Center,Distribution Center,Chennai Warehouse,2026-08-04 10:16:00,Signed
1340,SHP0443,Distribution Center,Retail Store,Pune DC,2026-08-04 10:42:00,Signed
1341,SHP0444,Warehouse,Distribution Center,Kochi Hub,2026-08-05 05:48:00,Signed
1342,SHP0444,Distribution Center,Retail Store,Coimbatore Hub,2026-08-05 05:50:00,Signed
1343,SHP0445,Warehouse,Delivery Partner,Chennai Warehouse,2026-08-07 07:29:00,Signed
1344,SHP0445,Delivery Partner,Transporter,Hyderabad DC,2026-08-07 08:39:00,Signed
1345,SHP0445,Transporter,Transporter,Pune DC,2026-08-07 09:03:00,Signed
1346,SHP0445,Transporter,Retail Store,Madurai Store,2026-08-07 09:34:00,Signed
1347,SHP0446,Warehouse,Distribution Center,Hyderabad DC,2026-08-07 09:01:00,Signed
1348,SHP0446,Distribution Center,Transporter,Chennai Warehouse,2026-08-07 09:29:00,Signed
1349,SHP0446,Transporter,Transporter,Salem Hub,2026-08-07 10:31:00,Signed
1350,SHP0446,Transporter,Retail Store,Chennai Warehouse,2026-08-07 11:23:00,Signed
1351,SHP0447,Warehouse,Delivery Partner,Salem Hub,2026-08-03 09:35:00,Missing
1352,SHP0447,Delivery Partner,Retail Store,Salem Hub,2026-08-03 10:39:00,Signed
1353,SHP0448,Warehouse,Delivery Partner,Kochi Hub,2026-08-03 06:01:00,Signed
1354,SHP0448,Delivery Partner,Distribution Center,Hyderabad DC,2026-08-03 06:14:00,Signed
1355,SHP0448,Distribution Center,Transporter,Salem Hub,2026-08-03 06:22:00,Missing
1356,SHP0448,Transporter,Retail Store,Bangalore DC,2026-08-03 06:56:00,Signed
1357,SHP0449,Warehouse,Distribution Center,Hyderabad DC,2026-08-02 07:00:00,Signed
1358,SHP0449,Distribution Center,Distribution Center,Salem Hub,2026-08-02 08:29:00,Signed
1359,SHP0449,Distribution Center,Retail Store,Kochi Hub,2026-08-02 12:08:00,Signed
1360,SHP0450,Warehouse,Delivery Partner,Chennai Warehouse,2026-08-01 09:51:00,Signed
1361,SHP0450,Delivery Partner,Distribution Center,Pune DC,2026-08-01 09:55:00,Missing
1362,SHP0450,Distribution Center,Distribution Center,Kochi Hub,2026-08-01 10:17:00,Signed
1363,SHP0450,Distribution Center,Retail Store,Madurai Store,2026-08-01 10:41:00,Signed
1364,SHP0451,Warehouse,Delivery Partner,Hyderabad DC,2026-08-03 11:29:00,Signed
1365,SHP0451,Delivery Partner,Retail Store,Kochi Hub,2026-08-03 11:50:00,Missing
1366,SHP0452,Warehouse,Delivery Partner,Kochi Hub,2026-08-06 08:36:00,Signed
1367,SHP0452,Delivery Partner,Delivery Partner,Hyderabad DC,2026-08-06 09:00:00,Signed
1368,SHP0452,Delivery Partner,Retail Store,Bangalore DC,2026-08-06 09:16:00,Signed
1369,SHP0453,Warehouse,Delivery Partner,Bangalore DC,2026-08-07 13:12:00,Signed
1370,SHP0453,Delivery Partner,Retail Store,Salem Hub,2026-08-07 14:19:00,Signed
1371,SHP0454,Warehouse,Transporter,Bangalore DC,2026-08-07 05:26:00,Signed
1372,SHP0454,Transporter,Distribution Center,Salem Hub,2026-08-07 06:52:00,Signed
1373,SHP0454,Distribution Center,Delivery Partner,Chennai Warehouse,2026-08-07 07:59:00,Signed
1374,SHP0454,Delivery Partner,Retail Store,Hyderabad DC,2026-08-07 08:13:00,Signed
1375,SHP0455,Warehouse,Transporter,Coimbatore Hub,2026-08-05 07:54:00,Signed
1376,SHP0455,Transporter,Retail Store,Madurai Store,2026-08-05 10:22:00,Signed
1377,SHP0456,Warehouse,Transporter,Hyderabad DC,2026-08-05 12:54:00,Signed
1378,SHP0456,Transporter,Retail Store,Hyderabad DC,2026-08-05 13:10:00,Signed
1379,SHP0457,Warehouse,Transporter,Madurai Store,2026-08-01 11:29:00,Signed
1380,SHP0457,Transporter,Retail Store,Salem Hub,2026-08-01 12:05:00,Signed
1381,SHP0458,Warehouse,Delivery Partner,Chennai Warehouse,2026-08-07 06:34:00,Signed
1382,SHP0458,Delivery Partner,Delivery Partner,Pune DC,2026-08-07 06:40:00,Signed
1383,SHP0458,Delivery Partner,Transporter,Hyderabad DC,2026-08-07 06:43:00,Signed
1384,SHP0458,Transporter,Retail Store,Chennai Warehouse,2026-08-07 06:54:00,Signed
1385,SHP0459,Warehouse,Distribution Center,Chennai Warehouse,2026-08-03 10:27:00,Signed
1386,SHP0459,Distribution Center,Delivery Partner,Bangalore DC,2026-08-03 10:41:00,Signed
1387,SHP0459,Delivery Partner,Retail Store,Salem Hub,2026-08-03 11:01:00,Missing
1388,SHP0460,Warehouse,Distribution Center,Madurai Store,2026-08-01 08:16:00,Signed
1389,SHP0460,Distribution Center,Retail Store,Bangalore DC,2026-08-01 08:20:00,Signed
1390,SHP0461,Warehouse,Distribution Center,Bangalore DC,2026-08-01 09:21:00,Missing
1391,SHP0461,Distribution Center,Delivery Partner,Kochi Hub,2026-08-01 09:25:00,Signed
1392,SHP0461,Delivery Partner,Transporter,Madurai Store,2026-08-01 09:55:00,Signed
1393,SHP0461,Transporter,Retail Store,Hyderabad DC,2026-08-01 09:56:00,Signed
1394,SHP0462,Warehouse,Distribution Center,Bangalore DC,2026-08-07 05:53:00,Signed
1395,SHP0462,Distribution Center,Transporter,Coimbatore Hub,2026-08-07 06:38:00,Signed
1396,SHP0462,Transporter,Retail Store,Pune DC,2026-08-07 06:48:00,Missing
1397,SHP0463,Warehouse,Delivery Partner,Coimbatore Hub,2026-08-03 06:39:00,Signed
1398,SHP0463,Delivery Partner,Retail Store,Coimbatore Hub,2026-08-03 08:27:00,Signed
1399,SHP0464,Warehouse,Transporter,Bangalore DC,2026-08-04 08:47:00,Signed
1400,SHP0464,Transporter,Retail Store,Kochi Hub,2026-08-04 09:04:00,Signed
1401,SHP0465,Warehouse,Delivery Partner,Chennai Warehouse,2026-08-04 07:03:00,Signed
1402,SHP0465,Delivery Partner,Retail Store,Madurai Store,2026-08-04 07:15:00,Signed
1403,SHP0466,Warehouse,Transporter,Bangalore DC,2026-08-04 08:44:00,Signed
1404,SHP0466,Transporter,Retail Store,Salem Hub,2026-08-04 11:35:00,Signed
1405,SHP0467,Warehouse,Transporter,Bangalore DC,2026-08-04 08:15:00,Missing
1406,SHP0467,Transporter,Delivery Partner,Hyderabad DC,2026-08-04 08:30:00,Signed
1407,SHP0467,Delivery Partner,Delivery Partner,Chennai Warehouse,2026-08-04 10:17:00,Signed
1408,SHP0467,Delivery Partner,Retail Store,Pune DC,2026-08-04 12:09:00,Signed
1409,SHP0468,Warehouse,Delivery Partner,Pune DC,2026-08-03 09:39:00,Signed
1410,SHP0468,Delivery Partner,Transporter,Hyderabad DC,2026-08-03 09:55:00,Signed
1411,SHP0468,Transporter,Retail Store,Hyderabad DC,2026-08-03 10:06:00,Signed
1412,SHP0469,Warehouse,Distribution Center,Kochi Hub,2026-08-07 10:40:00,Signed
1413,SHP0469,Distribution Center,Transporter,Coimbatore Hub,2026-08-07 11:53:00,Signed
1414,SHP0469,Transporter,Retail Store,Chennai Warehouse,2026-08-07 12:20:00,Signed
1415,SHP0470,Warehouse,Transporter,Chennai Warehouse,2026-08-01 08:58:00,Signed
1416,SHP0470,Transporter,Delivery Partner,Madurai Store,2026-08-01 10:04:00,Missing
1417,SHP0470,Delivery Partner,Retail Store,Kochi Hub,2026-08-01 11:18:00,Signed
1418,SHP0471,Warehouse,Distribution Center,Coimbatore Hub,2026-08-01 07:50:00,Signed
1419,SHP0471,Distribution Center,Distribution Center,Pune DC,2026-08-01 08:32:00,Signed
1420,SHP0471,Distribution Center,Transporter,Pune DC,2026-08-01 09:24:00,Signed
1421,SHP0471,Transporter,Retail Store,Kochi Hub,2026-08-01 09:52:00,Signed
1422,SHP0472,Warehouse,Delivery Partner,Bangalore DC,2026-08-01 07:13:00,Signed
1423,SHP0472,Delivery Partner,Retail Store,Madurai Store,2026-08-01 07:33:00,Signed
1424,SHP0473,Warehouse,Distribution Center,Bangalore DC,2026-08-02 08:11:00,Signed
1425,SHP0473,Distribution Center,Delivery Partner,Madurai Store,2026-08-02 10:21:00,Signed
1426,SHP0473,Delivery Partner,Distribution Center,Coimbatore Hub,2026-08-02 10:39:00,Signed
1427,SHP0473,Distribution Center,Retail Store,Kochi Hub,2026-08-02 11:48:00,Signed
1428,SHP0474,Warehouse,Distribution Center,Hyderabad DC,2026-08-06 11:58:00,Signed
1429,SHP0474,Distribution Center,Distribution Center,Coimbatore Hub,2026-08-06 12:19:00,Signed
1430,SHP0474,Distribution Center,Retail Store,Pune DC,2026-08-06 12:20:00,Signed
1431,SHP0475,Warehouse,Transporter,Bangalore DC,2026-08-07 06:10:00,Signed
1432,SHP0475,Transporter,Distribution Center,Coimbatore Hub,2026-08-07 06:29:00,Signed
1433,SHP0475,Distribution Center,Transporter,Hyderabad DC,2026-08-07 07:21:00,Signed
1434,SHP0475,Transporter,Retail Store,Coimbatore Hub,2026-08-07 07:26:00,Missing
1435,SHP0476,Warehouse,Transporter,Bangalore DC,2026-08-03 07:07:00,Signed
1436,SHP0476,Transporter,Distribution Center,Coimbatore Hub,2026-08-03 07:21:00,Signed
1437,SHP0476,Distribution Center,Transporter,Chennai Warehouse,2026-08-03 07:31:00,Signed
1438,SHP0476,Transporter,Retail Store,Coimbatore Hub,2026-08-03 07:33:00,Signed
1439,SHP0477,Warehouse,Transporter,Bangalore DC,2026-08-03 06:44:00,Signed
1440,SHP0477,Transporter,Retail Store,Bangalore DC,2026-08-03 08:28:00,Signed
1441,SHP0478,Warehouse,Transporter,Kochi Hub,2026-08-01 07:42:00,Signed
1442,SHP0478,Transporter,Delivery Partner,Pune DC,2026-08-01 08:13:00,Signed
1443,SHP0478,Delivery Partner,Retail Store,Chennai Warehouse,2026-08-01 10:28:00,Signed
1444,SHP0479,Warehouse,Distribution Center,Pune DC,2026-08-01 08:23:00,Missing
1445,SHP0479,Distribution Center,Delivery Partner,Coimbatore Hub,2026-08-01 08:25:00,Signed
1446,SHP0479,Delivery Partner,Retail Store,Kochi Hub,2026-08-01 10:06:00,Signed
1447,SHP0480,Warehouse,Delivery Partner,Pune DC,2026-08-07 12:02:00,Signed
1448,SHP0480,Delivery Partner,Distribution Center,Salem Hub,2026-08-07 12:40:00,Signed
1449,SHP0480,Distribution Center,Retail Store,Salem Hub,2026-08-07 12:47:00,Signed
1450,SHP0481,Warehouse,Distribution Center,Chennai Warehouse,2026-08-03 07:52:00,Signed
1451,SHP0481,Distribution Center,Delivery Partner,Salem Hub,2026-08-03 07:55:00,Signed
1452,SHP0481,Delivery Partner,Retail Store,Salem Hub,2026-08-03 08:30:00,Signed
1453,SHP0482,Warehouse,Transporter,Salem Hub,2026-08-03 06:52:00,Signed
1454,SHP0482,Transporter,Transporter,Pune DC,2026-08-03 07:19:00,Signed
1455,SHP0482,Transporter,Transporter,Kochi Hub,2026-08-03 07:25:00,Signed
1456,SHP0482,Transporter,Retail Store,Chennai Warehouse,2026-08-03 07:58:00,Signed
1457,SHP0483,Warehouse,Transporter,Bangalore DC,2026-08-03 08:50:00,Signed
1458,SHP0483,Transporter,Distribution Center,Chennai Warehouse,2026-08-03 09:32:00,Signed
1459,SHP0483,Distribution Center,Retail Store,Coimbatore Hub,2026-08-03 10:01:00,Signed
1460,SHP0484,Warehouse,Transporter,Bangalore DC,2026-08-05 05:36:00,Signed
1461,SHP0484,Transporter,Transporter,Hyderabad DC,2026-08-05 05:47:00,Signed
1462,SHP0484,Transporter,Transporter,Salem Hub,2026-08-05 05:49:00,Signed
1463,SHP0484,Transporter,Retail Store,Pune DC,2026-08-05 06:06:00,Signed
1464,SHP0485,Warehouse,Transporter,Pune DC,2026-08-07 08:01:00,Signed
1465,SHP0485,Transporter,Delivery Partner,Madurai Store,2026-08-07 08:20:00,Signed
1466,SHP0485,Delivery Partner,Retail Store,Bangalore DC,2026-08-07 08:45:00,Signed
1467,SHP0486,Warehouse,Transporter,Chennai Warehouse,2026-08-05 10:46:00,Signed
1468,SHP0486,Transporter,Distribution Center,Bangalore DC,2026-08-05 11:07:00,Signed
1469,SHP0486,Distribution Center,Retail Store,Madurai Store,2026-08-05 11:12:00,Signed
1470,SHP0487,Warehouse,Transporter,Hyderabad DC,2026-08-06 06:15:00,Signed
1471,SHP0487,Transporter,Transporter,Kochi Hub,2026-08-06 07:43:00,Signed
1472,SHP0487,Transporter,Delivery Partner,Kochi Hub,2026-08-06 08:44:00,Signed
1473,SHP0487,Delivery Partner,Retail Store,Hyderabad DC,2026-08-06 09:35:00,Signed
1474,SHP0488,Warehouse,Distribution Center,Chennai Warehouse,2026-08-05 12:25:00,Signed
1475,SHP0488,Distribution Center,Transporter,Madurai Store,2026-08-05 12:43:00,Signed
1476,SHP0488,Transporter,Retail Store,Pune DC,2026-08-05 13:11:00,Signed
1477,SHP0489,Warehouse,Distribution Center,Kochi Hub,2026-08-07 11:52:00,Signed
1478,SHP0489,Distribution Center,Retail Store,Kochi Hub,2026-08-07 11:54:00,Missing
1479,SHP0490,Warehouse,Delivery Partner,Kochi Hub,2026-08-02 07:19:00,Signed
1480,SHP0490,Delivery Partner,Retail Store,Kochi Hub,2026-08-02 08:17:00,Signed
1481,SHP0491,Warehouse,Distribution Center,Chennai Warehouse,2026-08-02 10:32:00,Signed
1482,SHP0491,Distribution Center,Delivery Partner,Salem Hub,2026-08-02 11:19:00,Signed
1483,SHP0491,Delivery Partner,Retail Store,Pune DC,2026-08-02 11:23:00,Signed
1484,SHP0492,Warehouse,Delivery Partner,Pune DC,2026-08-01 09:07:00,Signed
1485,SHP0492,Delivery Partner,Delivery Partner,Hyderabad DC,2026-08-01 09:13:00,Signed
1486,SHP0492,Delivery Partner,Distribution Center,Pune DC,2026-08-01 09:29:00,Signed
1487,SHP0492,Distribution Center,Retail Store,Salem Hub,2026-08-01 09:36:00,Signed
1488,SHP0493,Warehouse,Transporter,Hyderabad DC,2026-08-01 10:03:00,Signed
1489,SHP0493,Transporter,Delivery Partner,Bangalore DC,2026-08-01 11:28:00,Signed
1490,SHP0493,Delivery Partner,Delivery Partner,Bangalore DC,2026-08-01 12:10:00,Signed
1491,SHP0493,Delivery Partner,Retail Store,Pune DC,2026-08-01 12:55:00,Signed
1492,SHP0494,Warehouse,Distribution Center,Madurai Store,2026-08-05 06:54:00,Signed
1493,SHP0494,Distribution Center,Distribution Center,Pune DC,2026-08-05 07:06:00,Signed
1494,SHP0494,Distribution Center,Retail Store,Chennai Warehouse,2026-08-05 07:21:00,Signed
1495,SHP0495,Warehouse,Delivery Partner,Chennai Warehouse,2026-08-02 08:49:00,Signed
1496,SHP0495,Delivery Partner,Delivery Partner,Madurai Store,2026-08-02 10:27:00,Signed
1497,SHP0495,Delivery Partner,Transporter,Chennai Warehouse,2026-08-02 10:35:00,Signed
1498,SHP0495,Transporter,Retail Store,Bangalore DC,2026-08-02 11:38:00,Signed
1499,SHP0496,Warehouse,Distribution Center,Bangalore DC,2026-08-06 11:45:00,Signed
1500,SHP0496,Distribution Center,Retail Store,Coimbatore Hub,2026-08-06 11:55:00,Signed
1501,SHP0497,Warehouse,Delivery Partner,Madurai Store,2026-08-02 08:07:00,Signed
1502,SHP0497,Delivery Partner,Delivery Partner,Coimbatore Hub,2026-08-02 08:24:00,Signed
1503,SHP0497,Delivery Partner,Distribution Center,Madurai Store,2026-08-02 08:26:00,Signed
1504,SHP0497,Distribution Center,Retail Store,Coimbatore Hub,2026-08-02 10:23:00,Signed
1505,SHP0498,Warehouse,Distribution Center,Madurai Store,2026-08-05 08:05:00,Signed
1506,SHP0498,Distribution Center,Retail Store,Coimbatore Hub,2026-08-05 08:12:00,Signed
1507,SHP0499,Warehouse,Delivery Partner,Kochi Hub,2026-08-06 11:16:00,Signed
1508,SHP0499,Delivery Partner,Distribution Center,Coimbatore Hub,2026-08-06 11:55:00,Signed
1509,SHP0499,Distribution Center,Retail Store,Coimbatore Hub,2026-08-06 13:51:00,Signed
1510,SHP0500,Warehouse,Transporter,Kochi Hub,2026-08-01 08:03:00,Missing
1511,SHP0500,Transporter,Retail Store,Salem Hub,2026-08-01 08:10:00,Signed
