shipment_id,vehicle_id,vehicle_type,capacity_kg,product_name,product_type,product_min_temp,product_max_temp,batch_quantity,expiry_date,departure_date,origin,destination,journey_duration_min,shipment_status,overall_compliance,temperature_status,sensor_reliability,custody_evidence_quality,route_reliability,total_readings,missing_readings,offline_readings,avg_temperature_c,obs_min_temp,obs_max_temp,stddev_temperature_c,avg_battery_level,avg_signal_strength,total_events,traffic_delay_events,route_deviation_events,total_delay_minutes,total_handovers,signed_handovers,missing_signatures,signature_rate_pct
SHP0001,V058,Refrigerated Van,500.0,Frozen French Fries,Frozen,-25.0,-18.0,78,2026-08-22,2026-08-01,Kochi,Hyderabad,106.0,Completed,Review,Warning,Valid,Complete,Normal,22,0,4,-20.326,-21.77,-5.22,3.397,85.27,66.91,8,0,0,0,3,3,0,100.0
SHP0002,V004,Refrigerated Van,500.0,Frozen French Fries,Frozen,-25.0,-18.0,151,2026-08-28,2026-08-07,Bangalore,Chennai,99.0,Completed,Non-Compliant,Compliant,Review,Review,Normal,20,1,0,-21.118,-21.78,-20.26,0.376,84.0,80.15,5,0,0,0,4,2,2,50.0
SHP0003,V046,Refrigerated Van,1200.0,Yogurt,Chilled,2.0,8.0,78,2026-08-28,2026-08-04,Coimbatore,Bengaluru,287.0,Completed,Review,Compliant,Valid,Review,Delayed,58,0,0,4.982,3.95,5.63,0.355,87.67,83.88,8,2,0,60,4,3,1,75.0
SHP0004,V099,Refrigerated Van,500.0,Frozen Mixed Vegetables,Frozen,-25.0,-18.0,75,2026-08-22,2026-08-05,Chennai,Madurai,276.0,Completed,Compliant,Compliant,Valid,Complete,Normal,56,0,0,-21.016,-21.77,-20.01,0.388,85.45,84.52,5,0,0,0,2,2,0,100.0
SHP0005,V072,Refrigerated Van,1000.0,Frozen Mixed Vegetables,Frozen,-25.0,-18.0,212,2026-08-16,2026-08-04,Coimbatore,Pune,256.0,Completed,Review,Compliant,Valid,Review,Delayed,52,1,0,-20.953,-21.61,-19.91,0.374,85.73,84.38,7,2,0,52,4,2,2,50.0
SHP0006,V043,Refrigerated Van,1000.0,Frozen Peas,Frozen,-25.0,-18.0,144,2026-08-07,2026-08-06,Bangalore,Madurai,213.0,Completed,Non-Compliant,Critical,Valid,Complete,Delayed,43,0,0,-20.478,-21.81,-15.03,1.561,87.83,84.84,8,1,0,39,3,3,0,100.0
SHP0007,V053,Refrigerated Van,1000.0,Fresh Cream,Chilled,2.0,8.0,81,2026-08-29,2026-08-04,Coimbatore,Salem,133.0,Completed,Non-Compliant,Critical,Valid,Review,Delayed,27,0,0,5.927,4.39,11.69,2.204,84.83,86.22,6,1,0,48,3,2,1,66.67
SHP0008,V046,Refrigerated Van,1200.0,Frozen Mixed Vegetables,Frozen,-25.0,-18.0,292,2026-08-17,2026-08-05,Bangalore,Mumbai,144.0,Completed,Non-Compliant,Critical,Valid,Complete,Delayed,29,0,0,-20.277,-21.78,-16.0,1.703,84.02,83.31,6,1,0,42,2,2,0,100.0
SHP0009,V020,Refrigerated Truck,1500.0,Fresh Milk,Chilled,2.0,8.0,279,2026-08-24,2026-08-07,Pune,Madurai,137.0,Completed,Review,Compliant,Review,Complete,Normal,28,0,0,5.094,4.51,5.84,0.318,84.54,84.11,5,0,0,0,4,4,0,100.0
SHP0010,V028,Refrigerated Van,1000.0,Fresh Milk,Chilled,2.0,8.0,235,2026-08-30,2026-08-03,Salem,Bengaluru,171.0,Completed,Non-Compliant,Critical,Valid,Complete,Delayed,35,0,0,5.547,4.42,10.73,1.777,86.15,85.03,6,1,0,20,3,3,0,100.0
SHP0011,V099,Refrigerated Van,500.0,Fresh Milk,Chilled,2.0,8.0,241,2026-08-15,2026-08-07,Bangalore,Coimbatore,256.0,Completed,Compliant,Compliant,Valid,Complete,Normal,52,0,4,5.071,4.15,5.88,0.437,83.31,78.85,6,0,0,0,3,3,0,100.0
SHP0012,V096,Refrigerated Truck,2000.0,Yogurt,Chilled,2.0,8.0,242,2026-08-09,2026-08-02,Madurai,Salem,131.0,Completed,Review,Compliant,Review,Complete,Normal,27,0,0,4.933,4.17,5.65,0.443,86.38,84.07,8,0,0,0,3,3,0,100.0
SHP0013,V060,Refrigerated Van,1000.0,Fresh Cream,Chilled,2.0,8.0,295,2026-08-28,2026-08-02,Hyderabad,Kochi,187.0,Completed,Non-Compliant,Critical,Valid,Review,Normal,38,0,0,5.609,4.36,11.75,1.913,84.85,83.97,5,0,0,0,2,1,1,50.0
SHP0014,V052,Refrigerated Truck,1500.0,Cheese,Chilled,2.0,8.0,243,2026-08-30,2026-08-03,Mumbai,Bengaluru,205.0,Completed,Compliant,Compliant,Valid,Complete,Normal,42,0,0,4.942,4.28,5.76,0.377,84.77,85.95,7,0,0,0,3,3,0,100.0
SHP0015,V002,Refrigerated Truck,2000.0,Fresh Paneer,Chilled,2.0,8.0,145,2026-08-30,2026-08-05,Chennai,Kochi,320.0,Completed,Non-Compliant,Critical,Valid,Complete,Deviation,65,0,0,5.346,4.01,11.32,1.381,84.47,84.65,8,1,1,30,2,2,0,100.0
SHP0016,V041,Refrigerated Truck,2000.0,Frozen Mixed Vegetables,Frozen,-25.0,-18.0,250,2026-08-11,2026-08-06,Hyderabad,Salem,87.0,Completed,Compliant,Compliant,Valid,Complete,Normal,18,0,0,-20.958,-21.71,-20.25,0.414,84.17,81.67,6,0,0,0,4,4,0,100.0
SHP0017,V100,Refrigerated Truck,1500.0,Fresh Cream,Chilled,2.0,8.0,214,2026-08-14,2026-08-06,Hyderabad,Pune,183.0,Completed,Compliant,Compliant,Valid,Complete,Delayed,37,0,0,4.981,3.92,5.98,0.448,85.42,84.16,6,1,0,25,4,4,0,100.0
SHP0018,V062,Refrigerated Truck,3000.0,Frozen French Fries,Frozen,-25.0,-18.0,186,2026-08-09,2026-08-07,Pune,Bengaluru,66.0,Completed,Compliant,Compliant,Valid,Complete,Delayed,14,0,0,-20.891,-21.44,-19.97,0.396,79.84,91.21,7,1,0,34,3,3,0,100.0
SHP0019,V031,Refrigerated Van,750.0,Yogurt,Chilled,2.0,8.0,201,2026-08-29,2026-08-01,Madurai,Coimbatore,351.0,Completed,Non-Compliant,Critical,Valid,Complete,Normal,71,0,0,5.282,3.94,11.64,1.436,82.74,83.56,6,0,0,0,3,3,0,100.0
SHP0020,V011,Refrigerated Van,750.0,Fresh Paneer,Chilled,2.0,8.0,163,2026-08-23,2026-08-06,Salem,Madurai,148.0,Completed,Compliant,Compliant,Valid,Complete,Normal,30,0,0,5.012,4.26,6.05,0.447,86.04,86.6,8,0,0,0,3,3,0,100.0
SHP0021,V097,Refrigerated Truck,2000.0,Fresh Cream,Chilled,2.0,8.0,25,2026-08-20,2026-08-01,Pune,Bangalore,94.0,Completed,Compliant,Compliant,Valid,Complete,Normal,19,0,0,5.063,4.37,5.72,0.378,86.63,84.95,5,0,0,0,4,4,0,100.0
SHP0022,V002,Refrigerated Truck,2000.0,Frozen Peas,Frozen,-25.0,-18.0,143,2026-08-27,2026-08-03,Chennai,Kochi,90.0,Completed,Non-Compliant,Critical,Valid,Complete,Normal,19,0,0,-19.988,-21.51,-15.6,1.885,88.26,87.84,6,0,0,0,2,2,0,100.0
SHP0023,V037,Refrigerated Truck,2500.0,Cheese,Chilled,2.0,8.0,143,2026-08-26,2026-08-04,Salem,Mumbai,316.0,Completed,Compliant,Compliant,Valid,Complete,Normal,64,0,0,5.041,4.39,5.98,0.376,85.59,83.66,8,0,0,0,2,2,0,100.0
SHP0024,V092,Refrigerated Van,500.0,Cheese,Chilled,2.0,8.0,249,2026-08-29,2026-08-04,Salem,Bangalore,335.0,Completed,Compliant,Compliant,Valid,Complete,Normal,68,0,0,5.118,4.12,6.01,0.384,85.75,82.97,6,0,0,0,4,4,0,100.0
SHP0025,V010,Refrigerated Truck,2500.0,Frozen Peas,Frozen,-25.0,-18.0,170,2026-08-11,2026-08-06,Bengaluru,Coimbatore,218.0,Completed,Review,Warning,Review,Complete,Normal,44,0,0,-20.602,-21.97,-3.3,2.697,84.58,84.14,5,0,0,0,4,4,0,100.0
SHP0026,V026,Refrigerated Truck,2500.0,Yogurt,Chilled,2.0,8.0,176,2026-08-25,2026-08-07,Bangalore,Mumbai,139.0,Completed,Compliant,Compliant,Valid,Complete,Normal,28,1,4,5.023,4.18,5.72,0.377,82.74,75.07,6,0,0,0,3,3,0,100.0
SHP0027,V019,Refrigerated Truck,1500.0,Cheese,Chilled,2.0,8.0,291,2026-08-15,2026-08-05,Mumbai,Madurai,93.0,Completed,Review,Compliant,Review,Complete,Normal,19,1,0,5.205,4.72,5.86,0.393,86.1,86.11,7,0,0,0,3,3,0,100.0
SHP0028,V007,Refrigerated Van,750.0,Fresh Cream,Chilled,2.0,8.0,189,2026-08-15,2026-08-06,Kochi,Salem,182.0,Completed,Compliant,Compliant,Valid,Complete,Normal,37,0,0,5.026,3.86,5.67,0.403,86.48,81.68,6,0,0,0,2,2,0,100.0
SHP0029,V032,Refrigerated Van,1200.0,Fresh Paneer,Chilled,2.0,8.0,176,2026-08-12,2026-08-01,Chennai,Hyderabad,282.0,Completed,Compliant,Compliant,Valid,Complete,Delayed,57,0,0,5.046,3.84,5.96,0.407,84.55,84.91,8,1,0,31,3,3,0,100.0
SHP0030,V083,Refrigerated Van,1000.0,Frozen Peas,Frozen,-25.0,-18.0,118,2026-08-14,2026-08-06,Bangalore,Pune,88.0,Completed,Review,Compliant,Valid,Complete,Deviation,18,0,0,-20.826,-21.46,-20.35,0.341,79.17,83.28,8,1,1,13,4,4,0,100.0
SHP0031,V080,Refrigerated Van,750.0,Frozen Paneer,Frozen,-25.0,-18.0,114,2026-08-10,2026-08-07,Kochi,Coimbatore,130.0,Completed,Compliant,Compliant,Valid,Complete,Normal,27,0,4,-21.064,-22.0,-20.08,0.524,86.55,75.85,6,0,0,0,2,2,0,100.0
SHP0032,V036,Refrigerated Van,1000.0,Frozen French Fries,Frozen,-25.0,-18.0,161,2026-08-27,2026-08-03,Chennai,Coimbatore,327.0,Completed,Compliant,Compliant,Valid,Complete,Normal,66,0,0,-20.975,-21.68,-20.02,0.38,86.05,87.71,5,0,0,0,3,3,0,100.0
SHP0033,V040,Refrigerated Truck,3000.0,Fresh Milk,Chilled,2.0,8.0,119,2026-08-13,2026-08-01,Mumbai,Kochi,124.0,Completed,Review,Compliant,Valid,Complete,Deviation,25,0,0,4.99,4.2,6.03,0.456,84.35,84.8,7,0,1,0,2,2,0,100.0
SHP0034,V045,Refrigerated Truck,2000.0,Frozen Mixed Vegetables,Frozen,-25.0,-18.0,111,2026-08-13,2026-08-05,Kochi,Bangalore,279.0,Completed,Non-Compliant,Warning,Review,Review,Normal,56,0,0,-20.669,-21.86,-4.34,2.251,84.88,85.13,5,0,0,0,4,3,1,75.0
SHP0035,V063,Refrigerated Van,500.0,Frozen Paneer,Frozen,-25.0,-18.0,84,2026-08-12,2026-08-06,Kochi,Mumbai,355.0,Completed,Review,Warning,Valid,Complete,Normal,72,0,0,-20.784,-22.04,-2.82,2.185,84.37,84.96,6,0,0,0,3,3,0,100.0
SHP0036,V090,Refrigerated Truck,3000.0,Frozen Peas,Frozen,-25.0,-18.0,169,2026-08-26,2026-08-05,Bangalore,Pune,244.0,Completed,Review,Compliant,Review,Complete,Normal,49,0,0,-20.921,-21.79,-20.13,0.397,86.05,84.41,5,0,0,0,4,4,0,100.0
SHP0037,V026,Refrigerated Truck,2500.0,Frozen French Fries,Frozen,-25.0,-18.0,72,2026-08-31,2026-08-01,Chennai,Pune,248.0,Completed,Compliant,Compliant,Valid,Complete,Delayed,50,0,0,-20.919,-21.7,-19.96,0.348,87.17,83.9,6,1,0,44,3,3,0,100.0
SHP0038,V088,Refrigerated Van,500.0,Frozen Paneer,Frozen,-25.0,-18.0,165,2026-08-19,2026-08-06,Coimbatore,Kochi,353.0,Completed,Review,Compliant,Valid,Review,Deviation,71,1,0,-20.949,-22.15,-19.98,0.454,86.84,85.73,7,1,1,34,2,1,1,50.0
SHP0039,V042,Refrigerated Truck,2000.0,Cheese,Chilled,2.0,8.0,194,2026-08-09,2026-08-05,Bangalore,Hyderabad,61.0,Completed,Compliant,Compliant,Valid,Complete,Delayed,13,0,0,4.963,4.03,5.6,0.406,81.2,82.46,6,1,0,50,4,4,0,100.0
SHP0040,V072,Refrigerated Van,1000.0,Frozen Mixed Vegetables,Frozen,-25.0,-18.0,264,2026-08-07,2026-08-02,Chennai,Hyderabad,246.0,Completed,Non-Compliant,Critical,Valid,Complete,Delayed,50,1,4,-20.651,-21.95,-15.43,1.397,84.26,77.9,8,1,0,18,3,3,0,100.0
SHP0041,V086,Refrigerated Van,1200.0,Frozen French Fries,Frozen,-25.0,-18.0,271,2026-08-06,2026-08-01,Salem,Coimbatore,78.0,Completed,Review,Compliant,Valid,Complete,Deviation,16,1,0,-20.935,-21.58,-20.25,0.373,81.17,89.06,7,0,1,0,3,3,0,100.0
SHP0042,V091,Refrigerated Truck,1500.0,Frozen Corn,Frozen,-25.0,-18.0,96,2026-08-29,2026-08-06,Mumbai,Salem,187.0,Completed,Review,Compliant,Valid,Review,Delayed,38,0,0,-20.916,-21.85,-19.96,0.387,86.63,84.58,6,2,0,67,4,3,1,75.0
SHP0043,V021,Refrigerated Truck,2500.0,Fresh Milk,Chilled,2.0,8.0,147,2026-08-07,2026-08-01,Salem,Madurai,99.0,Completed,Review,Compliant,Review,Complete,Normal,20,0,0,5.045,4.53,5.65,0.331,85.69,85.0,7,0,0,0,3,3,0,100.0
SHP0044,V070,Refrigerated Van,1000.0,Fresh Cream,Chilled,2.0,8.0,135,2026-08-28,2026-08-03,Bengaluru,Madurai,86.0,Completed,Compliant,Compliant,Valid,Complete,Normal,18,1,4,5.129,4.46,5.78,0.36,87.87,65.83,6,0,0,0,4,4,0,100.0
SHP0045,V008,Refrigerated Van,750.0,Cheese,Chilled,2.0,8.0,246,2026-08-13,2026-08-01,Coimbatore,Hyderabad,265.0,Completed,Review,Compliant,Review,Complete,Normal,54,0,0,5.061,3.92,5.74,0.394,84.12,83.83,8,0,0,0,2,2,0,100.0
SHP0046,V083,Refrigerated Van,1000.0,Fresh Paneer,Chilled,2.0,8.0,50,2026-08-23,2026-08-04,Bangalore,Pune,219.0,Completed,Review,Compliant,Valid,Review,Deviation,44,0,0,4.9,4.25,5.87,0.388,82.25,83.52,8,0,1,0,3,2,1,66.67
SHP0047,V002,Refrigerated Truck,2000.0,Frozen Corn,Frozen,-25.0,-18.0,128,2026-08-12,2026-08-02,Madurai,Bangalore,64.0,Completed,Review,Warning,Valid,Complete,Normal,13,0,0,-19.781,-21.86,-3.72,4.839,82.57,84.92,7,0,0,0,2,2,0,100.0
SHP0048,V047,Refrigerated Van,500.0,Frozen Corn,Frozen,-25.0,-18.0,142,2026-08-09,2026-08-06,Madurai,Hyderabad,215.0,Completed,Review,Compliant,Review,Complete,Normal,44,0,0,-20.978,-21.75,-20.29,0.319,84.56,84.64,5,0,0,0,2,2,0,100.0
SHP0049,V100,Refrigerated Truck,1500.0,Frozen Corn,Frozen,-25.0,-18.0,21,2026-08-17,2026-08-01,Bengaluru,Hyderabad,312.0,Completed,Review,Compliant,Valid,Review,Normal,63,0,4,-21.02,-21.79,-20.11,0.401,83.83,80.63,8,0,0,0,2,1,1,50.0
SHP0050,V099,Refrigerated Van,500.0,Fresh Cream,Chilled,2.0,8.0,260,2026-08-13,2026-08-04,Hyderabad,Mumbai,63.0,Completed,Compliant,Compliant,Valid,Complete,Normal,13,0,0,5.058,3.99,6.06,0.564,87.36,88.69,6,0,0,0,4,4,0,100.0
SHP0051,V059,Refrigerated Truck,2000.0,Frozen Corn,Frozen,-25.0,-18.0,167,2026-08-26,2026-08-02,Salem,Chennai,237.0,Completed,Review,Compliant,Valid,Review,Deviation,48,0,0,-20.958,-22.18,-19.74,0.397,84.69,82.31,8,0,1,0,4,3,1,75.0
SHP0052,V045,Refrigerated Truck,2000.0,Cheese,Chilled,2.0,8.0,56,2026-08-25,2026-08-06,Chennai,Madurai,252.0,Completed,Non-Compliant,Critical,Review,Review,Deviation,51,0,0,5.415,3.79,11.23,1.508,86.24,84.25,8,0,1,0,2,1,1,50.0
SHP0053,V018,Refrigerated Truck,1500.0,Frozen Mixed Vegetables,Frozen,-25.0,-18.0,121,2026-08-17,2026-08-06,Kochi,Bangalore,181.0,Completed,Compliant,Compliant,Valid,Complete,Normal,37,0,0,-21.033,-21.98,-20.43,0.331,83.95,82.81,7,0,0,0,4,4,0,100.0
SHP0054,V091,Refrigerated Truck,1500.0,Frozen Paneer,Frozen,-25.0,-18.0,135,2026-08-24,2026-08-07,Salem,Pune,203.0,Completed,Compliant,Compliant,Valid,Complete,Normal,41,0,0,-21.049,-21.92,-20.34,0.36,85.01,86.07,7,0,0,0,3,3,0,100.0
SHP0055,V007,Refrigerated Van,750.0,Frozen Mixed Vegetables,Frozen,-25.0,-18.0,92,2026-08-06,2026-08-01,Bangalore,Chennai,326.0,Completed,Non-Compliant,Critical,Valid,Complete,Delayed,66,0,4,-20.684,-22.02,-15.08,1.227,86.78,80.29,7,1,0,33,4,4,0,100.0
SHP0056,V053,Refrigerated Van,1000.0,Frozen Corn,Frozen,-25.0,-18.0,177,2026-08-23,2026-08-02,Salem,Madurai,103.0,Completed,Compliant,Compliant,Valid,Complete,Normal,21,0,0,-20.987,-21.88,-20.19,0.452,85.69,88.1,5,0,0,0,2,2,0,100.0
SHP0057,V017,Refrigerated Truck,2500.0,Cheese,Chilled,2.0,8.0,83,2026-08-18,2026-08-01,Bengaluru,Bangalore,261.0,Completed,Non-Compliant,Critical,Valid,Complete,Normal,53,0,0,5.41,4.21,11.39,1.51,87.08,84.25,5,0,0,0,2,2,0,100.0
SHP0058,V071,Refrigerated Truck,2000.0,Cheese,Chilled,2.0,8.0,159,2026-08-20,2026-08-05,Bangalore,Bengaluru,282.0,Completed,Review,Warning,Review,Complete,Normal,57,0,0,4.914,-1.92,6.24,1.007,85.69,84.18,7,0,0,0,3,3,0,100.0
SHP0059,V041,Refrigerated Truck,2000.0,Cheese,Chilled,2.0,8.0,61,2026-08-23,2026-08-02,Coimbatore,Hyderabad,221.0,Completed,Compliant,Compliant,Valid,Complete,Normal,45,0,0,5.041,4.14,5.67,0.321,84.61,82.58,5,0,0,0,4,4,0,100.0
SHP0060,V045,Refrigerated Truck,2000.0,Frozen French Fries,Frozen,-25.0,-18.0,185,2026-08-23,2026-08-01,Salem,Madurai,199.0,Completed,Review,Compliant,Valid,Review,Normal,40,0,0,-21.147,-21.74,-20.39,0.381,87.7,85.48,5,0,0,0,3,2,1,66.67
SHP0061,V049,Refrigerated Van,1200.0,Fresh Milk,Chilled,2.0,8.0,66,2026-08-11,2026-08-02,Hyderabad,Bangalore,359.0,Completed,Review,Compliant,Valid,Review,Normal,72,0,0,5.031,4.36,5.7,0.333,83.2,85.19,6,0,0,0,2,1,1,50.0
SHP0062,V016,Refrigerated Truck,1500.0,Frozen Mixed Vegetables,Frozen,-25.0,-18.0,40,2026-08-28,2026-08-04,Bangalore,Coimbatore,290.0,Completed,Non-Compliant,Critical,Valid,Complete,Normal,59,0,0,-20.644,-21.89,-15.14,1.207,85.34,85.08,7,0,0,0,2,2,0,100.0
SHP0063,V017,Refrigerated Truck,2500.0,Frozen French Fries,Frozen,-25.0,-18.0,285,2026-08-24,2026-08-02,Pune,Madurai,334.0,Completed,Compliant,Compliant,Valid,Complete,Normal,67,0,0,-21.014,-22.05,-19.95,0.431,83.41,83.79,6,0,0,0,2,2,0,100.0
SHP0064,V080,Refrigerated Van,750.0,Fresh Paneer,Chilled,2.0,8.0,112,2026-08-22,2026-08-04,Madurai,Hyderabad,297.0,Completed,Non-Compliant,Critical,Valid,Complete,Delayed,60,0,0,5.406,4.12,11.64,1.457,83.61,85.35,7,1,0,55,2,2,0,100.0
SHP0065,V033,Refrigerated Truck,2500.0,Cheese,Chilled,2.0,8.0,66,2026-08-19,2026-08-01,Kochi,Bangalore,215.0,Completed,Non-Compliant,Critical,Valid,Complete,Normal,44,0,0,5.504,4.21,11.93,1.727,85.47,84.3,5,0,0,0,2,2,0,100.0
SHP0066,V061,Refrigerated Van,500.0,Cheese,Chilled,2.0,8.0,190,2026-08-14,2026-08-02,Bengaluru,Chennai,227.0,Completed,Non-Compliant,Compliant,Review,Review,Delayed,46,0,0,5.143,3.99,5.8,0.424,81.4,85.43,5,1,0,39,3,2,1,66.67
SHP0067,V028,Refrigerated Van,1000.0,Frozen Corn,Frozen,-25.0,-18.0,188,2026-08-17,2026-08-01,Coimbatore,Bangalore,242.0,Completed,Non-Compliant,Critical,Valid,Complete,Delayed,49,0,0,-20.686,-21.52,-15.06,1.301,85.52,85.14,5,1,0,25,4,4,0,100.0
SHP0068,V061,Refrigerated Van,500.0,Fresh Paneer,Chilled,2.0,8.0,225,2026-08-30,2026-08-06,Salem,Mumbai,213.0,Completed,Non-Compliant,Compliant,Review,Review,Delayed,43,0,4,5.043,4.23,6.08,0.437,85.18,76.51,6,1,0,48,4,3,1,75.0
SHP0069,V083,Refrigerated Van,1000.0,Frozen French Fries,Frozen,-25.0,-18.0,65,2026-08-14,2026-08-01,Kochi,Coimbatore,291.0,Completed,Review,Warning,Valid,Review,Normal,59,0,0,-20.779,-22.1,-3.04,2.393,86.46,86.44,6,0,0,0,3,2,1,66.67
SHP0070,V059,Refrigerated Truck,2000.0,Fresh Paneer,Chilled,2.0,8.0,79,2026-08-28,2026-08-05,Mumbai,Hyderabad,112.0,Completed,Non-Compliant,Critical,Valid,Complete,Normal,23,0,0,6.123,4.55,11.69,2.334,83.74,83.17,7,0,0,0,4,4,0,100.0
SHP0071,V071,Refrigerated Truck,2000.0,Fresh Cream,Chilled,2.0,8.0,20,2026-08-25,2026-08-06,Coimbatore,Bangalore,173.0,Completed,Non-Compliant,Compliant,Review,Review,Normal,35,0,0,5.013,3.8,5.63,0.399,83.37,84.4,6,0,0,0,2,1,1,50.0
SHP0072,V051,Refrigerated Truck,3000.0,Cheese,Chilled,2.0,8.0,47,2026-08-10,2026-08-03,Coimbatore,Hyderabad,103.0,Completed,Compliant,Compliant,Valid,Complete,Delayed,21,0,0,4.968,4.24,5.79,0.442,82.56,83.19,6,1,0,28,3,3,0,100.0
SHP0073,V064,Refrigerated Truck,2500.0,Fresh Cream,Chilled,2.0,8.0,275,2026-08-24,2026-08-01,Bengaluru,Kochi,93.0,Completed,Review,Compliant,Review,Complete,Delayed,19,0,0,5.073,4.34,5.96,0.408,84.41,85.84,6,1,0,33,4,4,0,100.0
SHP0074,V034,Refrigerated Van,1000.0,Fresh Milk,Chilled,2.0,8.0,124,2026-08-12,2026-08-05,Hyderabad,Pune,229.0,Completed,Compliant,Compliant,Valid,Complete,Normal,46,1,0,4.909,4.0,5.76,0.382,85.05,85.24,7,0,0,0,4,4,0,100.0
SHP0075,V070,Refrigerated Van,1000.0,Frozen Mixed Vegetables,Frozen,-25.0,-18.0,244,2026-08-26,2026-08-06,Bangalore,Chennai,146.0,Completed,Review,Compliant,Valid,Complete,Deviation,30,0,0,-21.049,-21.82,-20.3,0.368,81.25,86.8,8,0,1,0,4,4,0,100.0
SHP0076,V071,Refrigerated Truck,2000.0,Fresh Milk,Chilled,2.0,8.0,34,2026-08-24,2026-08-02,Bengaluru,Salem,314.0,Completed,Non-Compliant,Critical,Valid,Complete,Normal,63,0,0,5.502,4.22,13.48,1.677,84.68,84.95,5,0,0,0,4,4,0,100.0
SHP0077,V037,Refrigerated Truck,2500.0,Frozen Corn,Frozen,-25.0,-18.0,179,2026-08-21,2026-08-07,Chennai,Salem,148.0,Completed,Review,Compliant,Valid,Review,Deviation,30,0,0,-21.121,-22.16,-20.47,0.374,84.0,85.57,8,0,1,0,3,2,1,66.67
SHP0078,V036,Refrigerated Van,1000.0,Frozen Paneer,Frozen,-25.0,-18.0,228,2026-08-06,2026-08-01,Madurai,Hyderabad,203.0,Completed,Compliant,Compliant,Valid,Complete,Normal,41,0,0,-21.05,-21.75,-20.09,0.417,85.15,84.24,8,0,0,0,4,4,0,100.0
SHP0079,V062,Refrigerated Truck,3000.0,Frozen Peas,Frozen,-25.0,-18.0,256,2026-08-07,2026-08-02,Pune,Coimbatore,185.0,Completed,Non-Compliant,Critical,Valid,Complete,Delayed,38,0,0,-20.458,-21.81,-16.03,1.478,85.14,82.63,7,2,0,65,2,2,0,100.0
SHP0080,V087,Refrigerated Truck,2000.0,Frozen French Fries,Frozen,-25.0,-18.0,169,2026-08-20,2026-08-04,Kochi,Pune,341.0,Completed,Compliant,Compliant,Valid,Complete,Normal,69,0,0,-20.959,-22.0,-20.22,0.395,84.26,85.46,5,0,0,0,2,2,0,100.0
SHP0081,V039,Refrigerated Truck,2000.0,Cheese,Chilled,2.0,8.0,267,2026-08-19,2026-08-02,Pune,Chennai,256.0,Completed,Review,Compliant,Valid,Review,Delayed,52,0,0,4.985,4.15,5.93,0.438,83.09,85.27,6,1,0,28,3,1,2,33.33
SHP0082,V023,Refrigerated Van,750.0,Frozen French Fries,Frozen,-25.0,-18.0,94,2026-08-16,2026-08-06,Coimbatore,Salem,329.0,Completed,Non-Compliant,Compliant,Review,Review,Normal,66,0,0,-20.942,-22.01,-20.09,0.42,86.3,86.08,8,0,0,0,3,2,1,66.67
SHP0083,V017,Refrigerated Truck,2500.0,Frozen Paneer,Frozen,-25.0,-18.0,280,2026-08-27,2026-08-04,Hyderabad,Mumbai,243.0,Completed,Review,Compliant,Valid,Complete,Deviation,49,0,0,-21.011,-22.17,-20.09,0.429,83.83,83.63,6,1,1,41,3,3,0,100.0
SHP0084,V058,Refrigerated Van,500.0,Frozen Peas,Frozen,-25.0,-18.0,161,2026-08-28,2026-08-05,Pune,Mumbai,349.0,Completed,Review,Compliant,Valid,Review,Normal,70,0,0,-20.984,-22.04,-20.16,0.452,86.38,85.39,7,0,0,0,4,3,1,75.0
SHP0085,V071,Refrigerated Truck,2000.0,Fresh Paneer,Chilled,2.0,8.0,279,2026-08-12,2026-08-07,Mumbai,Madurai,152.0,Completed,Compliant,Compliant,Valid,Complete,Normal,31,0,0,4.965,4.12,6.0,0.406,86.39,84.84,8,0,0,0,3,3,0,100.0
SHP0086,V016,Refrigerated Truck,1500.0,Frozen Mixed Vegetables,Frozen,-25.0,-18.0,172,2026-08-30,2026-08-01,Chennai,Madurai,75.0,Completed,Compliant,Compliant,Valid,Complete,Normal,16,0,0,-20.824,-21.59,-20.08,0.516,87.13,84.44,6,0,0,0,3,3,0,100.0
SHP0087,V060,Refrigerated Van,1000.0,Yogurt,Chilled,2.0,8.0,248,2026-08-21,2026-08-03,Kochi,Chennai,243.0,Completed,Review,Compliant,Valid,Complete,Deviation,49,0,0,4.972,4.21,5.82,0.343,84.6,84.16,7,1,2,27,3,3,0,100.0
SHP0088,V040,Refrigerated Truck,3000.0,Fresh Paneer,Chilled,2.0,8.0,190,2026-08-21,2026-08-03,Bengaluru,Hyderabad,186.0,Completed,Compliant,Compliant,Valid,Complete,Normal,38,0,0,5.036,4.17,5.89,0.324,84.37,84.61,7,0,0,0,2,2,0,100.0
SHP0089,V016,Refrigerated Truck,1500.0,Cheese,Chilled,2.0,8.0,184,2026-08-31,2026-08-03,Hyderabad,Kochi,88.0,Completed,Compliant,Compliant,Valid,Complete,Normal,18,0,0,5.235,4.66,5.99,0.325,83.44,83.78,5,0,0,0,3,3,0,100.0
SHP0090,V022,Refrigerated Van,500.0,Frozen Corn,Frozen,-25.0,-18.0,216,2026-08-11,2026-08-06,Hyderabad,Bengaluru,148.0,Completed,Review,Compliant,Review,Complete,Delayed,30,1,0,-20.969,-21.93,-19.7,0.527,84.85,84.83,8,1,0,13,4,4,0,100.0
SHP0091,V023,Refrigerated Van,750.0,Fresh Milk,Chilled,2.0,8.0,182,2026-08-27,2026-08-01,Coimbatore,Hyderabad,243.0,Completed,Review,Compliant,Review,Complete,Normal,49,0,0,4.89,4.13,5.82,0.39,85.74,83.65,7,0,0,0,2,2,0,100.0
SHP0092,V030,Refrigerated Truck,1500.0,Cheese,Chilled,2.0,8.0,217,2026-08-25,2026-08-02,Bengaluru,Chennai,240.0,Completed,Compliant,Compliant,Valid,Complete,Normal,49,0,0,4.882,4.21,5.52,0.316,86.8,85.27,7,0,0,0,2,2,0,100.0
SHP0093,V049,Refrigerated Van,1200.0,Frozen French Fries,Frozen,-25.0,-18.0,38,2026-08-08,2026-08-03,Bengaluru,Coimbatore,312.0,Completed,Review,Compliant,Valid,Complete,Deviation,63,0,0,-21.059,-21.88,-20.34,0.36,84.63,83.78,7,0,1,0,2,2,0,100.0
SHP0094,V040,Refrigerated Truck,3000.0,Fresh Milk,Chilled,2.0,8.0,245,2026-08-07,2026-08-06,Mumbai,Kochi,79.0,Completed,Compliant,Compliant,Valid,Complete,Delayed,16,0,0,5.052,4.24,5.67,0.443,85.93,87.5,8,1,0,37,2,2,0,100.0
SHP0095,V010,Refrigerated Truck,2500.0,Fresh Milk,Chilled,2.0,8.0,93,2026-08-17,2026-08-03,Bangalore,Chennai,172.0,Completed,Compliant,Compliant,Valid,Complete,Normal,35,0,0,5.03,4.36,5.74,0.357,81.92,86.86,8,0,0,0,3,3,0,100.0
SHP0096,V026,Refrigerated Truck,2500.0,Frozen Peas,Frozen,-25.0,-18.0,260,2026-08-29,2026-08-02,Chennai,Mumbai,229.0,Completed,Compliant,Compliant,Valid,Complete,Normal,46,0,0,-20.918,-21.96,-19.74,0.461,86.82,82.72,5,0,0,0,4,4,0,100.0
SHP0097,V095,Refrigerated Van,750.0,Fresh Paneer,Chilled,2.0,8.0,223,2026-08-24,2026-08-06,Bengaluru,Hyderabad,150.0,Completed,Review,Compliant,Valid,Review,Delayed,31,0,0,4.817,3.92,5.66,0.394,86.7,85.23,8,1,0,52,4,3,1,75.0
SHP0098,V026,Refrigerated Truck,2500.0,Frozen Mixed Vegetables,Frozen,-25.0,-18.0,293,2026-08-16,2026-08-06,Madurai,Chennai,360.0,Completed,Review,Compliant,Review,Complete,Normal,73,0,0,-21.013,-22.14,-19.87,0.411,86.77,84.18,8,0,0,0,3,3,0,100.0
SHP0099,V042,Refrigerated Truck,2000.0,Cheese,Chilled,2.0,8.0,297,2026-08-05,2026-08-03,Coimbatore,Bangalore,246.0,Completed,Compliant,Compliant,Valid,Complete,Delayed,50,0,0,5.052,4.24,5.72,0.368,85.19,84.06,5,1,0,10,4,4,0,100.0
SHP0100,V051,Refrigerated Truck,3000.0,Frozen Corn,Frozen,-25.0,-18.0,167,2026-08-11,2026-08-04,Bangalore,Madurai,262.0,Completed,Compliant,Compliant,Valid,Complete,Normal,53,0,0,-21.073,-22.05,-20.06,0.38,86.18,85.51,8,0,0,0,2,2,0,100.0
SHP0101,V040,Refrigerated Truck,3000.0,Frozen French Fries,Frozen,-25.0,-18.0,70,2026-08-28,2026-08-02,Bengaluru,Bangalore,225.0,Completed,Review,Warning,Valid,Complete,Normal,46,0,0,-20.816,-22.2,-7.13,2.117,85.39,83.91,7,0,0,0,3,3,0,100.0
SHP0102,V062,Refrigerated Truck,3000.0,Frozen French Fries,Frozen,-25.0,-18.0,105,2026-08-26,2026-08-05,Coimbatore,Salem,222.0,Completed,Compliant,Compliant,Valid,Complete,Normal,45,0,0,-21.022,-21.81,-20.12,0.391,84.51,85.58,6,0,0,0,3,3,0,100.0
SHP0103,V085,Refrigerated Van,1200.0,Fresh Milk,Chilled,2.0,8.0,43,2026-08-14,2026-08-01,Coimbatore,Mumbai,242.0,Completed,Compliant,Compliant,Valid,Complete,Normal,49,0,0,4.95,4.3,5.68,0.36,85.72,84.86,8,0,0,0,4,4,0,100.0
SHP0104,V040,Refrigerated Truck,3000.0,Frozen Mixed Vegetables,Frozen,-25.0,-18.0,203,2026-08-15,2026-08-05,Hyderabad,Bengaluru,217.0,Completed,Non-Compliant,Critical,Valid,Complete,Normal,44,0,0,-20.591,-21.95,-15.01,1.595,84.43,86.23,5,0,0,0,2,2,0,100.0
SHP0105,V005,Refrigerated Truck,1500.0,Yogurt,Chilled,2.0,8.0,145,2026-08-20,2026-08-04,Kochi,Coimbatore,60.0,Completed,Review,Warning,Valid,Complete,Delayed,13,0,0,5.761,4.73,14.66,2.681,86.33,82.92,5,1,0,54,2,2,0,100.0
SHP0106,V002,Refrigerated Truck,2000.0,Fresh Cream,Chilled,2.0,8.0,112,2026-08-09,2026-08-04,Bengaluru,Salem,153.0,Completed,Non-Compliant,Critical,Valid,Review,Delayed,31,1,0,5.656,4.0,11.01,1.831,83.65,85.97,7,1,0,10,3,2,1,66.67
SHP0107,V047,Refrigerated Van,500.0,Frozen Peas,Frozen,-25.0,-18.0,215,2026-08-23,2026-08-05,Bengaluru,Madurai,349.0,Completed,Non-Compliant,Critical,Review,Complete,Normal,70,0,0,-20.725,-21.89,-15.13,1.333,85.53,85.57,8,0,0,0,3,3,0,100.0
SHP0108,V079,Refrigerated Van,500.0,Frozen French Fries,Frozen,-25.0,-18.0,93,2026-08-11,2026-08-07,Bangalore,Pune,99.0,Completed,Compliant,Compliant,Valid,Complete,Delayed,20,0,0,-21.08,-21.87,-20.33,0.42,89.21,83.7,7,1,0,34,2,2,0,100.0
SHP0109,V004,Refrigerated Van,500.0,Fresh Paneer,Chilled,2.0,8.0,255,2026-08-12,2026-08-05,Hyderabad,Madurai,105.0,Completed,Compliant,Compliant,Valid,Complete,Normal,22,0,0,5.061,4.44,5.83,0.35,83.56,87.32,7,0,0,0,3,3,0,100.0
SHP0110,V063,Refrigerated Van,500.0,Frozen French Fries,Frozen,-25.0,-18.0,167,2026-08-25,2026-08-05,Madurai,Pune,167.0,Completed,Compliant,Compliant,Valid,Complete,Delayed,34,0,0,-20.971,-21.73,-20.22,0.359,84.51,87.12,8,1,0,34,4,4,0,100.0
SHP0111,V065,Refrigerated Van,500.0,Frozen Peas,Frozen,-25.0,-18.0,246,2026-08-15,2026-08-02,Hyderabad,Bangalore,115.0,Completed,Compliant,Compliant,Valid,Complete,Normal,24,0,0,-21.023,-21.87,-20.27,0.368,83.83,83.5,6,0,0,0,3,3,0,100.0
SHP0112,V011,Refrigerated Van,750.0,Cheese,Chilled,2.0,8.0,148,2026-08-18,2026-08-01,Chennai,Salem,274.0,Completed,Compliant,Compliant,Valid,Complete,Normal,55,1,0,4.976,3.83,5.69,0.468,87.27,84.13,6,0,0,0,3,3,0,100.0
SHP0113,V083,Refrigerated Van,1000.0,Yogurt,Chilled,2.0,8.0,216,2026-08-31,2026-08-05,Coimbatore,Salem,253.0,Completed,Review,Compliant,Valid,Complete,Deviation,51,0,0,5.02,4.35,5.86,0.336,87.28,82.22,8,0,1,0,4,4,0,100.0
SHP0114,V042,Refrigerated Truck,2000.0,Fresh Milk,Chilled,2.0,8.0,141,2026-08-16,2026-08-07,Madurai,Mumbai,305.0,Completed,Compliant,Compliant,Valid,Complete,Normal,62,0,0,5.025,3.73,5.96,0.366,85.25,84.35,5,0,0,0,3,3,0,100.0
SHP0115,V019,Refrigerated Truck,1500.0,Fresh Cream,Chilled,2.0,8.0,171,2026-08-26,2026-08-02,Bengaluru,Hyderabad,97.0,Completed,Review,Compliant,Review,Complete,Normal,20,0,0,4.927,3.73,5.48,0.453,83.62,87.15,8,0,0,0,4,4,0,100.0
SHP0116,V018,Refrigerated Truck,1500.0,Fresh Milk,Chilled,2.0,8.0,222,2026-08-12,2026-08-05,Chennai,Kochi,193.0,Completed,Non-Compliant,Compliant,Review,Review,Delayed,39,0,0,4.893,4.16,6.1,0.42,82.09,82.28,6,2,0,59,4,3,1,75.0
SHP0117,V086,Refrigerated Van,1200.0,Frozen Paneer,Frozen,-25.0,-18.0,45,2026-08-23,2026-08-02,Bangalore,Madurai,252.0,Completed,Review,Compliant,Valid,Review,Delayed,51,0,0,-20.982,-22.05,-19.77,0.442,85.92,86.47,6,1,0,43,4,3,1,75.0
SHP0118,V051,Refrigerated Truck,3000.0,Fresh Paneer,Chilled,2.0,8.0,137,2026-08-23,2026-08-07,Coimbatore,Bangalore,107.0,Completed,Compliant,Compliant,Valid,Complete,Normal,22,0,0,4.96,4.46,5.64,0.358,83.41,84.64,5,0,0,0,4,4,0,100.0
SHP0119,V052,Refrigerated Truck,1500.0,Yogurt,Chilled,2.0,8.0,117,2026-08-23,2026-08-01,Madurai,Bengaluru,307.0,Completed,Compliant,Compliant,Valid,Complete,Normal,62,0,0,5.035,4.12,5.7,0.384,87.33,83.81,6,0,0,0,3,3,0,100.0
SHP0120,V039,Refrigerated Truck,2000.0,Yogurt,Chilled,2.0,8.0,69,2026-08-24,2026-08-06,Chennai,Salem,282.0,Completed,Compliant,Compliant,Valid,Complete,Normal,57,1,0,5.02,4.11,6.25,0.433,85.04,85.67,7,0,0,0,2,2,0,100.0
SHP0121,V081,Refrigerated Van,500.0,Frozen Mixed Vegetables,Frozen,-25.0,-18.0,245,2026-08-05,2026-08-03,Coimbatore,Chennai,165.0,Completed,Compliant,Compliant,Valid,Complete,Normal,34,0,0,-20.956,-21.84,-20.04,0.49,84.5,85.21,5,0,0,0,2,2,0,100.0
SHP0122,V035,Refrigerated Van,750.0,Yogurt,Chilled,2.0,8.0,66,2026-08-13,2026-08-05,Hyderabad,Salem,336.0,Completed,Review,Compliant,Valid,Review,Delayed,68,0,0,5.005,4.27,6.02,0.355,84.16,87.19,8,2,0,37,4,3,1,75.0
SHP0123,V064,Refrigerated Truck,2500.0,Cheese,Chilled,2.0,8.0,109,2026-08-10,2026-08-04,Kochi,Hyderabad,261.0,Completed,Non-Compliant,Compliant,Review,Review,Deviation,53,0,0,5.023,4.17,6.17,0.358,82.5,83.91,5,0,1,0,4,3,1,75.0
SHP0124,V095,Refrigerated Van,750.0,Frozen Paneer,Frozen,-25.0,-18.0,207,2026-08-20,2026-08-02,Bengaluru,Mumbai,87.0,Completed,Compliant,Compliant,Valid,Complete,Normal,18,0,0,-21.137,-21.78,-20.28,0.396,84.41,84.78,5,0,0,0,2,2,0,100.0
SHP0125,V086,Refrigerated Van,1200.0,Yogurt,Chilled,2.0,8.0,151,2026-08-30,2026-08-03,Madurai,Chennai,210.0,Completed,Compliant,Compliant,Valid,Complete,Delayed,43,0,0,5.025,4.26,6.17,0.388,86.35,82.95,8,1,0,44,4,4,0,100.0
SHP0126,V082,Refrigerated Truck,1500.0,Fresh Paneer,Chilled,2.0,8.0,193,2026-08-29,2026-08-01,Bengaluru,Pune,73.0,Completed,Review,Compliant,Valid,Complete,Deviation,15,0,0,5.149,4.44,5.83,0.396,83.99,84.8,6,0,1,0,2,2,0,100.0
SHP0127,V018,Refrigerated Truck,1500.0,Frozen French Fries,Frozen,-25.0,-18.0,58,2026-08-08,2026-08-02,Hyderabad,Coimbatore,101.0,Completed,Review,Compliant,Review,Complete,Deviation,21,0,0,-21.071,-21.65,-20.19,0.408,86.32,86.52,7,0,1,0,2,2,0,100.0
SHP0128,V098,Refrigerated Truck,3000.0,Frozen French Fries,Frozen,-25.0,-18.0,207,2026-08-06,2026-08-02,Pune,Bangalore,263.0,Completed,Review,Compliant,Valid,Complete,Deviation,53,0,0,-20.978,-21.6,-19.96,0.384,84.83,84.11,6,0,1,0,2,2,0,100.0
SHP0129,V081,Refrigerated Van,500.0,Fresh Milk,Chilled,2.0,8.0,155,2026-08-21,2026-08-04,Pune,Kochi,338.0,Completed,Compliant,Compliant,Valid,Complete,Delayed,68,1,0,4.931,4.1,6.03,0.397,84.51,84.1,7,1,0,57,3,3,0,100.0
SHP0130,V019,Refrigerated Truck,1500.0,Frozen French Fries,Frozen,-25.0,-18.0,208,2026-08-25,2026-08-01,Salem,Coimbatore,255.0,Completed,Review,Compliant,Review,Complete,Normal,52,0,0,-21.103,-21.87,-20.46,0.361,86.95,85.73,7,0,0,0,3,3,0,100.0
SHP0131,V065,Refrigerated Van,500.0,Fresh Cream,Chilled,2.0,8.0,215,2026-08-30,2026-08-04,Madurai,Coimbatore,194.0,Completed,Review,Compliant,Valid,Complete,Deviation,39,0,0,4.997,4.21,5.71,0.357,84.79,83.51,8,0,1,0,4,4,0,100.0
SHP0132,V041,Refrigerated Truck,2000.0,Fresh Milk,Chilled,2.0,8.0,139,2026-08-19,2026-08-05,Pune,Kochi,197.0,Completed,Review,Compliant,Valid,Review,Deviation,40,0,0,4.994,3.99,5.83,0.425,82.51,85.95,8,0,1,0,3,2,1,66.67
SHP0133,V049,Refrigerated Van,1200.0,Frozen Paneer,Frozen,-25.0,-18.0,187,2026-08-23,2026-08-04,Bengaluru,Chennai,109.0,Completed,Review,Compliant,Valid,Complete,Deviation,22,0,0,-21.04,-21.6,-20.0,0.403,85.21,85.82,5,0,1,0,4,4,0,100.0
SHP0134,V070,Refrigerated Van,1000.0,Frozen Peas,Frozen,-25.0,-18.0,257,2026-08-26,2026-08-02,Bangalore,Madurai,176.0,Completed,Non-Compliant,Critical,Valid,Review,Delayed,36,0,0,-20.399,-21.67,-15.1,1.606,85.27,85.53,7,1,0,24,2,0,2,0.0
SHP0135,V075,Refrigerated Van,750.0,Cheese,Chilled,2.0,8.0,79,2026-08-08,2026-08-01,Mumbai,Chennai,327.0,Completed,Compliant,Compliant,Valid,Complete,Normal,66,0,0,5.016,3.9,5.83,0.404,83.51,84.62,7,0,0,0,4,4,0,100.0
SHP0136,V090,Refrigerated Truck,3000.0,Frozen Peas,Frozen,-25.0,-18.0,175,2026-08-19,2026-08-04,Salem,Mumbai,303.0,Completed,Review,Compliant,Review,Complete,Normal,61,0,0,-21.022,-22.13,-19.87,0.438,85.58,85.02,5,0,0,0,2,2,0,100.0
SHP0137,V057,Refrigerated Van,1000.0,Frozen Peas,Frozen,-25.0,-18.0,140,2026-08-21,2026-08-01,Bengaluru,Hyderabad,100.0,Completed,Non-Compliant,Critical,Valid,Review,Normal,21,0,0,-19.71,-21.83,-5.86,3.554,84.18,87.05,5,0,0,0,4,3,1,75.0
SHP0138,V058,Refrigerated Van,500.0,Frozen French Fries,Frozen,-25.0,-18.0,252,2026-08-15,2026-08-06,Salem,Chennai,324.0,Completed,Compliant,Compliant,Valid,Complete,Delayed,65,0,0,-21.052,-21.88,-20.16,0.354,84.55,85.98,7,1,0,50,3,3,0,100.0
SHP0139,V035,Refrigerated Van,750.0,Fresh Cream,Chilled,2.0,8.0,99,2026-08-17,2026-08-01,Bengaluru,Coimbatore,289.0,Completed,Compliant,Compliant,Valid,Complete,Normal,58,0,0,4.929,4.0,6.24,0.468,85.98,85.79,5,0,0,0,3,3,0,100.0
SHP0140,V023,Refrigerated Van,750.0,Frozen French Fries,Frozen,-25.0,-18.0,228,2026-08-12,2026-08-05,Coimbatore,Hyderabad,81.0,Completed,Review,Compliant,Review,Complete,Normal,17,0,0,-21.115,-21.89,-19.83,0.499,87.62,82.12,7,0,0,0,2,2,0,100.0
SHP0141,V097,Refrigerated Truck,2000.0,Frozen Mixed Vegetables,Frozen,-25.0,-18.0,131,2026-08-18,2026-08-02,Salem,Bangalore,163.0,Completed,Compliant,Compliant,Valid,Complete,Normal,33,0,0,-21.176,-21.96,-20.33,0.415,86.73,84.09,5,0,0,0,4,4,0,100.0
SHP0142,V020,Refrigerated Truck,1500.0,Yogurt,Chilled,2.0,8.0,205,2026-08-07,2026-08-06,Coimbatore,Bengaluru,94.0,Completed,Review,Compliant,Review,Complete,Normal,19,0,0,4.941,3.84,5.67,0.49,84.43,85.63,6,0,0,0,2,2,0,100.0
SHP0143,V049,Refrigerated Van,1200.0,Fresh Cream,Chilled,2.0,8.0,203,2026-08-05,2026-08-06,Bangalore,Salem,342.0,Completed,Compliant,Compliant,Valid,Complete,Delayed,69,0,0,5.056,4.07,5.89,0.441,85.28,83.14,6,1,0,33,4,4,0,100.0
SHP0144,V001,Refrigerated Van,500.0,Fresh Paneer,Chilled,2.0,8.0,117,2026-08-07,2026-08-05,Madurai,Kochi,66.0,Completed,Compliant,Compliant,Valid,Complete,Normal,14,0,0,5.047,4.51,5.64,0.332,88.03,84.86,5,0,0,0,3,3,0,100.0
SHP0145,V061,Refrigerated Van,500.0,Fresh Milk,Chilled,2.0,8.0,128,2026-08-24,2026-08-07,Bengaluru,Mumbai,272.0,Completed,Review,Warning,Valid,Complete,Delayed,55,0,0,4.927,0.23,6.0,0.767,84.29,84.82,7,1,0,49,3,3,0,100.0
SHP0146,V093,Refrigerated Truck,2500.0,Frozen Peas,Frozen,-25.0,-18.0,190,2026-08-11,2026-08-07,Coimbatore,Bengaluru,111.0,Completed,Review,Compliant,Valid,Review,Delayed,23,0,0,-20.808,-21.6,-19.94,0.4,83.12,87.0,6,1,0,39,4,3,1,75.0
SHP0147,V039,Refrigerated Truck,2000.0,Frozen Paneer,Frozen,-25.0,-18.0,125,2026-08-06,2026-08-01,Bangalore,Bengaluru,206.0,Completed,Review,Compliant,Valid,Complete,Deviation,42,0,0,-21.033,-21.62,-20.06,0.36,86.88,84.86,8,0,1,0,3,3,0,100.0
SHP0148,V018,Refrigerated Truck,1500.0,Frozen Paneer,Frozen,-25.0,-18.0,130,2026-08-30,2026-08-01,Mumbai,Madurai,256.0,Completed,Compliant,Compliant,Valid,Complete,Normal,52,0,0,-21.004,-21.63,-20.24,0.359,84.74,84.35,8,0,0,0,3,3,0,100.0
SHP0149,V020,Refrigerated Truck,1500.0,Frozen Mixed Vegetables,Frozen,-25.0,-18.0,95,2026-08-29,2026-08-01,Pune,Bengaluru,79.0,Completed,Review,Compliant,Review,Complete,Delayed,16,0,0,-21.029,-21.69,-20.22,0.412,85.83,81.56,8,1,0,60,4,4,0,100.0
SHP0150,V005,Refrigerated Truck,1500.0,Frozen Mixed Vegetables,Frozen,-25.0,-18.0,94,2026-08-08,2026-08-06,Coimbatore,Kochi,265.0,Completed,Non-Compliant,Critical,Valid,Complete,Deviation,54,1,0,-20.715,-22.09,-15.37,1.292,86.39,83.98,6,0,1,0,4,4,0,100.0
SHP0151,V054,Refrigerated Truck,1500.0,Yogurt,Chilled,2.0,8.0,76,2026-08-25,2026-08-01,Chennai,Salem,181.0,Completed,Compliant,Compliant,Valid,Complete,Delayed,37,1,0,5.032,4.12,6.06,0.389,82.26,84.76,5,1,0,56,3,3,0,100.0
SHP0152,V090,Refrigerated Truck,3000.0,Frozen Corn,Frozen,-25.0,-18.0,27,2026-08-15,2026-08-01,Chennai,Pune,250.0,Completed,Non-Compliant,Critical,Review,Complete,Normal,51,0,0,-20.539,-21.78,-15.04,1.564,84.98,83.78,8,0,0,0,3,3,0,100.0
SHP0153,V057,Refrigerated Van,1000.0,Frozen Paneer,Frozen,-25.0,-18.0,185,2026-08-04,2026-08-02,Chennai,Madurai,203.0,Completed,Compliant,Compliant,Valid,Complete,Normal,41,0,0,-21.033,-21.92,-19.89,0.463,86.69,85.44,8,0,0,0,2,2,0,100.0
SHP0154,V098,Refrigerated Truck,3000.0,Frozen Mixed Vegetables,Frozen,-25.0,-18.0,46,2026-08-08,2026-08-07,Pune,Bangalore,213.0,Completed,Review,Compliant,Review,Complete,Delayed,43,0,0,-20.987,-21.78,-20.18,0.357,84.14,85.37,8,2,0,34,3,3,0,100.0
SHP0155,V079,Refrigerated Van,500.0,Fresh Cream,Chilled,2.0,8.0,78,2026-08-27,2026-08-05,Pune,Madurai,273.0,Completed,Review,Compliant,Valid,Review,Deviation,55,0,0,4.857,3.95,5.6,0.39,83.54,85.56,7,1,1,51,2,1,1,50.0
SHP0156,V032,Refrigerated Van,1200.0,Frozen French Fries,Frozen,-25.0,-18.0,249,2026-08-28,2026-08-06,Bengaluru,Bangalore,168.0,Completed,Review,Compliant,Valid,Review,Delayed,34,0,0,-21.003,-21.95,-20.0,0.418,85.29,86.82,8,1,0,53,3,2,1,66.67
SHP0157,V065,Refrigerated Van,500.0,Fresh Cream,Chilled,2.0,8.0,75,2026-08-18,2026-08-06,Salem,Pune,251.0,Completed,Non-Compliant,Critical,Valid,Complete,Normal,51,0,0,5.311,-4.01,11.68,2.198,87.03,83.94,6,0,0,0,3,3,0,100.0
SHP0158,V088,Refrigerated Van,500.0,Frozen Paneer,Frozen,-25.0,-18.0,42,2026-08-27,2026-08-02,Chennai,Mumbai,219.0,Completed,Compliant,Compliant,Valid,Complete,Normal,44,0,0,-20.959,-21.74,-20.14,0.407,83.97,85.93,8,0,0,0,2,2,0,100.0
SHP0159,V098,Refrigerated Truck,3000.0,Cheese,Chilled,2.0,8.0,35,2026-08-05,2026-08-04,Mumbai,Salem,328.0,Completed,Non-Compliant,Critical,Review,Complete,Deviation,66,0,0,5.343,4.05,11.67,1.553,84.8,86.48,8,0,1,0,3,3,0,100.0
SHP0160,V035,Refrigerated Van,750.0,Cheese,Chilled,2.0,8.0,238,2026-08-25,2026-08-02,Bengaluru,Chennai,162.0,Completed,Non-Compliant,Critical,Valid,Complete,Normal,33,0,0,5.627,3.92,11.81,2.025,85.24,86.45,7,0,0,0,3,3,0,100.0
SHP0161,V056,Refrigerated Van,1200.0,Frozen French Fries,Frozen,-25.0,-18.0,247,2026-08-06,2026-08-06,Chennai,Hyderabad,85.0,Completed,Review,Compliant,Valid,Review,Deviation,18,0,4,-21.005,-21.89,-20.42,0.463,83.17,65.61,7,0,1,0,3,2,1,66.67
SHP0162,V064,Refrigerated Truck,2500.0,Frozen Mixed Vegetables,Frozen,-25.0,-18.0,95,2026-08-06,2026-08-05,Madurai,Hyderabad,297.0,Completed,Review,Compliant,Review,Complete,Deviation,60,0,0,-21.003,-22.0,-19.83,0.484,86.09,85.33,8,0,1,0,2,2,0,100.0
SHP0163,V091,Refrigerated Truck,1500.0,Frozen Mixed Vegetables,Frozen,-25.0,-18.0,300,2026-08-26,2026-08-05,Mumbai,Salem,123.0,Completed,Review,Compliant,Valid,Review,Normal,25,0,0,-20.918,-21.47,-20.37,0.347,86.33,85.6,6,0,0,0,2,1,1,50.0
SHP0164,V072,Refrigerated Van,1000.0,Cheese,Chilled,2.0,8.0,291,2026-08-13,2026-08-03,Chennai,Hyderabad,288.0,Completed,Compliant,Compliant,Valid,Complete,Normal,58,1,0,4.916,4.06,6.01,0.46,83.34,84.19,5,0,0,0,4,4,0,100.0
SHP0165,V042,Refrigerated Truck,2000.0,Fresh Cream,Chilled,2.0,8.0,240,2026-08-07,2026-08-04,Coimbatore,Pune,239.0,Completed,Compliant,Compliant,Valid,Complete,Delayed,48,0,0,4.966,4.35,6.41,0.417,85.33,85.67,5,1,0,15,2,2,0,100.0
SHP0166,V012,Refrigerated Truck,2500.0,Frozen Paneer,Frozen,-25.0,-18.0,130,2026-08-17,2026-08-07,Madurai,Coimbatore,106.0,Completed,Review,Compliant,Review,Complete,Normal,22,0,0,-21.085,-21.84,-19.98,0.485,83.4,82.14,5,0,0,0,3,3,0,100.0
SHP0167,V085,Refrigerated Van,1200.0,Yogurt,Chilled,2.0,8.0,231,2026-08-14,2026-08-06,Kochi,Chennai,143.0,Completed,Compliant,Compliant,Valid,Complete,Normal,29,0,0,4.957,4.26,5.58,0.403,84.47,83.14,5,0,0,0,4,4,0,100.0
SHP0168,V002,Refrigerated Truck,2000.0,Cheese,Chilled,2.0,8.0,232,2026-08-27,2026-08-07,Bengaluru,Hyderabad,175.0,Completed,Compliant,Compliant,Valid,Complete,Normal,36,0,0,5.089,4.22,6.07,0.441,85.75,85.78,8,0,0,0,4,4,0,100.0
SHP0169,V052,Refrigerated Truck,1500.0,Frozen Mixed Vegetables,Frozen,-25.0,-18.0,238,2026-08-14,2026-08-02,Hyderabad,Kochi,322.0,Completed,Compliant,Compliant,Valid,Complete,Normal,65,0,0,-20.971,-21.91,-20.18,0.395,86.57,86.14,6,0,0,0,4,4,0,100.0
SHP0170,V036,Refrigerated Van,1000.0,Fresh Paneer,Chilled,2.0,8.0,98,2026-08-25,2026-08-07,Chennai,Pune,148.0,Completed,Compliant,Compliant,Valid,Complete,Normal,30,0,0,5.069,4.16,5.82,0.437,84.82,83.37,8,0,0,0,4,4,0,100.0
SHP0171,V043,Refrigerated Van,1000.0,Fresh Milk,Chilled,2.0,8.0,66,2026-08-30,2026-08-05,Bengaluru,Chennai,216.0,Completed,Non-Compliant,Critical,Valid,Complete,Normal,44,0,0,5.453,4.05,10.95,1.56,86.41,86.11,8,0,0,0,3,3,0,100.0
SHP0172,V046,Refrigerated Van,1200.0,Frozen Peas,Frozen,-25.0,-18.0,241,2026-08-07,2026-08-02,Kochi,Salem,238.0,Completed,Compliant,Compliant,Valid,Complete,Normal,48,0,0,-21.033,-22.29,-20.24,0.408,83.02,86.42,8,0,0,0,2,2,0,100.0
SHP0173,V088,Refrigerated Van,500.0,Yogurt,Chilled,2.0,8.0,50,2026-08-22,2026-08-04,Pune,Kochi,214.0,Completed,Compliant,Compliant,Valid,Complete,Delayed,43,0,0,5.002,4.17,5.95,0.432,85.24,82.74,8,1,0,45,4,4,0,100.0
SHP0174,V082,Refrigerated Truck,1500.0,Fresh Milk,Chilled,2.0,8.0,230,2026-08-15,2026-08-03,Mumbai,Bengaluru,112.0,Completed,Compliant,Compliant,Valid,Complete,Normal,23,0,0,4.989,4.09,6.25,0.444,88.28,83.35,7,0,0,0,3,3,0,100.0
SHP0175,V056,Refrigerated Van,1200.0,Fresh Milk,Chilled,2.0,8.0,167,2026-08-23,2026-08-03,Chennai,Mumbai,251.0,Completed,Review,Compliant,Valid,Complete,Deviation,51,0,0,5.051,3.82,5.98,0.43,85.53,85.76,8,0,1,0,4,4,0,100.0
SHP0176,V063,Refrigerated Van,500.0,Fresh Paneer,Chilled,2.0,8.0,73,2026-08-22,2026-08-01,Mumbai,Bengaluru,212.0,Completed,Compliant,Compliant,Valid,Complete,Normal,43,0,0,4.986,3.78,6.18,0.472,83.88,86.05,7,0,0,0,2,2,0,100.0
SHP0177,V031,Refrigerated Van,750.0,Frozen Corn,Frozen,-25.0,-18.0,266,2026-08-11,2026-08-07,Bangalore,Pune,201.0,Completed,Non-Compliant,Critical,Valid,Complete,Normal,41,0,0,-20.461,-21.76,-15.33,1.584,83.48,85.66,7,0,0,0,4,4,0,100.0
SHP0178,V072,Refrigerated Van,1000.0,Frozen Mixed Vegetables,Frozen,-25.0,-18.0,208,2026-08-07,2026-08-07,Madurai,Kochi,212.0,Completed,Compliant,Compliant,Valid,Complete,Normal,43,0,0,-20.959,-21.75,-20.08,0.363,85.05,84.02,6,0,0,0,2,2,0,100.0
SHP0179,V058,Refrigerated Van,500.0,Fresh Cream,Chilled,2.0,8.0,135,2026-08-29,2026-08-02,Hyderabad,Coimbatore,183.0,Completed,Non-Compliant,Critical,Valid,Complete,Normal,37,0,0,5.431,4.28,10.96,1.66,83.66,86.92,8,0,0,0,3,3,0,100.0
SHP0180,V006,Refrigerated Van,500.0,Fresh Cream,Chilled,2.0,8.0,33,2026-08-23,2026-08-03,Chennai,Bengaluru,223.0,Completed,Compliant,Compliant,Valid,Complete,Normal,45,0,0,4.977,3.89,5.85,0.421,86.96,83.18,8,0,0,0,3,3,0,100.0
SHP0181,V024,Refrigerated Truck,1500.0,Fresh Milk,Chilled,2.0,8.0,112,2026-08-12,2026-08-03,Coimbatore,Chennai,211.0,Completed,Compliant,Compliant,Valid,Complete,Normal,43,0,0,4.954,4.05,5.96,0.443,85.43,85.02,8,0,0,0,3,3,0,100.0
SHP0182,V053,Refrigerated Van,1000.0,Fresh Paneer,Chilled,2.0,8.0,199,2026-08-04,2026-08-03,Kochi,Salem,78.0,Completed,Compliant,Compliant,Valid,Complete,Normal,16,0,0,5.184,4.39,7.31,0.722,90.17,85.13,6,0,0,0,2,2,0,100.0
SHP0183,V086,Refrigerated Van,1200.0,Frozen Corn,Frozen,-25.0,-18.0,225,2026-08-06,2026-08-05,Bengaluru,Hyderabad,173.0,Completed,Review,Warning,Valid,Review,Normal,35,0,0,-20.673,-21.86,-6.99,2.413,83.8,84.46,6,0,0,0,4,3,1,75.0
SHP0184,V033,Refrigerated Truck,2500.0,Frozen Peas,Frozen,-25.0,-18.0,66,2026-08-27,2026-08-07,Mumbai,Pune,319.0,Completed,Compliant,Compliant,Valid,Complete,Normal,64,0,0,-21.026,-22.48,-19.91,0.458,84.27,85.19,5,0,0,0,3,3,0,100.0
SHP0185,V004,Refrigerated Van,500.0,Frozen French Fries,Frozen,-25.0,-18.0,234,2026-08-18,2026-08-04,Kochi,Coimbatore,345.0,Completed,Non-Compliant,Compliant,Review,Review,Normal,70,0,0,-21.008,-22.44,-20.35,0.398,84.78,83.69,5,0,0,0,2,1,1,50.0
SHP0186,V023,Refrigerated Van,750.0,Yogurt,Chilled,2.0,8.0,209,2026-08-13,2026-08-04,Coimbatore,Kochi,125.0,Completed,Non-Compliant,Compliant,Review,Review,Delayed,26,0,0,5.123,4.33,6.08,0.382,85.01,84.77,6,1,0,15,4,3,1,75.0
SHP0187,V043,Refrigerated Van,1000.0,Fresh Cream,Chilled,2.0,8.0,63,2026-08-05,2026-08-02,Kochi,Mumbai,231.0,Completed,Compliant,Compliant,Valid,Complete,Normal,47,0,0,5.073,4.27,7.87,0.578,83.78,86.34,7,0,0,0,4,4,0,100.0
SHP0188,V010,Refrigerated Truck,2500.0,Frozen Corn,Frozen,-25.0,-18.0,45,2026-08-25,2026-08-02,Bangalore,Hyderabad,217.0,Completed,Review,Compliant,Review,Complete,Normal,44,0,0,-20.965,-21.77,-20.31,0.311,85.93,85.77,5,0,0,0,2,2,0,100.0
SHP0189,V024,Refrigerated Truck,1500.0,Frozen Mixed Vegetables,Frozen,-25.0,-18.0,246,2026-08-25,2026-08-04,Salem,Madurai,359.0,Completed,Non-Compliant,Critical,Valid,Review,Normal,72,0,0,-20.739,-22.14,-15.14,1.23,83.87,86.82,6,0,0,0,4,3,1,75.0
SHP0190,V093,Refrigerated Truck,2500.0,Cheese,Chilled,2.0,8.0,246,2026-08-17,2026-08-05,Kochi,Pune,87.0,Completed,Review,Compliant,Valid,Review,Normal,18,0,0,5.113,4.11,5.97,0.482,86.82,81.89,8,0,0,0,4,3,1,75.0
SHP0191,V075,Refrigerated Van,750.0,Yogurt,Chilled,2.0,8.0,282,2026-08-07,2026-08-04,Bengaluru,Bangalore,159.0,Completed,Compliant,Compliant,Valid,Complete,Normal,32,0,0,5.068,4.21,5.86,0.426,84.95,86.88,8,0,0,0,3,3,0,100.0
SHP0192,V039,Refrigerated Truck,2000.0,Cheese,Chilled,2.0,8.0,76,2026-08-13,2026-08-05,Mumbai,Bangalore,331.0,Completed,Compliant,Compliant,Valid,Complete,Normal,67,0,0,5.024,3.74,5.88,0.446,85.18,84.34,7,0,0,0,4,4,0,100.0
SHP0193,V030,Refrigerated Truck,1500.0,Fresh Cream,Chilled,2.0,8.0,177,2026-08-05,2026-08-06,Kochi,Salem,137.0,Completed,Non-Compliant,Critical,Valid,Complete,Normal,28,0,0,5.748,4.4,11.67,1.976,84.66,82.82,6,0,0,0,3,3,0,100.0
SHP0194,V042,Refrigerated Truck,2000.0,Frozen French Fries,Frozen,-25.0,-18.0,48,2026-08-04,2026-08-02,Coimbatore,Hyderabad,351.0,Completed,Review,Compliant,Valid,Review,Normal,71,0,0,-21.048,-21.96,-19.95,0.41,85.67,85.75,5,0,0,0,4,3,1,75.0
SHP0195,V070,Refrigerated Van,1000.0,Frozen Mixed Vegetables,Frozen,-25.0,-18.0,128,2026-08-28,2026-08-01,Pune,Coimbatore,152.0,Completed,Review,Warning,Valid,Complete,Normal,31,0,0,-20.521,-21.71,-6.36,2.661,83.8,85.48,5,0,0,0,3,3,0,100.0
SHP0196,V021,Refrigerated Truck,2500.0,Frozen Mixed Vegetables,Frozen,-25.0,-18.0,168,2026-08-14,2026-08-03,Bangalore,Pune,150.0,Completed,Non-Compliant,Warning,Review,Review,Normal,31,0,0,-20.467,-22.3,-7.93,2.365,82.6,86.45,6,0,0,0,4,3,1,75.0
SHP0197,V043,Refrigerated Van,1000.0,Frozen Peas,Frozen,-25.0,-18.0,274,2026-08-27,2026-08-04,Madurai,Chennai,200.0,Completed,Review,Warning,Valid,Complete,Delayed,41,0,0,-20.623,-22.53,-2.91,2.874,85.96,87.54,5,2,0,68,4,4,0,100.0
SHP0198,V010,Refrigerated Truck,2500.0,Yogurt,Chilled,2.0,8.0,86,2026-08-16,2026-08-07,Hyderabad,Coimbatore,141.0,Completed,Compliant,Compliant,Valid,Complete,Normal,29,0,0,4.987,4.11,6.35,0.455,83.84,85.62,5,0,0,0,4,4,0,100.0
SHP0199,V020,Refrigerated Truck,1500.0,Frozen Paneer,Frozen,-25.0,-18.0,201,2026-08-06,2026-08-05,Pune,Bangalore,282.0,Completed,Non-Compliant,Compliant,Review,Review,Normal,57,0,0,-20.906,-22.18,-19.92,0.489,85.75,84.12,6,0,0,0,4,3,1,75.0
SHP0200,V053,Refrigerated Van,1000.0,Fresh Milk,Chilled,2.0,8.0,243,2026-08-04,2026-08-05,Salem,Pune,79.0,Completed,Compliant,Compliant,Valid,Complete,Normal,16,0,0,5.011,4.46,5.46,0.253,82.28,84.88,5,0,0,0,2,2,0,100.0
SHP0201,V006,Refrigerated Van,500.0,Fresh Milk,Chilled,2.0,8.0,180,2026-08-22,2026-08-01,Mumbai,Hyderabad,67.0,Completed,Review,Compliant,Valid,Complete,Deviation,14,0,0,5.105,4.2,6.03,0.53,85.33,89.07,5,0,1,0,3,3,0,100.0
SHP0202,V060,Refrigerated Van,1000.0,Fresh Cream,Chilled,2.0,8.0,227,2026-08-26,2026-08-07,Madurai,Mumbai,62.0,Completed,Compliant,Compliant,Valid,Complete,Normal,13,0,0,5.025,4.47,5.65,0.324,83.73,84.46,8,0,0,0,2,2,0,100.0
SHP0203,V056,Refrigerated Van,1200.0,Fresh Paneer,Chilled,2.0,8.0,78,2026-08-16,2026-08-07,Hyderabad,Madurai,112.0,Completed,Compliant,Compliant,Valid,Complete,Normal,23,0,0,4.929,4.02,5.65,0.367,81.02,85.04,8,0,0,0,2,2,0,100.0
SHP0204,V036,Refrigerated Van,1000.0,Frozen Mixed Vegetables,Frozen,-25.0,-18.0,107,2026-08-29,2026-08-05,Salem,Mumbai,145.0,Completed,Non-Compliant,Critical,Valid,Complete,Normal,30,0,0,-20.297,-21.95,-15.07,1.728,86.96,86.0,8,0,0,0,2,2,0,100.0
SHP0205,V097,Refrigerated Truck,2000.0,Fresh Paneer,Chilled,2.0,8.0,65,2026-08-17,2026-08-07,Bangalore,Chennai,293.0,Completed,Review,Warning,Valid,Complete,Normal,59,0,0,5.018,4.14,9.14,0.668,84.94,85.53,7,0,0,0,4,4,0,100.0
SHP0206,V002,Refrigerated Truck,2000.0,Frozen Corn,Frozen,-25.0,-18.0,243,2026-08-22,2026-08-01,Mumbai,Bengaluru,282.0,Completed,Non-Compliant,Critical,Valid,Complete,Normal,57,0,0,-20.604,-21.71,-15.42,1.288,86.61,83.3,7,0,0,0,3,3,0,100.0
SHP0207,V079,Refrigerated Van,500.0,Fresh Cream,Chilled,2.0,8.0,60,2026-08-16,2026-08-04,Coimbatore,Madurai,156.0,Completed,Review,Compliant,Valid,Complete,Deviation,32,0,0,5.039,4.06,5.86,0.391,80.38,84.28,7,0,1,0,2,2,0,100.0
SHP0208,V017,Refrigerated Truck,2500.0,Fresh Paneer,Chilled,2.0,8.0,133,2026-08-14,2026-08-07,Coimbatore,Salem,174.0,Completed,Review,Warning,Valid,Complete,Delayed,35,0,0,4.8,-2.02,6.03,1.264,84.14,84.97,6,1,0,41,3,3,0,100.0
SHP0209,V007,Refrigerated Van,750.0,Frozen Peas,Frozen,-25.0,-18.0,281,2026-08-24,2026-08-02,Coimbatore,Hyderabad,318.0,Completed,Non-Compliant,Critical,Valid,Review,Normal,64,0,0,-20.666,-22.0,-15.43,1.303,84.12,86.02,8,0,0,0,4,3,1,75.0
SHP0210,V096,Refrigerated Truck,2000.0,Frozen Paneer,Frozen,-25.0,-18.0,281,2026-08-10,2026-08-04,Coimbatore,Bangalore,79.0,Completed,Compliant,Compliant,Valid,Complete,Normal,16,0,0,-20.909,-21.67,-20.37,0.392,83.74,85.56,8,0,0,0,4,4,0,100.0
SHP0211,V056,Refrigerated Van,1200.0,Fresh Paneer,Chilled,2.0,8.0,95,2026-08-11,2026-08-05,Salem,Kochi,84.0,Completed,Compliant,Compliant,Valid,Complete,Delayed,17,0,0,5.127,4.44,5.94,0.434,84.67,85.94,6,1,0,58,2,2,0,100.0
SHP0212,V017,Refrigerated Truck,2500.0,Frozen Corn,Frozen,-25.0,-18.0,151,2026-08-10,2026-08-03,Bengaluru,Chennai,70.0,Completed,Review,Compliant,Valid,Review,Delayed,15,0,0,-20.919,-21.58,-20.3,0.372,79.56,88.27,7,2,0,57,2,1,1,50.0
SHP0213,V059,Refrigerated Truck,2000.0,Frozen Paneer,Frozen,-25.0,-18.0,98,2026-08-28,2026-08-07,Chennai,Bangalore,254.0,Completed,Compliant,Compliant,Valid,Complete,Normal,51,0,0,-20.971,-21.78,-19.74,0.39,83.12,85.16,5,0,0,0,4,4,0,100.0
SHP0214,V024,Refrigerated Truck,1500.0,Frozen Corn,Frozen,-25.0,-18.0,272,2026-08-18,2026-08-07,Bangalore,Mumbai,138.0,Completed,Review,Compliant,Valid,Review,Deviation,28,0,0,-21.035,-21.85,-20.37,0.402,85.9,86.07,7,0,2,0,3,2,1,66.67
SHP0215,V059,Refrigerated Truck,2000.0,Fresh Cream,Chilled,2.0,8.0,185,2026-08-31,2026-08-03,Hyderabad,Chennai,111.0,Completed,Non-Compliant,Compliant,Review,Review,Delayed,23,0,0,5.045,4.19,5.5,0.311,84.42,88.57,8,1,0,22,2,1,1,50.0
SHP0216,V008,Refrigerated Van,750.0,Yogurt,Chilled,2.0,8.0,245,2026-08-06,2026-08-04,Mumbai,Kochi,130.0,Completed,Review,Compliant,Review,Complete,Normal,27,0,0,4.99,4.45,5.57,0.321,84.9,84.07,7,0,0,0,2,2,0,100.0
SHP0217,V090,Refrigerated Truck,3000.0,Cheese,Chilled,2.0,8.0,175,2026-08-29,2026-08-06,Salem,Bangalore,120.0,Completed,Review,Compliant,Review,Complete,Deviation,25,0,0,4.884,4.2,5.75,0.406,81.3,82.48,7,1,1,29,4,4,0,100.0
SHP0218,V100,Refrigerated Truck,1500.0,Fresh Cream,Chilled,2.0,8.0,48,2026-08-15,2026-08-04,Kochi,Bangalore,161.0,Completed,Review,Compliant,Valid,Review,Normal,33,0,4,4.946,4.14,5.82,0.356,84.31,73.88,8,0,0,0,3,1,2,33.33
SHP0219,V047,Refrigerated Van,500.0,Frozen Mixed Vegetables,Frozen,-25.0,-18.0,256,2026-08-18,2026-08-04,Bengaluru,Hyderabad,327.0,Completed,Non-Compliant,Compliant,Review,Review,Normal,66,0,0,-21.005,-21.69,-20.1,0.349,84.25,85.7,8,0,0,0,3,2,1,66.67
SHP0220,V051,Refrigerated Truck,3000.0,Frozen Peas,Frozen,-25.0,-18.0,208,2026-08-30,2026-08-02,Hyderabad,Madurai,211.0,Completed,Review,Compliant,Valid,Review,Normal,43,0,0,-20.938,-22.01,-20.33,0.409,84.44,84.47,7,0,0,0,4,3,1,75.0
SHP0221,V036,Refrigerated Van,1000.0,Fresh Milk,Chilled,2.0,8.0,66,2026-08-23,2026-08-06,Coimbatore,Chennai,166.0,Completed,Compliant,Compliant,Valid,Complete,Delayed,34,0,0,4.999,4.27,5.64,0.338,84.22,85.47,7,1,0,44,3,3,0,100.0
SHP0222,V008,Refrigerated Van,750.0,Cheese,Chilled,2.0,8.0,41,2026-08-18,2026-08-03,Pune,Madurai,66.0,Completed,Non-Compliant,Compliant,Review,Review,Normal,14,1,0,4.894,4.3,5.46,0.338,81.76,86.64,6,0,0,0,3,2,1,66.67
SHP0223,V050,Refrigerated Van,1200.0,Frozen Mixed Vegetables,Frozen,-25.0,-18.0,263,2026-08-20,2026-08-06,Bangalore,Bengaluru,136.0,Completed,Compliant,Compliant,Valid,Complete,Normal,28,0,4,-20.888,-21.67,-20.18,0.447,86.32,74.36,5,0,0,0,2,2,0,100.0
SHP0224,V007,Refrigerated Van,750.0,Frozen Peas,Frozen,-25.0,-18.0,250,2026-08-07,2026-08-03,Bangalore,Mumbai,111.0,Completed,Compliant,Compliant,Valid,Complete,Normal,23,0,0,-20.907,-21.51,-20.26,0.374,86.52,85.26,6,0,0,0,4,4,0,100.0
SHP0225,V041,Refrigerated Truck,2000.0,Fresh Milk,Chilled,2.0,8.0,278,2026-08-24,2026-08-07,Kochi,Hyderabad,195.0,Completed,Compliant,Compliant,Valid,Complete,Normal,40,1,0,5.043,4.12,5.81,0.363,84.23,85.18,6,0,0,0,3,3,0,100.0
SHP0226,V097,Refrigerated Truck,2000.0,Frozen Peas,Frozen,-25.0,-18.0,146,2026-08-26,2026-08-05,Pune,Chennai,149.0,Completed,Compliant,Compliant,Valid,Complete,Normal,30,0,0,-20.966,-21.5,-20.44,0.319,85.43,86.43,8,0,0,0,4,4,0,100.0
SHP0227,V037,Refrigerated Truck,2500.0,Cheese,Chilled,2.0,8.0,288,2026-08-20,2026-08-02,Chennai,Kochi,220.0,Completed,Review,Compliant,Valid,Review,Normal,45,0,0,4.924,4.01,5.67,0.429,86.97,83.47,8,0,0,0,2,1,1,50.0
SHP0228,V005,Refrigerated Truck,1500.0,Frozen Mixed Vegetables,Frozen,-25.0,-18.0,210,2026-08-13,2026-08-02,Salem,Bangalore,83.0,Completed,Compliant,Compliant,Valid,Complete,Normal,17,0,0,-21.132,-21.71,-20.53,0.351,82.06,84.71,6,0,0,0,2,2,0,100.0
SHP0229,V052,Refrigerated Truck,1500.0,Cheese,Chilled,2.0,8.0,193,2026-08-25,2026-08-05,Chennai,Coimbatore,147.0,Completed,Review,Compliant,Review,Complete,Normal,30,0,0,4.981,4.23,6.11,0.486,83.17,85.43,5,0,0,0,2,2,0,100.0
SHP0230,V031,Refrigerated Van,750.0,Frozen Mixed Vegetables,Frozen,-25.0,-18.0,53,2026-08-14,2026-08-06,Madurai,Pune,107.0,Completed,Compliant,Compliant,Valid,Complete,Normal,22,0,0,-21.061,-22.01,-20.22,0.411,83.23,82.82,6,0,0,0,2,2,0,100.0
SHP0231,V087,Refrigerated Truck,2000.0,Frozen Paneer,Frozen,-25.0,-18.0,217,2026-08-13,2026-08-07,Madurai,Coimbatore,264.0,Completed,Compliant,Compliant,Valid,Complete,Normal,53,0,0,-20.98,-21.71,-20.23,0.341,85.16,85.42,5,0,0,0,4,4,0,100.0
SHP0232,V092,Refrigerated Van,500.0,Fresh Cream,Chilled,2.0,8.0,96,2026-08-14,2026-08-01,Pune,Kochi,304.0,Completed,Review,Warning,Valid,Review,Normal,61,0,0,4.856,-4.65,5.72,1.292,84.05,85.28,8,0,0,0,4,3,1,75.0
SHP0233,V023,Refrigerated Van,750.0,Frozen Paneer,Frozen,-25.0,-18.0,92,2026-08-15,2026-08-02,Salem,Coimbatore,90.0,Completed,Review,Compliant,Review,Complete,Delayed,19,0,0,-21.055,-21.79,-20.31,0.336,83.83,82.63,6,1,0,16,3,3,0,100.0
SHP0234,V023,Refrigerated Van,750.0,Cheese,Chilled,2.0,8.0,86,2026-08-23,2026-08-07,Coimbatore,Bangalore,307.0,Completed,Compliant,Compliant,Valid,Complete,Normal,62,0,0,4.99,4.15,5.81,0.384,83.62,86.55,6,0,0,0,2,2,0,100.0
SHP0235,V090,Refrigerated Truck,3000.0,Frozen Mixed Vegetables,Frozen,-25.0,-18.0,212,2026-08-24,2026-08-02,Bengaluru,Pune,254.0,Completed,Review,Compliant,Review,Complete,Delayed,51,0,0,-20.949,-21.96,-20.13,0.414,84.85,82.06,5,2,0,47,2,2,0,100.0
SHP0236,V085,Refrigerated Van,1200.0,Yogurt,Chilled,2.0,8.0,289,2026-08-06,2026-08-02,Madurai,Bengaluru,126.0,Completed,Non-Compliant,Critical,Valid,Complete,Deviation,26,0,0,5.902,4.18,11.34,2.056,84.28,87.23,7,0,1,0,2,2,0,100.0
SHP0237,V007,Refrigerated Van,750.0,Fresh Cream,Chilled,2.0,8.0,205,2026-08-04,2026-08-07,Pune,Bangalore,83.0,Completed,Review,Compliant,Review,Complete,Normal,17,0,0,4.879,3.9,5.86,0.496,84.64,87.41,8,0,0,0,3,3,0,100.0
SHP0238,V033,Refrigerated Truck,2500.0,Fresh Paneer,Chilled,2.0,8.0,112,2026-08-10,2026-08-06,Bangalore,Kochi,66.0,Completed,Review,Warning,Review,Complete,Deviation,14,0,0,5.375,4.18,10.48,1.52,82.35,82.5,8,0,1,0,2,2,0,100.0
SHP0239,V091,Refrigerated Truck,1500.0,Cheese,Chilled,2.0,8.0,118,2026-08-11,2026-08-03,Mumbai,Bengaluru,174.0,Completed,Compliant,Compliant,Valid,Complete,Normal,35,0,0,4.999,3.88,5.96,0.471,85.61,84.14,5,0,0,0,4,4,0,100.0
SHP0240,V085,Refrigerated Van,1200.0,Frozen Corn,Frozen,-25.0,-18.0,59,2026-08-13,2026-08-05,Madurai,Mumbai,108.0,Completed,Non-Compliant,Critical,Valid,Complete,Normal,22,0,4,-20.085,-21.68,-15.39,1.894,82.97,67.59,7,0,0,0,4,4,0,100.0
SHP0241,V079,Refrigerated Van,500.0,Frozen Paneer,Frozen,-25.0,-18.0,296,2026-08-30,2026-08-01,Salem,Hyderabad,257.0,Completed,Review,Compliant,Valid,Review,Normal,52,0,0,-20.991,-21.75,-19.99,0.382,84.0,85.79,7,0,0,0,2,1,1,50.0
SHP0242,V091,Refrigerated Truck,1500.0,Frozen Mixed Vegetables,Frozen,-25.0,-18.0,87,2026-08-23,2026-08-02,Coimbatore,Mumbai,65.0,Completed,Compliant,Compliant,Valid,Complete,Normal,14,0,0,-21.141,-21.54,-20.73,0.291,84.28,88.14,5,0,0,0,2,2,0,100.0
SHP0243,V080,Refrigerated Van,750.0,Yogurt,Chilled,2.0,8.0,103,2026-08-09,2026-08-01,Coimbatore,Mumbai,313.0,Completed,Review,Compliant,Valid,Review,Normal,63,0,0,4.931,3.43,5.63,0.386,86.9,84.6,8,0,0,0,4,3,1,75.0
SHP0244,V059,Refrigerated Truck,2000.0,Frozen French Fries,Frozen,-25.0,-18.0,42,2026-08-17,2026-08-06,Coimbatore,Bangalore,183.0,Completed,Review,Compliant,Review,Complete,Delayed,37,0,0,-20.977,-21.83,-20.08,0.371,84.51,85.65,8,1,0,10,4,4,0,100.0
SHP0245,V090,Refrigerated Truck,3000.0,Yogurt,Chilled,2.0,8.0,247,2026-08-23,2026-08-07,Madurai,Kochi,174.0,Completed,Review,Compliant,Review,Complete,Normal,35,0,0,4.905,4.32,5.87,0.357,86.13,82.23,8,0,0,0,4,4,0,100.0
SHP0246,V010,Refrigerated Truck,2500.0,Cheese,Chilled,2.0,8.0,139,2026-08-21,2026-08-04,Mumbai,Salem,180.0,Completed,Review,Compliant,Review,Complete,Normal,37,1,0,5.051,4.46,5.82,0.344,85.67,86.7,8,0,0,0,3,3,0,100.0
SHP0247,V062,Refrigerated Truck,3000.0,Frozen Mixed Vegetables,Frozen,-25.0,-18.0,260,2026-08-30,2026-08-06,Bangalore,Pune,353.0,Completed,Compliant,Compliant,Valid,Complete,Delayed,71,0,0,-20.966,-21.94,-20.07,0.398,85.84,86.14,7,1,0,35,4,4,0,100.0
SHP0248,V005,Refrigerated Truck,1500.0,Frozen Mixed Vegetables,Frozen,-25.0,-18.0,245,2026-08-18,2026-08-05,Pune,Bangalore,221.0,Completed,Compliant,Compliant,Valid,Complete,Delayed,45,0,0,-21.046,-21.8,-20.33,0.379,84.25,84.24,6,1,0,25,2,2,0,100.0
SHP0249,V057,Refrigerated Van,1000.0,Cheese,Chilled,2.0,8.0,277,2026-08-20,2026-08-07,Bangalore,Pune,69.0,Completed,Review,Warning,Valid,Complete,Delayed,14,0,0,5.488,4.47,10.06,1.372,85.31,85.5,8,1,0,51,2,2,0,100.0
SHP0250,V087,Refrigerated Truck,2000.0,Yogurt,Chilled,2.0,8.0,122,2026-08-29,2026-08-05,Bangalore,Salem,345.0,Completed,Compliant,Compliant,Valid,Complete,Normal,70,0,4,4.964,4.02,5.79,0.386,84.76,80.99,6,0,0,0,3,3,0,100.0
SHP0251,V035,Refrigerated Van,750.0,Frozen Mixed Vegetables,Frozen,-25.0,-18.0,46,2026-08-24,2026-08-03,Mumbai,Chennai,215.0,Completed,Compliant,Compliant,Valid,Complete,Normal,44,0,0,-21.08,-22.09,-20.0,0.411,83.97,84.07,6,0,0,0,4,4,0,100.0
SHP0252,V012,Refrigerated Truck,2500.0,Fresh Paneer,Chilled,2.0,8.0,72,2026-08-26,2026-08-01,Mumbai,Hyderabad,293.0,Completed,Non-Compliant,Critical,Valid,Review,Normal,59,0,0,5.371,4.31,11.98,1.446,82.79,84.39,6,0,0,0,2,1,1,50.0
SHP0253,V045,Refrigerated Truck,2000.0,Frozen Mixed Vegetables,Frozen,-25.0,-18.0,62,2026-08-28,2026-08-02,Madurai,Chennai,292.0,Completed,Review,Compliant,Review,Complete,Delayed,59,0,0,-21.003,-22.1,-20.33,0.405,83.73,83.42,7,1,0,48,4,4,0,100.0
SHP0254,V082,Refrigerated Truck,1500.0,Frozen Mixed Vegetables,Frozen,-25.0,-18.0,250,2026-08-20,2026-08-02,Madurai,Mumbai,302.0,Completed,Compliant,Compliant,Valid,Complete,Normal,61,0,0,-20.954,-21.94,-20.21,0.331,84.2,86.08,7,0,0,0,4,4,0,100.0
SHP0255,V057,Refrigerated Van,1000.0,Frozen French Fries,Frozen,-25.0,-18.0,66,2026-08-11,2026-08-04,Madurai,Pune,173.0,Completed,Compliant,Compliant,Valid,Complete,Delayed,35,0,0,-20.985,-21.8,-20.18,0.405,85.41,87.71,5,1,0,13,3,3,0,100.0
SHP0256,V022,Refrigerated Van,500.0,Fresh Paneer,Chilled,2.0,8.0,33,2026-08-17,2026-08-04,Chennai,Madurai,209.0,Completed,Non-Compliant,Compliant,Review,Review,Deviation,42,0,0,5.016,4.0,6.03,0.427,84.9,84.95,8,0,1,0,3,2,1,66.67
SHP0257,V021,Refrigerated Truck,2500.0,Frozen French Fries,Frozen,-25.0,-18.0,277,2026-08-15,2026-08-02,Mumbai,Madurai,83.0,Completed,Review,Compliant,Review,Complete,Delayed,17,0,0,-20.972,-21.75,-20.4,0.345,84.43,80.53,6,1,0,29,2,2,0,100.0
SHP0258,V087,Refrigerated Truck,2000.0,Frozen French Fries,Frozen,-25.0,-18.0,61,2026-08-15,2026-08-01,Coimbatore,Pune,269.0,Completed,Compliant,Compliant,Valid,Complete,Normal,54,0,0,-21.006,-21.61,-19.95,0.337,84.72,86.89,5,0,0,0,4,4,0,100.0
SHP0259,V021,Refrigerated Truck,2500.0,Frozen Peas,Frozen,-25.0,-18.0,183,2026-08-07,2026-08-06,Bangalore,Kochi,156.0,Completed,Review,Compliant,Review,Complete,Normal,32,0,0,-21.035,-21.59,-20.24,0.362,84.75,85.66,6,0,0,0,3,3,0,100.0
SHP0260,V005,Refrigerated Truck,1500.0,Yogurt,Chilled,2.0,8.0,90,2026-08-05,2026-08-07,Bangalore,Salem,157.0,Completed,Compliant,Compliant,Valid,Complete,Normal,32,0,0,5.001,4.24,5.85,0.407,84.53,84.56,8,0,0,0,3,3,0,100.0
SHP0261,V065,Refrigerated Van,500.0,Cheese,Chilled,2.0,8.0,91,2026-08-28,2026-08-07,Madurai,Bangalore,123.0,Completed,Compliant,Compliant,Valid,Complete,Normal,25,0,0,4.865,3.88,5.75,0.463,83.53,88.68,6,0,0,0,3,3,0,100.0
SHP0262,V034,Refrigerated Van,1000.0,Cheese,Chilled,2.0,8.0,22,2026-08-06,2026-08-02,Pune,Bengaluru,315.0,Completed,Compliant,Compliant,Valid,Complete,Delayed,64,0,0,5.007,4.11,6.12,0.387,85.91,85.08,5,1,0,12,3,3,0,100.0
SHP0263,V071,Refrigerated Truck,2000.0,Frozen Mixed Vegetables,Frozen,-25.0,-18.0,130,2026-08-30,2026-08-03,Chennai,Mumbai,343.0,Completed,Review,Compliant,Valid,Complete,Deviation,69,0,0,-21.014,-21.76,-20.21,0.39,85.76,85.49,8,1,1,39,3,3,0,100.0
SHP0264,V004,Refrigerated Van,500.0,Frozen Paneer,Frozen,-25.0,-18.0,290,2026-08-17,2026-08-02,Salem,Bengaluru,320.0,Completed,Non-Compliant,Compliant,Review,Review,Normal,65,0,0,-21.076,-22.29,-20.14,0.447,84.04,84.8,5,0,0,0,2,0,2,0.0
SHP0265,V037,Refrigerated Truck,2500.0,Frozen Mixed Vegetables,Frozen,-25.0,-18.0,141,2026-08-13,2026-08-05,Coimbatore,Bengaluru,125.0,Completed,Review,Compliant,Valid,Review,Normal,26,0,0,-20.891,-22.21,-20.2,0.519,83.88,81.77,5,0,0,0,3,2,1,66.67
SHP0266,V058,Refrigerated Van,500.0,Frozen Peas,Frozen,-25.0,-18.0,142,2026-08-17,2026-08-03,Bangalore,Salem,224.0,Completed,Compliant,Compliant,Valid,Complete,Normal,45,1,4,-21.046,-21.76,-20.32,0.324,82.75,77.91,7,0,0,0,2,2,0,100.0
SHP0267,V072,Refrigerated Van,1000.0,Fresh Milk,Chilled,2.0,8.0,76,2026-08-30,2026-08-06,Mumbai,Salem,187.0,Completed,Compliant,Compliant,Valid,Complete,Normal,38,0,0,4.926,4.47,5.66,0.306,86.09,86.05,5,0,0,0,3,3,0,100.0
SHP0268,V001,Refrigerated Van,500.0,Fresh Cream,Chilled,2.0,8.0,294,2026-08-04,2026-08-02,Kochi,Salem,291.0,Completed,Review,Compliant,Valid,Complete,Deviation,59,0,0,4.931,4.22,5.59,0.332,84.98,84.95,8,0,1,0,3,3,0,100.0
SHP0269,V024,Refrigerated Truck,1500.0,Frozen Corn,Frozen,-25.0,-18.0,169,2026-08-17,2026-08-02,Coimbatore,Salem,322.0,Completed,Compliant,Compliant,Valid,Complete,Delayed,65,0,0,-21.026,-22.19,-20.11,0.42,85.57,83.71,7,1,0,10,2,2,0,100.0
SHP0270,V070,Refrigerated Van,1000.0,Frozen Paneer,Frozen,-25.0,-18.0,200,2026-08-11,2026-08-04,Kochi,Mumbai,343.0,Completed,Compliant,Compliant,Valid,Complete,Normal,69,0,0,-20.967,-21.67,-20.13,0.348,85.32,82.45,6,0,0,0,2,2,0,100.0
SHP0271,V086,Refrigerated Van,1200.0,Yogurt,Chilled,2.0,8.0,63,2026-08-20,2026-08-07,Hyderabad,Bengaluru,236.0,Completed,Compliant,Compliant,Valid,Complete,Normal,48,1,0,4.967,3.82,5.69,0.395,82.11,84.29,6,0,0,0,3,3,0,100.0
SHP0272,V020,Refrigerated Truck,1500.0,Fresh Milk,Chilled,2.0,8.0,289,2026-08-21,2026-08-02,Coimbatore,Mumbai,225.0,Completed,Review,Compliant,Review,Complete,Normal,46,0,0,4.992,4.25,5.59,0.361,84.72,85.7,8,0,0,0,4,4,0,100.0
SHP0273,V032,Refrigerated Van,1200.0,Frozen French Fries,Frozen,-25.0,-18.0,260,2026-08-05,2026-08-05,Bangalore,Madurai,358.0,Completed,Compliant,Compliant,Valid,Complete,Normal,72,0,0,-20.977,-22.35,-20.06,0.428,83.28,81.65,5,0,0,0,2,2,0,100.0
SHP0274,V006,Refrigerated Van,500.0,Fresh Paneer,Chilled,2.0,8.0,149,2026-08-27,2026-08-04,Bengaluru,Salem,333.0,Completed,Compliant,Compliant,Valid,Complete,Delayed,67,0,0,5.025,3.89,6.09,0.399,82.9,84.31,7,1,0,25,2,2,0,100.0
SHP0275,V096,Refrigerated Truck,2000.0,Frozen Mixed Vegetables,Frozen,-25.0,-18.0,54,2026-08-15,2026-08-01,Kochi,Salem,114.0,Completed,Review,Compliant,Valid,Complete,Deviation,23,0,0,-21.135,-21.87,-20.22,0.427,85.15,86.83,8,0,1,0,4,4,0,100.0
SHP0276,V057,Refrigerated Van,1000.0,Frozen Peas,Frozen,-25.0,-18.0,190,2026-08-08,2026-08-05,Chennai,Salem,88.0,Completed,Review,Compliant,Valid,Complete,Deviation,18,0,0,-20.977,-21.52,-20.36,0.317,84.21,87.17,7,1,1,16,2,2,0,100.0
SHP0277,V031,Refrigerated Van,750.0,Frozen Mixed Vegetables,Frozen,-25.0,-18.0,299,2026-08-14,2026-08-05,Hyderabad,Kochi,188.0,Completed,Review,Compliant,Valid,Review,Delayed,38,0,0,-20.912,-21.57,-19.65,0.382,87.17,86.42,8,1,0,32,3,2,1,66.67
SHP0278,V087,Refrigerated Truck,2000.0,Frozen French Fries,Frozen,-25.0,-18.0,265,2026-08-24,2026-08-06,Coimbatore,Chennai,211.0,Completed,Compliant,Compliant,Valid,Complete,Normal,43,0,0,-21.092,-21.96,-20.31,0.366,87.25,88.0,7,0,0,0,4,4,0,100.0
SHP0279,V095,Refrigerated Van,750.0,Frozen Corn,Frozen,-25.0,-18.0,52,2026-08-26,2026-08-01,Hyderabad,Mumbai,291.0,Completed,Non-Compliant,Critical,Valid,Complete,Normal,59,0,4,-20.723,-22.33,-15.75,1.312,84.3,78.24,5,0,0,0,2,2,0,100.0
SHP0280,V001,Refrigerated Van,500.0,Fresh Milk,Chilled,2.0,8.0,170,2026-08-10,2026-08-06,Bangalore,Bengaluru,347.0,Completed,Review,Compliant,Valid,Review,Normal,70,0,0,5.013,3.84,5.75,0.391,85.18,84.41,6,0,0,0,4,3,1,75.0
SHP0281,V062,Refrigerated Truck,3000.0,Frozen Corn,Frozen,-25.0,-18.0,41,2026-08-14,2026-08-04,Hyderabad,Mumbai,321.0,Completed,Review,Compliant,Valid,Review,Normal,65,0,0,-20.952,-21.81,-19.99,0.39,84.44,84.29,5,0,0,0,2,1,1,50.0
SHP0282,V054,Refrigerated Truck,1500.0,Fresh Cream,Chilled,2.0,8.0,223,2026-08-30,2026-08-05,Kochi,Chennai,273.0,Completed,Compliant,Compliant,Valid,Complete,Normal,55,0,4,5.099,3.81,6.04,0.456,86.05,79.04,5,0,0,0,3,3,0,100.0
SHP0283,V005,Refrigerated Truck,1500.0,Fresh Paneer,Chilled,2.0,8.0,38,2026-08-28,2026-08-01,Madurai,Mumbai,188.0,Completed,Compliant,Compliant,Valid,Complete,Normal,38,1,0,4.931,3.88,5.84,0.462,84.93,85.76,6,0,0,0,2,2,0,100.0
SHP0284,V052,Refrigerated Truck,1500.0,Frozen Mixed Vegetables,Frozen,-25.0,-18.0,202,2026-08-31,2026-08-04,Hyderabad,Bengaluru,175.0,Completed,Compliant,Compliant,Valid,Complete,Delayed,36,0,0,-20.949,-21.67,-20.02,0.431,83.82,81.36,8,1,0,58,3,3,0,100.0
SHP0285,V019,Refrigerated Truck,1500.0,Frozen Mixed Vegetables,Frozen,-25.0,-18.0,159,2026-08-07,2026-08-04,Madurai,Bengaluru,160.0,Completed,Review,Compliant,Review,Complete,Normal,33,0,0,-20.992,-22.21,-20.22,0.404,85.71,86.94,6,0,0,0,4,4,0,100.0
SHP0286,V070,Refrigerated Van,1000.0,Cheese,Chilled,2.0,8.0,224,2026-08-27,2026-08-05,Hyderabad,Kochi,98.0,Completed,Review,Compliant,Valid,Review,Normal,20,0,4,4.842,4.23,5.52,0.352,87.06,68.45,8,0,0,0,2,1,1,50.0
SHP0287,V037,Refrigerated Truck,2500.0,Cheese,Chilled,2.0,8.0,193,2026-08-09,2026-08-06,Coimbatore,Mumbai,80.0,Completed,Compliant,Compliant,Valid,Complete,Normal,17,0,0,5.068,4.25,5.69,0.476,87.22,83.29,6,0,0,0,3,3,0,100.0
SHP0288,V092,Refrigerated Van,500.0,Cheese,Chilled,2.0,8.0,208,2026-08-29,2026-08-02,Salem,Kochi,126.0,Completed,Non-Compliant,Critical,Review,Review,Delayed,26,0,0,5.853,4.43,11.03,2.051,85.59,86.04,8,1,0,22,3,2,1,66.67
SHP0289,V001,Refrigerated Van,500.0,Fresh Milk,Chilled,2.0,8.0,237,2026-08-06,2026-08-04,Coimbatore,Bengaluru,229.0,Completed,Review,Compliant,Valid,Review,Normal,46,1,0,4.972,4.09,5.75,0.371,84.86,84.37,7,0,0,0,3,2,1,66.67
SHP0290,V045,Refrigerated Truck,2000.0,Fresh Cream,Chilled,2.0,8.0,112,2026-08-21,2026-08-03,Pune,Coimbatore,225.0,Completed,Review,Compliant,Review,Complete,Normal,46,0,0,4.919,4.09,6.03,0.36,84.23,85.74,8,0,0,0,2,2,0,100.0
SHP0291,V090,Refrigerated Truck,3000.0,Fresh Paneer,Chilled,2.0,8.0,72,2026-08-06,2026-08-03,Bengaluru,Chennai,214.0,Completed,Review,Compliant,Review,Complete,Normal,43,1,0,5.022,3.8,5.98,0.454,83.38,83.98,5,0,0,0,2,2,0,100.0
SHP0292,V079,Refrigerated Van,500.0,Fresh Paneer,Chilled,2.0,8.0,176,2026-08-18,2026-08-03,Pune,Bengaluru,97.0,Completed,Review,Compliant,Valid,Review,Normal,20,0,0,4.796,3.92,5.89,0.483,84.78,83.7,8,0,0,0,4,3,1,75.0
SHP0293,V098,Refrigerated Truck,3000.0,Yogurt,Chilled,2.0,8.0,247,2026-08-15,2026-08-01,Madurai,Mumbai,326.0,Completed,Review,Compliant,Review,Complete,Normal,66,1,0,5.047,4.07,6.02,0.382,85.22,84.58,6,0,0,0,2,2,0,100.0
SHP0294,V037,Refrigerated Truck,2500.0,Fresh Milk,Chilled,2.0,8.0,200,2026-08-23,2026-08-01,Bangalore,Mumbai,338.0,Completed,Compliant,Compliant,Valid,Complete,Delayed,68,0,0,5.061,4.19,5.81,0.348,85.85,85.4,6,1,0,56,3,3,0,100.0
SHP0295,V021,Refrigerated Truck,2500.0,Fresh Paneer,Chilled,2.0,8.0,49,2026-08-06,2026-08-05,Mumbai,Salem,173.0,Completed,Review,Compliant,Review,Complete,Normal,35,0,0,5.014,4.12,5.78,0.357,85.75,84.57,8,0,0,0,4,4,0,100.0
SHP0296,V026,Refrigerated Truck,2500.0,Fresh Paneer,Chilled,2.0,8.0,282,2026-08-29,2026-08-03,Hyderabad,Madurai,210.0,Completed,Compliant,Compliant,Valid,Complete,Normal,43,0,0,4.985,4.19,6.01,0.403,85.91,85.33,8,0,0,0,2,2,0,100.0
SHP0297,V100,Refrigerated Truck,1500.0,Frozen Peas,Frozen,-25.0,-18.0,93,2026-08-31,2026-08-07,Hyderabad,Bengaluru,347.0,Completed,Compliant,Compliant,Valid,Complete,Delayed,70,1,0,-20.951,-21.86,-19.82,0.421,84.17,83.59,7,1,0,16,3,3,0,100.0
SHP0298,V093,Refrigerated Truck,2500.0,Fresh Milk,Chilled,2.0,8.0,84,2026-08-06,2026-08-01,Chennai,Bangalore,288.0,Completed,Compliant,Compliant,Valid,Complete,Normal,58,0,0,5.045,4.19,5.82,0.384,82.92,87.12,5,0,0,0,3,3,0,100.0
SHP0299,V004,Refrigerated Van,500.0,Frozen Mixed Vegetables,Frozen,-25.0,-18.0,205,2026-08-16,2026-08-06,Hyderabad,Bengaluru,80.0,Completed,Review,Compliant,Review,Complete,Normal,17,0,0,-21.124,-21.97,-20.62,0.408,87.01,87.12,8,0,0,0,4,4,0,100.0
SHP0300,V065,Refrigerated Van,500.0,Frozen Paneer,Frozen,-25.0,-18.0,98,2026-08-25,2026-08-01,Madurai,Salem,191.0,Completed,Non-Compliant,Critical,Valid,Complete,Normal,39,0,0,-20.607,-21.95,-16.01,1.41,84.28,85.21,5,0,0,0,2,2,0,100.0
SHP0301,V032,Refrigerated Van,1200.0,Fresh Paneer,Chilled,2.0,8.0,210,2026-08-18,2026-08-03,Mumbai,Kochi,324.0,Completed,Compliant,Compliant,Valid,Complete,Normal,65,0,0,4.983,4.09,5.95,0.393,87.45,83.85,8,0,0,0,2,2,0,100.0
SHP0302,V064,Refrigerated Truck,2500.0,Frozen Paneer,Frozen,-25.0,-18.0,90,2026-08-20,2026-08-07,Madurai,Mumbai,309.0,Completed,Review,Compliant,Review,Complete,Deviation,62,0,0,-21.005,-21.72,-20.13,0.366,85.15,84.92,8,1,1,35,2,2,0,100.0
SHP0303,V035,Refrigerated Van,750.0,Cheese,Chilled,2.0,8.0,180,2026-08-24,2026-08-04,Chennai,Kochi,224.0,Completed,Review,Compliant,Valid,Review,Normal,45,0,0,4.964,4.39,5.84,0.31,84.39,83.8,5,0,0,0,3,2,1,66.67
SHP0304,V063,Refrigerated Van,500.0,Yogurt,Chilled,2.0,8.0,78,2026-08-04,2026-08-04,Mumbai,Bangalore,335.0,Completed,Compliant,Compliant,Valid,Complete,Normal,68,0,0,4.999,4.18,6.19,0.407,85.05,86.29,8,0,0,0,2,2,0,100.0
SHP0305,V019,Refrigerated Truck,1500.0,Frozen French Fries,Frozen,-25.0,-18.0,285,2026-08-16,2026-08-07,Mumbai,Chennai,167.0,Completed,Non-Compliant,Compliant,Review,Review,Normal,34,0,0,-20.971,-21.93,-20.23,0.417,86.32,89.06,7,0,0,0,4,3,1,75.0
SHP0306,V083,Refrigerated Van,1000.0,Frozen Mixed Vegetables,Frozen,-25.0,-18.0,153,2026-08-26,2026-08-03,Hyderabad,Salem,335.0,Completed,Review,Warning,Valid,Complete,Delayed,68,0,0,-20.726,-21.98,-2.91,2.226,87.72,83.63,6,1,0,56,2,2,0,100.0
SHP0307,V046,Refrigerated Van,1200.0,Yogurt,Chilled,2.0,8.0,166,2026-08-26,2026-08-03,Salem,Bangalore,138.0,Completed,Compliant,Compliant,Valid,Complete,Normal,28,0,0,5.066,4.3,5.91,0.424,85.06,82.46,5,0,0,0,3,3,0,100.0
SHP0308,V007,Refrigerated Van,750.0,Yogurt,Chilled,2.0,8.0,82,2026-08-08,2026-08-04,Chennai,Pune,79.0,Completed,Review,Compliant,Valid,Review,Delayed,16,0,0,4.983,4.3,5.88,0.419,81.78,84.69,8,1,0,22,4,3,1,75.0
SHP0309,V075,Refrigerated Van,750.0,Frozen French Fries,Frozen,-25.0,-18.0,108,2026-08-26,2026-08-05,Bangalore,Chennai,188.0,Completed,Review,Warning,Valid,Complete,Normal,38,0,0,-20.628,-22.11,-7.82,2.181,88.49,85.16,8,0,0,0,2,2,0,100.0
SHP0310,V011,Refrigerated Van,750.0,Fresh Milk,Chilled,2.0,8.0,183,2026-08-25,2026-08-05,Mumbai,Bangalore,176.0,Completed,Review,Compliant,Valid,Review,Normal,36,0,0,4.985,4.3,5.57,0.333,85.49,84.0,5,0,0,0,2,1,1,50.0
SHP0311,V041,Refrigerated Truck,2000.0,Fresh Milk,Chilled,2.0,8.0,297,2026-08-13,2026-08-04,Kochi,Salem,267.0,Completed,Compliant,Compliant,Valid,Complete,Normal,54,0,0,4.938,4.11,5.86,0.402,85.93,83.43,7,0,0,0,4,4,0,100.0
SHP0312,V028,Refrigerated Van,1000.0,Yogurt,Chilled,2.0,8.0,109,2026-08-29,2026-08-07,Salem,Madurai,120.0,Completed,Review,Compliant,Valid,Review,Normal,25,0,0,5.006,4.29,6.14,0.42,86.41,82.8,7,0,0,0,2,1,1,50.0
SHP0313,V056,Refrigerated Van,1200.0,Fresh Cream,Chilled,2.0,8.0,134,2026-08-07,2026-08-04,Mumbai,Chennai,92.0,Completed,Compliant,Compliant,Valid,Complete,Delayed,19,0,0,4.854,3.97,5.54,0.449,85.85,86.79,5,1,0,54,4,4,0,100.0
SHP0314,V082,Refrigerated Truck,1500.0,Frozen Corn,Frozen,-25.0,-18.0,141,2026-08-29,2026-08-04,Bengaluru,Chennai,97.0,Completed,Review,Compliant,Valid,Review,Normal,20,0,0,-20.959,-21.81,-20.15,0.482,87.27,85.6,8,0,0,0,3,2,1,66.67
SHP0315,V056,Refrigerated Van,1200.0,Fresh Milk,Chilled,2.0,8.0,204,2026-08-21,2026-08-02,Madurai,Mumbai,214.0,Completed,Non-Compliant,Compliant,Review,Review,Normal,43,0,0,4.972,4.08,5.64,0.401,86.11,82.98,6,0,0,0,4,3,1,75.0
SHP0316,V054,Refrigerated Truck,1500.0,Cheese,Chilled,2.0,8.0,86,2026-08-23,2026-08-02,Bengaluru,Bangalore,284.0,Completed,Compliant,Compliant,Valid,Complete,Normal,57,0,0,5.067,4.3,5.94,0.413,84.3,83.68,7,0,0,0,3,3,0,100.0
SHP0317,V050,Refrigerated Van,1200.0,Frozen Peas,Frozen,-25.0,-18.0,178,2026-08-16,2026-08-01,Salem,Chennai,333.0,Completed,Review,Compliant,Valid,Review,Delayed,67,0,0,-20.936,-21.85,-19.93,0.411,85.2,85.75,8,1,0,45,3,2,1,66.67
SHP0318,V001,Refrigerated Van,500.0,Fresh Cream,Chilled,2.0,8.0,230,2026-08-28,2026-08-01,Hyderabad,Coimbatore,339.0,Completed,Review,Compliant,Valid,Review,Delayed,68,0,0,5.041,4.01,6.22,0.393,85.17,85.85,6,1,0,46,2,1,1,50.0
SHP0319,V092,Refrigerated Van,500.0,Fresh Cream,Chilled,2.0,8.0,57,2026-08-08,2026-08-06,Kochi,Coimbatore,251.0,Completed,Review,Compliant,Valid,Review,Deviation,51,0,0,5.068,4.13,6.37,0.472,84.78,84.71,5,0,1,0,4,2,2,50.0
SHP0320,V016,Refrigerated Truck,1500.0,Fresh Milk,Chilled,2.0,8.0,250,2026-08-18,2026-08-06,Chennai,Mumbai,123.0,Completed,Review,Compliant,Valid,Complete,Deviation,25,1,0,5.029,4.19,6.05,0.387,85.96,86.28,6,0,1,0,4,4,0,100.0
SHP0321,V085,Refrigerated Van,1200.0,Yogurt,Chilled,2.0,8.0,113,2026-08-28,2026-08-03,Chennai,Bengaluru,335.0,Completed,Compliant,Compliant,Valid,Complete,Normal,68,0,0,5.04,4.06,5.95,0.393,85.09,85.09,5,0,0,0,2,2,0,100.0
SHP0322,V047,Refrigerated Van,500.0,Frozen French Fries,Frozen,-25.0,-18.0,277,2026-08-31,2026-08-03,Mumbai,Bangalore,236.0,Completed,Review,Compliant,Review,Complete,Normal,48,0,0,-21.072,-21.9,-20.45,0.335,83.43,85.19,6,0,0,0,2,2,0,100.0
SHP0323,V019,Refrigerated Truck,1500.0,Frozen Peas,Frozen,-25.0,-18.0,285,2026-08-08,2026-08-06,Hyderabad,Salem,322.0,Completed,Non-Compliant,Critical,Review,Complete,Normal,65,0,0,-20.412,-22.13,-2.28,2.616,85.59,82.28,6,0,0,0,2,2,0,100.0
SHP0324,V010,Refrigerated Truck,2500.0,Yogurt,Chilled,2.0,8.0,102,2026-08-14,2026-08-01,Coimbatore,Hyderabad,189.0,Completed,Compliant,Compliant,Valid,Complete,Normal,38,0,0,5.013,4.19,5.84,0.357,85.38,85.92,8,0,0,0,4,4,0,100.0
SHP0325,V028,Refrigerated Van,1000.0,Frozen Mixed Vegetables,Frozen,-25.0,-18.0,285,2026-08-13,2026-08-05,Hyderabad,Bangalore,350.0,Completed,Review,Warning,Valid,Complete,Normal,71,0,0,-20.68,-22.23,-1.9,2.297,84.88,84.59,5,0,0,0,3,3,0,100.0
SHP0326,V099,Refrigerated Van,500.0,Frozen Mixed Vegetables,Frozen,-25.0,-18.0,120,2026-08-24,2026-08-06,Chennai,Mumbai,341.0,Completed,Non-Compliant,Critical,Valid,Complete,Normal,69,0,0,-20.728,-21.83,-15.07,1.245,81.5,83.42,6,0,0,0,2,2,0,100.0
SHP0327,V022,Refrigerated Van,500.0,Yogurt,Chilled,2.0,8.0,175,2026-08-23,2026-08-07,Bangalore,Kochi,188.0,Completed,Review,Compliant,Review,Complete,Delayed,38,0,0,4.999,4.11,5.82,0.484,86.87,85.0,8,1,0,40,4,4,0,100.0
SHP0328,V033,Refrigerated Truck,2500.0,Frozen Paneer,Frozen,-25.0,-18.0,106,2026-08-22,2026-08-02,Bangalore,Hyderabad,309.0,Completed,Non-Compliant,Critical,Valid,Complete,Normal,62,0,0,-20.659,-21.89,-15.89,1.068,86.16,83.82,8,0,0,0,3,3,0,100.0
SHP0329,V071,Refrigerated Truck,2000.0,Frozen Corn,Frozen,-25.0,-18.0,192,2026-08-30,2026-08-01,Madurai,Coimbatore,180.0,Completed,Non-Compliant,Compliant,Review,Review,Deviation,37,0,0,-20.987,-21.95,-20.11,0.405,83.76,86.92,8,0,1,0,3,2,1,66.67
SHP0330,V097,Refrigerated Truck,2000.0,Frozen Peas,Frozen,-25.0,-18.0,61,2026-08-05,2026-08-06,Bangalore,Kochi,159.0,Completed,Compliant,Compliant,Valid,Complete,Normal,32,0,0,-21.104,-21.95,-20.08,0.369,83.72,87.13,6,0,0,0,2,2,0,100.0
SHP0331,V010,Refrigerated Truck,2500.0,Yogurt,Chilled,2.0,8.0,233,2026-08-23,2026-08-05,Madurai,Pune,216.0,Completed,Review,Compliant,Valid,Review,Delayed,44,0,0,5.099,3.96,5.98,0.417,85.37,86.61,5,2,0,83,3,2,1,66.67
SHP0332,V080,Refrigerated Van,750.0,Frozen French Fries,Frozen,-25.0,-18.0,299,2026-08-13,2026-08-06,Bengaluru,Coimbatore,246.0,Completed,Review,Compliant,Valid,Review,Normal,50,0,0,-20.929,-21.93,-20.21,0.371,85.81,84.58,7,0,0,0,4,3,1,75.0
SHP0333,V030,Refrigerated Truck,1500.0,Cheese,Chilled,2.0,8.0,145,2026-08-29,2026-08-04,Madurai,Salem,220.0,Completed,Compliant,Compliant,Valid,Complete,Delayed,45,0,0,4.95,3.84,5.86,0.477,84.95,87.49,5,1,0,43,2,2,0,100.0
SHP0334,V046,Refrigerated Van,1200.0,Fresh Paneer,Chilled,2.0,8.0,252,2026-08-06,2026-08-06,Hyderabad,Salem,244.0,Completed,Review,Compliant,Valid,Complete,Deviation,49,0,0,5.067,3.82,6.31,0.421,84.02,84.08,7,0,1,0,3,3,0,100.0
SHP0335,V034,Refrigerated Van,1000.0,Frozen Corn,Frozen,-25.0,-18.0,245,2026-08-17,2026-08-01,Coimbatore,Madurai,288.0,Completed,Compliant,Compliant,Valid,Complete,Delayed,58,0,0,-21.0,-21.73,-20.01,0.409,84.52,83.9,6,1,0,50,4,4,0,100.0
SHP0336,V050,Refrigerated Van,1200.0,Cheese,Chilled,2.0,8.0,124,2026-08-14,2026-08-04,Madurai,Kochi,115.0,Completed,Non-Compliant,Critical,Valid,Complete,Deviation,24,0,0,5.882,4.6,11.48,2.107,85.01,89.29,8,0,1,0,2,2,0,100.0
SHP0337,V064,Refrigerated Truck,2500.0,Frozen Mixed Vegetables,Frozen,-25.0,-18.0,183,2026-08-27,2026-08-03,Coimbatore,Bengaluru,203.0,Completed,Review,Compliant,Review,Complete,Normal,41,0,0,-21.023,-21.86,-20.09,0.397,86.65,87.68,8,0,0,0,4,4,0,100.0
SHP0338,V036,Refrigerated Van,1000.0,Cheese,Chilled,2.0,8.0,86,2026-08-28,2026-08-04,Coimbatore,Mumbai,99.0,Completed,Compliant,Compliant,Valid,Complete,Normal,20,0,0,4.902,3.93,5.86,0.507,88.29,86.3,5,0,0,0,4,4,0,100.0
SHP0339,V061,Refrigerated Van,500.0,Fresh Cream,Chilled,2.0,8.0,74,2026-08-14,2026-08-04,Bangalore,Chennai,75.0,Completed,Non-Compliant,Compliant,Review,Review,Deviation,16,0,0,4.924,4.04,5.54,0.43,85.75,85.94,5,1,1,23,3,2,1,66.67
SHP0340,V093,Refrigerated Truck,2500.0,Frozen French Fries,Frozen,-25.0,-18.0,82,2026-08-12,2026-08-03,Bengaluru,Salem,78.0,Completed,Review,Compliant,Valid,Complete,Deviation,16,0,4,-20.917,-21.77,-20.04,0.467,85.83,61.94,5,0,1,0,3,3,0,100.0
SHP0341,V018,Refrigerated Truck,1500.0,Yogurt,Chilled,2.0,8.0,92,2026-08-07,2026-08-04,Mumbai,Kochi,336.0,Completed,Non-Compliant,Critical,Valid,Complete,Delayed,68,0,0,5.403,4.22,11.38,1.385,83.92,85.26,7,1,0,13,4,4,0,100.0
SHP0342,V085,Refrigerated Van,1200.0,Frozen Mixed Vegetables,Frozen,-25.0,-18.0,216,2026-08-31,2026-08-07,Pune,Coimbatore,174.0,Completed,Compliant,Compliant,Valid,Complete,Normal,35,0,0,-20.896,-21.7,-20.06,0.337,84.22,85.14,7,0,0,0,4,4,0,100.0
SHP0343,V051,Refrigerated Truck,3000.0,Yogurt,Chilled,2.0,8.0,101,2026-08-30,2026-08-06,Bengaluru,Kochi,316.0,Completed,Compliant,Compliant,Valid,Complete,Normal,64,0,0,4.983,3.87,5.96,0.402,84.57,85.5,5,0,0,0,3,3,0,100.0
SHP0344,V075,Refrigerated Van,750.0,Fresh Cream,Chilled,2.0,8.0,180,2026-08-10,2026-08-07,Mumbai,Bangalore,317.0,Completed,Non-Compliant,Critical,Valid,Review,Delayed,64,0,0,5.35,3.95,10.88,1.302,84.91,86.33,8,1,0,21,4,3,1,75.0
SHP0345,V070,Refrigerated Van,1000.0,Frozen French Fries,Frozen,-25.0,-18.0,283,2026-08-18,2026-08-07,Chennai,Hyderabad,144.0,Completed,Compliant,Compliant,Valid,Complete,Normal,29,0,0,-21.037,-21.7,-20.42,0.356,83.09,84.0,8,0,0,0,3,3,0,100.0
SHP0346,V023,Refrigerated Van,750.0,Fresh Paneer,Chilled,2.0,8.0,274,2026-08-04,2026-08-03,Mumbai,Coimbatore,151.0,Completed,Review,Compliant,Review,Complete,Delayed,31,0,0,5.011,4.34,5.85,0.394,86.34,88.0,7,1,0,13,3,3,0,100.0
SHP0347,V097,Refrigerated Truck,2000.0,Frozen French Fries,Frozen,-25.0,-18.0,278,2026-08-18,2026-08-03,Bengaluru,Coimbatore,307.0,Completed,Compliant,Compliant,Valid,Complete,Delayed,62,0,0,-21.031,-21.88,-20.07,0.385,85.08,85.42,6,1,0,44,2,2,0,100.0
SHP0348,V035,Refrigerated Van,750.0,Frozen Corn,Frozen,-25.0,-18.0,200,2026-08-05,2026-08-07,Madurai,Chennai,309.0,Completed,Compliant,Compliant,Valid,Complete,Normal,62,0,0,-21.009,-21.76,-20.34,0.383,83.65,86.47,8,0,0,0,4,4,0,100.0
SHP0349,V082,Refrigerated Truck,1500.0,Frozen Mixed Vegetables,Frozen,-25.0,-18.0,273,2026-08-23,2026-08-05,Hyderabad,Bangalore,179.0,Completed,Review,Compliant,Valid,Complete,Deviation,36,0,0,-21.063,-22.33,-20.16,0.47,85.16,86.03,6,0,1,0,4,4,0,100.0
SHP0350,V093,Refrigerated Truck,2500.0,Fresh Paneer,Chilled,2.0,8.0,294,2026-08-04,2026-08-02,Chennai,Hyderabad,244.0,Completed,Compliant,Compliant,Valid,Complete,Normal,49,0,0,5.063,3.7,5.97,0.532,84.95,84.94,6,0,0,0,4,4,0,100.0
SHP0351,V099,Refrigerated Van,500.0,Frozen French Fries,Frozen,-25.0,-18.0,88,2026-08-12,2026-08-02,Salem,Pune,83.0,Completed,Review,Compliant,Valid,Review,Normal,17,0,0,-20.898,-21.36,-20.13,0.375,84.57,85.35,7,0,0,0,4,3,1,75.0
SHP0352,V086,Refrigerated Van,1200.0,Cheese,Chilled,2.0,8.0,207,2026-08-05,2026-08-06,Chennai,Madurai,326.0,Completed,Review,Compliant,Valid,Review,Normal,66,0,0,4.959,2.06,5.92,0.551,83.54,84.17,8,0,0,0,4,2,2,50.0
SHP0353,V012,Refrigerated Truck,2500.0,Fresh Milk,Chilled,2.0,8.0,119,2026-08-15,2026-08-06,Kochi,Bengaluru,149.0,Completed,Compliant,Compliant,Valid,Complete,Normal,30,0,0,4.975,4.03,5.79,0.438,85.69,84.7,5,0,0,0,4,4,0,100.0
SHP0354,V042,Refrigerated Truck,2000.0,Fresh Milk,Chilled,2.0,8.0,217,2026-08-20,2026-08-06,Salem,Madurai,99.0,Completed,Compliant,Compliant,Valid,Complete,Normal,20,0,0,5.042,4.59,5.48,0.265,84.69,88.25,8,0,0,0,2,2,0,100.0
SHP0355,V086,Refrigerated Van,1200.0,Fresh Cream,Chilled,2.0,8.0,163,2026-08-30,2026-08-04,Mumbai,Kochi,174.0,Completed,Review,Compliant,Valid,Review,Normal,35,0,0,4.968,4.17,5.71,0.38,83.43,86.71,6,0,0,0,3,2,1,66.67
SHP0356,V100,Refrigerated Truck,1500.0,Frozen Corn,Frozen,-25.0,-18.0,69,2026-08-16,2026-08-05,Mumbai,Salem,236.0,Completed,Compliant,Compliant,Valid,Complete,Delayed,48,0,0,-20.934,-21.73,-20.38,0.313,83.84,82.21,8,2,0,44,2,2,0,100.0
SHP0357,V039,Refrigerated Truck,2000.0,Fresh Paneer,Chilled,2.0,8.0,207,2026-08-28,2026-08-03,Pune,Bengaluru,131.0,Completed,Compliant,Compliant,Valid,Complete,Normal,27,0,0,4.985,4.28,5.52,0.333,89.48,87.33,5,0,0,0,2,2,0,100.0
SHP0358,V072,Refrigerated Van,1000.0,Frozen Corn,Frozen,-25.0,-18.0,280,2026-08-16,2026-08-01,Pune,Coimbatore,323.0,Completed,Review,Compliant,Valid,Review,Delayed,65,0,0,-20.964,-21.89,-19.74,0.397,86.01,86.0,7,1,0,56,3,2,1,66.67
SHP0359,V081,Refrigerated Van,500.0,Frozen Peas,Frozen,-25.0,-18.0,39,2026-08-08,2026-08-07,Kochi,Hyderabad,140.0,Completed,Compliant,Compliant,Valid,Complete,Normal,29,1,0,-20.91,-21.66,-19.87,0.443,85.62,86.9,8,0,0,0,3,3,0,100.0
SHP0360,V008,Refrigerated Van,750.0,Cheese,Chilled,2.0,8.0,285,2026-08-18,2026-08-06,Madurai,Bengaluru,120.0,Completed,Review,Compliant,Review,Complete,Normal,25,0,0,5.054,4.49,5.62,0.343,85.65,87.8,8,0,0,0,2,2,0,100.0
SHP0361,V098,Refrigerated Truck,3000.0,Frozen Paneer,Frozen,-25.0,-18.0,283,2026-08-08,2026-08-03,Hyderabad,Salem,118.0,Completed,Review,Compliant,Review,Complete,Normal,24,0,4,-21.098,-21.68,-20.3,0.396,88.88,72.29,6,0,0,0,4,4,0,100.0
SHP0362,V036,Refrigerated Van,1000.0,Fresh Cream,Chilled,2.0,8.0,183,2026-08-09,2026-08-02,Pune,Hyderabad,270.0,Completed,Compliant,Compliant,Valid,Complete,Normal,55,0,0,4.958,4.03,5.76,0.407,83.63,83.24,5,0,0,0,3,3,0,100.0
SHP0363,V060,Refrigerated Van,1000.0,Fresh Cream,Chilled,2.0,8.0,173,2026-08-22,2026-08-05,Chennai,Hyderabad,353.0,Completed,Compliant,Compliant,Valid,Complete,Normal,71,0,0,4.954,3.55,5.84,0.412,86.06,85.89,7,0,0,0,2,2,0,100.0
SHP0364,V020,Refrigerated Truck,1500.0,Fresh Cream,Chilled,2.0,8.0,280,2026-08-21,2026-08-04,Bengaluru,Coimbatore,322.0,Completed,Review,Compliant,Review,Complete,Normal,65,0,0,5.1,4.13,6.08,0.363,84.24,84.48,6,0,0,0,2,2,0,100.0
SHP0365,V008,Refrigerated Van,750.0,Fresh Cream,Chilled,2.0,8.0,173,2026-08-19,2026-08-07,Chennai,Bengaluru,145.0,Completed,Compliant,Compliant,Valid,Complete,Normal,30,0,0,5.099,4.39,6.07,0.411,87.13,87.0,5,0,0,0,3,3,0,100.0
SHP0366,V093,Refrigerated Truck,2500.0,Frozen Mixed Vegetables,Frozen,-25.0,-18.0,189,2026-08-25,2026-08-04,Kochi,Coimbatore,348.0,Completed,Compliant,Compliant,Valid,Complete,Normal,70,0,0,-21.085,-22.24,-19.94,0.465,83.67,84.4,8,0,0,0,2,2,0,100.0
SHP0367,V061,Refrigerated Van,500.0,Frozen French Fries,Frozen,-25.0,-18.0,177,2026-08-29,2026-08-05,Chennai,Kochi,289.0,Completed,Non-Compliant,Compliant,Review,Review,Normal,58,0,0,-21.056,-21.72,-20.27,0.386,86.29,85.57,8,0,0,0,4,3,1,75.0
SHP0368,V080,Refrigerated Van,750.0,Frozen Paneer,Frozen,-25.0,-18.0,262,2026-08-12,2026-08-02,Bengaluru,Pune,172.0,Completed,Review,Compliant,Review,Complete,Normal,35,0,0,-20.977,-21.53,-20.26,0.304,83.38,85.03,8,0,0,0,3,3,0,100.0
SHP0369,V039,Refrigerated Truck,2000.0,Frozen Peas,Frozen,-25.0,-18.0,265,2026-08-09,2026-08-07,Salem,Bengaluru,358.0,Completed,Compliant,Compliant,Valid,Complete,Delayed,72,0,0,-20.942,-21.8,-19.85,0.403,83.12,84.99,7,1,0,12,2,2,0,100.0
SHP0370,V011,Refrigerated Van,750.0,Yogurt,Chilled,2.0,8.0,144,2026-08-05,2026-08-04,Coimbatore,Bengaluru,195.0,Completed,Compliant,Compliant,Valid,Complete,Delayed,40,0,0,5.063,4.09,5.78,0.412,85.8,86.1,8,2,0,77,2,2,0,100.0
SHP0371,V075,Refrigerated Van,750.0,Frozen Corn,Frozen,-25.0,-18.0,29,2026-08-18,2026-08-06,Coimbatore,Madurai,95.0,Completed,Compliant,Compliant,Valid,Complete,Normal,20,0,0,-21.291,-22.32,-20.54,0.513,84.35,82.3,7,0,0,0,3,3,0,100.0
SHP0372,V026,Refrigerated Truck,2500.0,Cheese,Chilled,2.0,8.0,97,2026-08-17,2026-08-04,Hyderabad,Salem,115.0,Completed,Compliant,Compliant,Valid,Complete,Normal,24,1,0,4.939,4.01,5.77,0.472,85.19,83.71,8,0,0,0,2,2,0,100.0
SHP0373,V060,Refrigerated Van,1000.0,Frozen French Fries,Frozen,-25.0,-18.0,276,2026-08-28,2026-08-01,Chennai,Hyderabad,318.0,Completed,Review,Compliant,Valid,Complete,Deviation,64,0,0,-20.995,-22.0,-19.99,0.439,85.54,83.81,6,0,1,0,3,3,0,100.0
SHP0374,V095,Refrigerated Van,750.0,Fresh Milk,Chilled,2.0,8.0,90,2026-08-20,2026-08-03,Salem,Coimbatore,150.0,Completed,Review,Compliant,Valid,Review,Normal,31,0,4,4.945,4.16,5.61,0.337,85.04,73.77,6,0,0,0,4,3,1,75.0
SHP0375,V005,Refrigerated Truck,1500.0,Frozen Paneer,Frozen,-25.0,-18.0,186,2026-08-25,2026-08-03,Pune,Bengaluru,332.0,Completed,Compliant,Compliant,Valid,Complete,Normal,67,0,0,-21.026,-22.14,-20.05,0.418,85.56,84.91,8,0,0,0,3,3,0,100.0
SHP0376,V018,Refrigerated Truck,1500.0,Fresh Cream,Chilled,2.0,8.0,212,2026-08-14,2026-08-07,Mumbai,Bangalore,126.0,Completed,Review,Compliant,Valid,Review,Normal,26,0,0,5.058,4.5,5.6,0.301,86.27,89.12,5,0,0,0,2,1,1,50.0
SHP0377,V050,Refrigerated Van,1200.0,Frozen French Fries,Frozen,-25.0,-18.0,292,2026-08-14,2026-08-07,Bengaluru,Mumbai,280.0,Completed,Compliant,Compliant,Valid,Complete,Normal,57,0,0,-21.025,-21.93,-20.22,0.423,85.87,84.53,7,0,0,0,4,4,0,100.0
SHP0378,V098,Refrigerated Truck,3000.0,Fresh Paneer,Chilled,2.0,8.0,267,2026-08-10,2026-08-06,Mumbai,Salem,82.0,Completed,Compliant,Compliant,Valid,Complete,Normal,17,0,0,5.17,4.53,6.79,0.553,85.36,82.82,7,0,0,0,3,3,0,100.0
SHP0379,V006,Refrigerated Van,500.0,Frozen Mixed Vegetables,Frozen,-25.0,-18.0,172,2026-08-11,2026-08-06,Mumbai,Salem,306.0,Completed,Compliant,Compliant,Valid,Complete,Delayed,62,0,0,-20.934,-21.8,-20.1,0.427,86.14,84.44,8,1,0,34,3,3,0,100.0
SHP0380,V058,Refrigerated Van,500.0,Fresh Paneer,Chilled,2.0,8.0,126,2026-08-26,2026-08-04,Salem,Madurai,354.0,Completed,Compliant,Compliant,Valid,Complete,Normal,71,0,0,5.028,4.32,6.1,0.376,86.21,85.03,7,0,0,0,3,3,0,100.0
SHP0381,V045,Refrigerated Truck,2000.0,Fresh Paneer,Chilled,2.0,8.0,265,2026-08-15,2026-08-04,Bangalore,Salem,304.0,Completed,Non-Compliant,Critical,Review,Review,Normal,61,0,0,5.418,4.2,11.14,1.452,84.58,84.21,7,0,0,0,3,2,1,66.67
SHP0382,V092,Refrigerated Van,500.0,Fresh Paneer,Chilled,2.0,8.0,82,2026-08-22,2026-08-07,Hyderabad,Bangalore,338.0,Completed,Compliant,Compliant,Valid,Complete,Normal,68,0,0,5.006,4.19,5.99,0.405,84.92,87.47,7,0,0,0,4,4,0,100.0
SHP0383,V096,Refrigerated Truck,2000.0,Cheese,Chilled,2.0,8.0,196,2026-08-28,2026-08-06,Salem,Kochi,63.0,Completed,Compliant,Compliant,Valid,Complete,Delayed,13,0,0,5.107,4.52,5.61,0.368,84.28,81.46,5,1,0,59,2,2,0,100.0
SHP0384,V098,Refrigerated Truck,3000.0,Frozen Mixed Vegetables,Frozen,-25.0,-18.0,41,2026-08-13,2026-08-05,Bengaluru,Mumbai,63.0,Completed,Non-Compliant,Compliant,Review,Review,Delayed,13,0,0,-20.982,-21.83,-20.42,0.481,86.32,84.69,8,1,0,36,4,3,1,75.0
SHP0385,V057,Refrigerated Van,1000.0,Frozen Mixed Vegetables,Frozen,-25.0,-18.0,246,2026-08-24,2026-08-06,Salem,Hyderabad,221.0,Completed,Non-Compliant,Critical,Valid,Complete,Delayed,45,0,0,-20.658,-22.11,-15.06,1.46,86.33,85.73,7,2,0,45,2,2,0,100.0
SHP0386,V096,Refrigerated Truck,2000.0,Cheese,Chilled,2.0,8.0,129,2026-08-10,2026-08-03,Salem,Madurai,278.0,Completed,Compliant,Compliant,Valid,Complete,Normal,56,1,0,5.049,4.4,6.1,0.4,83.7,83.21,8,0,0,0,2,2,0,100.0
SHP0387,V033,Refrigerated Truck,2500.0,Fresh Cream,Chilled,2.0,8.0,159,2026-08-08,2026-08-03,Bengaluru,Kochi,334.0,Completed,Compliant,Compliant,Valid,Complete,Normal,67,0,0,4.991,3.97,5.8,0.407,85.53,83.33,5,0,0,0,3,3,0,100.0
SHP0388,V087,Refrigerated Truck,2000.0,Frozen Paneer,Frozen,-25.0,-18.0,142,2026-08-11,2026-08-02,Salem,Bengaluru,201.0,Completed,Review,Compliant,Valid,Complete,Deviation,41,0,0,-21.027,-22.1,-19.91,0.431,85.05,85.98,6,0,1,0,3,3,0,100.0
SHP0389,V020,Refrigerated Truck,1500.0,Frozen Paneer,Frozen,-25.0,-18.0,135,2026-08-24,2026-08-03,Salem,Hyderabad,345.0,Completed,Non-Compliant,Critical,Review,Complete,Delayed,70,0,0,-20.774,-22.03,-15.44,1.126,87.16,85.2,7,1,0,33,3,3,0,100.0
SHP0390,V085,Refrigerated Van,1200.0,Frozen Peas,Frozen,-25.0,-18.0,71,2026-08-17,2026-08-04,Pune,Coimbatore,344.0,Completed,Compliant,Compliant,Valid,Complete,Normal,69,0,0,-20.992,-22.17,-20.03,0.418,84.54,84.59,6,0,0,0,3,3,0,100.0
SHP0391,V079,Refrigerated Van,500.0,Cheese,Chilled,2.0,8.0,71,2026-08-25,2026-08-02,Pune,Kochi,236.0,Completed,Review,Compliant,Review,Complete,Deviation,48,0,4,5.033,4.42,5.94,0.35,84.57,79.44,7,0,1,0,4,4,0,100.0
SHP0392,V033,Refrigerated Truck,2500.0,Frozen Peas,Frozen,-25.0,-18.0,100,2026-08-17,2026-08-05,Salem,Coimbatore,177.0,Completed,Compliant,Compliant,Valid,Complete,Normal,36,0,0,-21.042,-21.9,-20.17,0.454,82.83,85.72,6,0,0,0,4,4,0,100.0
SHP0393,V008,Refrigerated Van,750.0,Cheese,Chilled,2.0,8.0,122,2026-08-28,2026-08-05,Pune,Coimbatore,320.0,Completed,Compliant,Compliant,Valid,Complete,Normal,65,0,0,5.035,3.98,5.98,0.463,83.29,86.4,7,0,0,0,3,3,0,100.0
SHP0394,V065,Refrigerated Van,500.0,Fresh Paneer,Chilled,2.0,8.0,166,2026-08-24,2026-08-03,Salem,Madurai,86.0,Completed,Review,Compliant,Valid,Review,Delayed,18,0,0,5.105,4.56,5.79,0.366,86.91,84.39,6,1,0,35,3,2,1,66.67
SHP0395,V053,Refrigerated Van,1000.0,Frozen Peas,Frozen,-25.0,-18.0,138,2026-08-21,2026-08-06,Coimbatore,Salem,106.0,Completed,Compliant,Compliant,Valid,Complete,Normal,22,0,0,-20.994,-21.67,-20.29,0.386,88.11,82.86,6,0,0,0,2,2,0,100.0
SHP0396,V046,Refrigerated Van,1200.0,Frozen Corn,Frozen,-25.0,-18.0,233,2026-08-30,2026-08-07,Coimbatore,Pune,105.0,Completed,Review,Compliant,Valid,Review,Delayed,22,0,0,-21.045,-21.56,-19.96,0.322,85.97,88.5,7,1,0,39,4,3,1,75.0
SHP0397,V082,Refrigerated Truck,1500.0,Frozen Peas,Frozen,-25.0,-18.0,223,2026-08-29,2026-08-06,Bangalore,Kochi,100.0,Completed,Compliant,Compliant,Valid,Complete,Delayed,21,0,0,-20.944,-21.7,-20.37,0.355,84.61,88.05,5,1,0,14,3,3,0,100.0
SHP0398,V092,Refrigerated Van,500.0,Yogurt,Chilled,2.0,8.0,168,2026-08-05,2026-08-05,Bengaluru,Chennai,265.0,Completed,Non-Compliant,Critical,Review,Complete,Normal,54,0,0,5.374,4.36,10.51,1.359,86.12,86.67,5,0,0,0,4,4,0,100.0
SHP0399,V096,Refrigerated Truck,2000.0,Frozen Mixed Vegetables,Frozen,-25.0,-18.0,74,2026-08-14,2026-08-07,Bengaluru,Mumbai,89.0,Completed,Review,Compliant,Review,Complete,Normal,18,1,0,-21.068,-21.79,-20.46,0.39,82.83,84.33,8,0,0,0,2,2,0,100.0
SHP0400,V031,Refrigerated Van,750.0,Cheese,Chilled,2.0,8.0,298,2026-08-20,2026-08-03,Coimbatore,Pune,163.0,Completed,Review,Compliant,Valid,Review,Deviation,33,0,0,5.055,4.23,5.87,0.429,85.88,83.58,7,0,1,0,4,3,1,75.0
SHP0401,V063,Refrigerated Van,500.0,Yogurt,Chilled,2.0,8.0,278,2026-08-18,2026-08-03,Mumbai,Kochi,321.0,Completed,Compliant,Compliant,Valid,Complete,Delayed,65,0,0,4.99,4.11,5.98,0.4,85.66,85.35,6,1,0,40,4,4,0,100.0
SHP0402,V080,Refrigerated Van,750.0,Yogurt,Chilled,2.0,8.0,77,2026-08-14,2026-08-03,Mumbai,Hyderabad,78.0,Completed,Review,Compliant,Review,Complete,Delayed,16,0,0,5.186,4.23,5.76,0.378,84.39,88.88,6,2,0,89,3,3,0,100.0
SHP0403,V054,Refrigerated Truck,1500.0,Frozen French Fries,Frozen,-25.0,-18.0,151,2026-08-26,2026-08-06,Madurai,Hyderabad,140.0,Completed,Compliant,Compliant,Valid,Complete,Normal,29,0,0,-20.957,-21.55,-19.81,0.354,85.92,84.34,5,0,0,0,2,2,0,100.0
SHP0404,V024,Refrigerated Truck,1500.0,Frozen Peas,Frozen,-25.0,-18.0,192,2026-08-29,2026-08-05,Bangalore,Kochi,262.0,Completed,Compliant,Compliant,Valid,Complete,Delayed,53,0,0,-21.022,-22.01,-20.01,0.395,84.22,84.36,6,1,0,59,4,4,0,100.0
SHP0405,V034,Refrigerated Van,1000.0,Fresh Cream,Chilled,2.0,8.0,118,2026-08-09,2026-08-03,Salem,Bengaluru,67.0,Completed,Compliant,Compliant,Valid,Complete,Normal,14,0,0,5.011,4.48,5.58,0.367,87.6,83.93,8,0,0,0,2,2,0,100.0
SHP0406,V050,Refrigerated Van,1200.0,Cheese,Chilled,2.0,8.0,283,2026-08-14,2026-08-03,Bangalore,Mumbai,346.0,Completed,Compliant,Compliant,Valid,Complete,Normal,70,0,0,5.019,4.35,5.97,0.318,85.73,86.33,7,0,0,0,3,3,0,100.0
SHP0407,V062,Refrigerated Truck,3000.0,Frozen French Fries,Frozen,-25.0,-18.0,68,2026-08-09,2026-08-01,Bengaluru,Madurai,201.0,Completed,Review,Compliant,Valid,Review,Normal,41,0,0,-21.027,-22.1,-20.12,0.433,85.69,86.2,8,0,0,0,4,3,1,75.0
SHP0408,V062,Refrigerated Truck,3000.0,Frozen French Fries,Frozen,-25.0,-18.0,185,2026-08-11,2026-08-03,Hyderabad,Bengaluru,266.0,Completed,Non-Compliant,Critical,Valid,Complete,Normal,54,0,0,-20.601,-22.03,-15.04,1.373,86.71,84.31,6,0,0,0,4,4,0,100.0
SHP0409,V041,Refrigerated Truck,2000.0,Frozen Mixed Vegetables,Frozen,-25.0,-18.0,216,2026-08-11,2026-08-01,Bengaluru,Chennai,268.0,Completed,Compliant,Compliant,Valid,Complete,Normal,54,0,4,-20.994,-21.98,-20.01,0.418,85.42,79.61,5,0,0,0,3,3,0,100.0
SHP0410,V045,Refrigerated Truck,2000.0,Fresh Paneer,Chilled,2.0,8.0,188,2026-08-13,2026-08-07,Mumbai,Bangalore,317.0,Completed,Non-Compliant,Compliant,Review,Review,Normal,64,0,0,5.068,4.28,5.72,0.348,86.96,85.83,7,0,0,0,2,1,1,50.0
SHP0411,V059,Refrigerated Truck,2000.0,Frozen Mixed Vegetables,Frozen,-25.0,-18.0,204,2026-08-26,2026-08-04,Kochi,Madurai,322.0,Completed,Non-Compliant,Compliant,Review,Review,Delayed,65,1,0,-20.905,-21.8,-19.93,0.428,86.97,84.22,6,1,0,12,2,1,1,50.0
SHP0412,V016,Refrigerated Truck,1500.0,Frozen Peas,Frozen,-25.0,-18.0,80,2026-08-18,2026-08-07,Kochi,Mumbai,286.0,Completed,Compliant,Compliant,Valid,Complete,Normal,58,1,4,-21.016,-21.89,-19.77,0.441,84.32,77.53,7,0,0,0,4,4,0,100.0
SHP0413,V096,Refrigerated Truck,2000.0,Yogurt,Chilled,2.0,8.0,227,2026-08-25,2026-08-05,Salem,Bengaluru,184.0,Completed,Review,Compliant,Review,Complete,Normal,37,0,0,4.95,3.99,6.24,0.468,88.66,84.81,5,0,0,0,3,3,0,100.0
SHP0414,V007,Refrigerated Van,750.0,Fresh Milk,Chilled,2.0,8.0,171,2026-08-15,2026-08-05,Madurai,Pune,360.0,Completed,Compliant,Compliant,Valid,Complete,Delayed,73,0,0,4.983,4.21,6.03,0.383,84.12,85.62,5,1,0,22,3,3,0,100.0
SHP0415,V021,Refrigerated Truck,2500.0,Frozen Corn,Frozen,-25.0,-18.0,88,2026-08-19,2026-08-04,Chennai,Pune,94.0,Completed,Review,Compliant,Review,Complete,Normal,19,0,0,-20.894,-21.82,-20.32,0.348,87.54,82.47,8,0,0,0,3,3,0,100.0
SHP0416,V080,Refrigerated Van,750.0,Frozen French Fries,Frozen,-25.0,-18.0,211,2026-08-17,2026-08-05,Salem,Hyderabad,177.0,Completed,Compliant,Compliant,Valid,Complete,Normal,36,1,0,-20.906,-21.62,-20.03,0.423,84.67,84.97,7,0,0,0,3,3,0,100.0
SHP0417,V016,Refrigerated Truck,1500.0,Fresh Cream,Chilled,2.0,8.0,131,2026-08-28,2026-08-05,Madurai,Salem,334.0,Completed,Review,Compliant,Valid,Review,Normal,67,0,0,5.012,3.95,6.16,0.461,84.71,85.18,7,0,0,0,3,2,1,66.67
SHP0418,V040,Refrigerated Truck,3000.0,Frozen Paneer,Frozen,-25.0,-18.0,61,2026-08-20,2026-08-07,Chennai,Kochi,107.0,Completed,Review,Compliant,Valid,Review,Delayed,22,0,0,-20.914,-21.66,-20.39,0.347,84.91,85.18,7,1,0,19,4,3,1,75.0
SHP0419,V047,Refrigerated Van,500.0,Fresh Cream,Chilled,2.0,8.0,205,2026-08-06,2026-08-02,Salem,Madurai,151.0,Completed,Review,Warning,Review,Complete,Normal,31,0,0,5.381,4.4,15.34,1.886,87.61,84.87,6,0,0,0,4,4,0,100.0
SHP0420,V034,Refrigerated Van,1000.0,Frozen Peas,Frozen,-25.0,-18.0,300,2026-08-20,2026-08-07,Pune,Madurai,353.0,Completed,Compliant,Compliant,Valid,Complete,Normal,71,0,0,-20.979,-22.1,-20.19,0.439,84.26,83.51,8,0,0,0,2,2,0,100.0
SHP0421,V046,Refrigerated Van,1200.0,Frozen Paneer,Frozen,-25.0,-18.0,294,2026-08-08,2026-08-01,Kochi,Coimbatore,157.0,Completed,Non-Compliant,Critical,Valid,Complete,Deviation,32,0,0,-20.48,-21.67,-15.43,1.601,81.84,83.28,7,1,1,24,3,3,0,100.0
SHP0422,V017,Refrigerated Truck,2500.0,Frozen Mixed Vegetables,Frozen,-25.0,-18.0,286,2026-08-18,2026-08-06,Pune,Hyderabad,183.0,Completed,Compliant,Compliant,Valid,Complete,Normal,37,1,0,-21.043,-22.02,-20.15,0.405,83.11,83.65,5,0,0,0,2,2,0,100.0
SHP0423,V031,Refrigerated Van,750.0,Frozen Corn,Frozen,-25.0,-18.0,270,2026-08-06,2026-08-04,Kochi,Hyderabad,187.0,Completed,Compliant,Compliant,Valid,Complete,Normal,38,0,0,-21.066,-21.82,-20.28,0.366,86.54,84.16,6,0,0,0,3,3,0,100.0
SHP0424,V012,Refrigerated Truck,2500.0,Fresh Milk,Chilled,2.0,8.0,252,2026-08-08,2026-08-03,Bengaluru,Madurai,114.0,Completed,Non-Compliant,Critical,Valid,Complete,Normal,23,0,0,5.803,3.99,11.1,2.042,85.92,87.22,6,0,0,0,3,3,0,100.0
SHP0425,V019,Refrigerated Truck,1500.0,Cheese,Chilled,2.0,8.0,49,2026-08-21,2026-08-03,Bangalore,Pune,337.0,Completed,Review,Compliant,Review,Complete,Normal,68,0,0,5.007,3.8,5.84,0.394,83.09,85.6,7,0,0,0,3,3,0,100.0
SHP0426,V016,Refrigerated Truck,1500.0,Fresh Paneer,Chilled,2.0,8.0,31,2026-08-16,2026-08-02,Chennai,Pune,221.0,Completed,Non-Compliant,Critical,Valid,Complete,Normal,45,0,0,5.848,4.17,18.21,2.592,85.12,83.76,7,0,0,0,2,2,0,100.0
SHP0427,V018,Refrigerated Truck,1500.0,Fresh Milk,Chilled,2.0,8.0,131,2026-08-22,2026-08-03,Pune,Bengaluru,153.0,Completed,Non-Compliant,Critical,Valid,Complete,Normal,31,1,4,5.92,4.3,16.68,2.596,84.33,73.35,7,0,0,0,4,4,0,100.0
SHP0428,V028,Refrigerated Van,1000.0,Frozen Peas,Frozen,-25.0,-18.0,236,2026-08-15,2026-08-02,Mumbai,Kochi,355.0,Completed,Compliant,Compliant,Valid,Complete,Normal,72,0,0,-21.021,-21.91,-20.43,0.341,84.91,84.81,5,0,0,0,4,4,0,100.0
SHP0429,V043,Refrigerated Van,1000.0,Frozen Paneer,Frozen,-25.0,-18.0,50,2026-08-06,2026-08-01,Coimbatore,Chennai,276.0,Completed,Non-Compliant,Critical,Valid,Complete,Deviation,56,0,4,-20.6,-22.2,-15.17,1.23,85.11,77.8,7,1,1,47,3,3,0,100.0
SHP0430,V051,Refrigerated Truck,3000.0,Fresh Milk,Chilled,2.0,8.0,166,2026-08-17,2026-08-01,Pune,Mumbai,237.0,Completed,Compliant,Compliant,Valid,Complete,Normal,48,0,0,5.0,4.13,5.84,0.364,84.95,84.96,5,0,0,0,4,4,0,100.0
SHP0431,V032,Refrigerated Van,1200.0,Frozen Corn,Frozen,-25.0,-18.0,235,2026-08-15,2026-08-04,Salem,Coimbatore,325.0,Completed,Review,Warning,Valid,Complete,Normal,66,1,0,-20.783,-22.33,-6.25,1.885,85.38,85.0,7,0,0,0,2,2,0,100.0
SHP0432,V093,Refrigerated Truck,2500.0,Cheese,Chilled,2.0,8.0,213,2026-08-16,2026-08-06,Pune,Madurai,66.0,Completed,Compliant,Compliant,Valid,Complete,Normal,14,1,0,4.903,4.07,5.7,0.42,84.9,86.5,6,0,0,0,3,3,0,100.0
SHP0433,V022,Refrigerated Van,500.0,Frozen Paneer,Frozen,-25.0,-18.0,88,2026-08-24,2026-08-03,Hyderabad,Salem,226.0,Completed,Review,Compliant,Review,Complete,Normal,46,0,0,-20.969,-21.53,-20.07,0.328,82.42,85.96,7,0,0,0,2,2,0,100.0
SHP0434,V095,Refrigerated Van,750.0,Fresh Milk,Chilled,2.0,8.0,111,2026-08-21,2026-08-07,Madurai,Bengaluru,340.0,Completed,Review,Compliant,Valid,Review,Delayed,69,0,0,5.011,4.2,6.2,0.431,86.86,84.45,7,1,0,15,4,2,2,50.0
SHP0435,V091,Refrigerated Truck,1500.0,Fresh Cream,Chilled,2.0,8.0,85,2026-08-27,2026-08-01,Kochi,Hyderabad,235.0,Completed,Review,Compliant,Valid,Review,Deviation,48,0,0,5.029,3.81,6.14,0.427,87.6,84.19,6,0,1,0,4,3,1,75.0
SHP0436,V060,Refrigerated Van,1000.0,Frozen Peas,Frozen,-25.0,-18.0,31,2026-08-13,2026-08-06,Madurai,Coimbatore,167.0,Completed,Compliant,Compliant,Valid,Complete,Normal,34,1,0,-20.899,-21.8,-20.16,0.371,86.83,85.12,5,0,0,0,3,3,0,100.0
SHP0437,V043,Refrigerated Van,1000.0,Fresh Cream,Chilled,2.0,8.0,237,2026-08-21,2026-08-07,Salem,Madurai,265.0,Completed,Compliant,Compliant,Valid,Complete,Delayed,54,1,0,4.948,4.2,5.74,0.365,85.26,83.0,6,1,0,15,4,4,0,100.0
SHP0438,V030,Refrigerated Truck,1500.0,Yogurt,Chilled,2.0,8.0,146,2026-08-18,2026-08-05,Kochi,Pune,127.0,Completed,Compliant,Compliant,Valid,Complete,Normal,26,0,0,5.058,4.27,6.01,0.421,85.29,84.73,6,0,0,0,4,4,0,100.0
SHP0439,V075,Refrigerated Van,750.0,Yogurt,Chilled,2.0,8.0,161,2026-08-10,2026-08-02,Bengaluru,Hyderabad,198.0,Completed,Review,Warning,Valid,Complete,Delayed,40,0,0,5.149,4.24,13.01,1.323,85.45,84.55,8,1,0,50,4,4,0,100.0
SHP0440,V040,Refrigerated Truck,3000.0,Frozen Peas,Frozen,-25.0,-18.0,234,2026-08-23,2026-08-04,Hyderabad,Mumbai,255.0,Completed,Compliant,Compliant,Valid,Complete,Delayed,52,0,4,-21.005,-22.1,-19.82,0.415,86.45,79.77,6,1,0,31,2,2,0,100.0
SHP0441,V097,Refrigerated Truck,2000.0,Frozen Corn,Frozen,-25.0,-18.0,125,2026-08-06,2026-08-04,Hyderabad,Coimbatore,302.0,Completed,Compliant,Compliant,Valid,Complete,Normal,61,0,0,-21.034,-21.74,-20.12,0.388,82.64,85.52,8,0,0,0,4,4,0,100.0
SHP0442,V083,Refrigerated Van,1000.0,Frozen Paneer,Frozen,-25.0,-18.0,37,2026-08-18,2026-08-02,Chennai,Coimbatore,128.0,Completed,Compliant,Compliant,Valid,Complete,Delayed,26,0,0,-21.101,-21.97,-20.34,0.451,84.32,84.62,8,1,0,60,3,3,0,100.0
SHP0443,V060,Refrigerated Van,1000.0,Frozen Corn,Frozen,-25.0,-18.0,42,2026-08-16,2026-08-04,Mumbai,Madurai,188.0,Completed,Compliant,Compliant,Valid,Complete,Normal,38,0,0,-21.036,-21.66,-20.5,0.313,84.01,86.0,8,0,0,0,4,4,0,100.0
SHP0444,V081,Refrigerated Van,500.0,Yogurt,Chilled,2.0,8.0,296,2026-08-10,2026-08-05,Mumbai,Bengaluru,110.0,Completed,Compliant,Compliant,Valid,Complete,Normal,23,0,0,5.115,4.33,5.67,0.427,84.56,83.91,6,0,0,0,2,2,0,100.0
SHP0445,V053,Refrigerated Van,1000.0,Frozen Corn,Frozen,-25.0,-18.0,277,2026-08-13,2026-08-07,Coimbatore,Chennai,190.0,Completed,Compliant,Compliant,Valid,Complete,Normal,39,0,0,-20.936,-21.86,-19.93,0.44,84.07,83.87,7,0,0,0,4,4,0,100.0
SHP0446,V063,Refrigerated Van,500.0,Frozen Paneer,Frozen,-25.0,-18.0,183,2026-08-22,2026-08-07,Pune,Bangalore,231.0,Completed,Review,Compliant,Valid,Complete,Deviation,47,0,4,-21.024,-21.78,-19.42,0.463,82.41,77.3,6,0,1,0,4,4,0,100.0
SHP0447,V030,Refrigerated Truck,1500.0,Yogurt,Chilled,2.0,8.0,174,2026-08-08,2026-08-03,Kochi,Madurai,345.0,Completed,Review,Compliant,Valid,Review,Normal,70,0,0,4.897,4.05,5.87,0.332,85.68,86.39,7,0,0,0,2,1,1,50.0
SHP0448,V037,Refrigerated Truck,2500.0,Frozen French Fries,Frozen,-25.0,-18.0,173,2026-08-12,2026-08-03,Kochi,Madurai,122.0,Completed,Review,Compliant,Valid,Review,Normal,25,0,0,-20.981,-21.67,-20.39,0.367,82.54,86.76,5,0,0,0,4,3,1,75.0
SHP0449,V063,Refrigerated Van,500.0,Frozen Paneer,Frozen,-25.0,-18.0,109,2026-08-24,2026-08-02,Madurai,Bengaluru,354.0,Completed,Compliant,Compliant,Valid,Complete,Normal,71,0,0,-20.931,-21.93,-19.98,0.378,84.75,85.06,7,0,0,0,3,3,0,100.0
SHP0450,V059,Refrigerated Truck,2000.0,Fresh Cream,Chilled,2.0,8.0,273,2026-08-05,2026-08-01,Mumbai,Coimbatore,226.0,Completed,Review,Compliant,Valid,Review,Delayed,46,0,0,4.991,4.03,5.94,0.407,83.61,85.33,7,2,0,76,4,3,1,75.0
SHP0451,V061,Refrigerated Van,500.0,Cheese,Chilled,2.0,8.0,288,2026-08-14,2026-08-03,Mumbai,Pune,100.0,Completed,Non-Compliant,Compliant,Review,Review,Normal,21,1,0,4.942,4.24,5.78,0.376,87.51,81.43,6,0,0,0,2,1,1,50.0
SHP0452,V064,Refrigerated Truck,2500.0,Cheese,Chilled,2.0,8.0,96,2026-08-13,2026-08-06,Salem,Bengaluru,134.0,Completed,Review,Compliant,Review,Complete,Normal,27,0,0,4.916,4.23,6.08,0.476,86.99,84.48,7,0,0,0,3,3,0,100.0
SHP0453,V011,Refrigerated Van,750.0,Yogurt,Chilled,2.0,8.0,295,2026-08-19,2026-08-07,Coimbatore,Madurai,352.0,Completed,Non-Compliant,Critical,Valid,Complete,Normal,71,1,0,5.394,4.08,11.55,1.395,86.2,86.13,6,0,0,0,2,2,0,100.0
SHP0454,V088,Refrigerated Van,500.0,Frozen Corn,Frozen,-25.0,-18.0,173,2026-08-31,2026-08-07,Salem,Bangalore,235.0,Completed,Compliant,Compliant,Valid,Complete,Delayed,48,0,0,-21.014,-21.6,-19.86,0.394,84.44,86.19,8,3,0,100,4,4,0,100.0
SHP0455,V022,Refrigerated Van,500.0,Frozen French Fries,Frozen,-25.0,-18.0,49,2026-08-21,2026-08-05,Hyderabad,Madurai,209.0,Completed,Review,Compliant,Review,Complete,Delayed,42,0,0,-20.952,-22.01,-20.35,0.404,85.67,83.31,7,1,0,31,2,2,0,100.0
SHP0456,V012,Refrigerated Truck,2500.0,Cheese,Chilled,2.0,8.0,291,2026-08-08,2026-08-05,Kochi,Bengaluru,198.0,Completed,Review,Compliant,Review,Complete,Normal,40,0,0,5.047,4.46,5.82,0.361,85.54,85.8,6,0,0,0,2,2,0,100.0
SHP0457,V099,Refrigerated Van,500.0,Yogurt,Chilled,2.0,8.0,150,2026-08-10,2026-08-01,Pune,Madurai,326.0,Completed,Compliant,Compliant,Valid,Complete,Normal,66,0,0,5.002,3.84,6.11,0.421,83.41,85.88,7,0,0,0,2,2,0,100.0
SHP0458,V047,Refrigerated Van,500.0,Fresh Milk,Chilled,2.0,8.0,250,2026-08-31,2026-08-07,Pune,Salem,71.0,Completed,Review,Compliant,Review,Complete,Normal,15,0,0,4.942,4.2,5.77,0.414,83.95,86.73,5,0,0,0,4,4,0,100.0
SHP0459,V092,Refrigerated Van,500.0,Fresh Milk,Chilled,2.0,8.0,294,2026-08-27,2026-08-03,Coimbatore,Hyderabad,100.0,Completed,Review,Compliant,Valid,Review,Delayed,21,0,0,5.048,4.34,5.99,0.413,85.31,84.14,7,1,0,57,3,2,1,66.67
SHP0460,V061,Refrigerated Van,500.0,Frozen Peas,Frozen,-25.0,-18.0,157,2026-08-16,2026-08-01,Hyderabad,Coimbatore,108.0,Completed,Review,Compliant,Review,Complete,Normal,22,0,0,-20.892,-21.66,-20.27,0.353,87.47,87.0,6,0,0,0,2,2,0,100.0
SHP0461,V024,Refrigerated Truck,1500.0,Frozen Peas,Frozen,-25.0,-18.0,116,2026-08-29,2026-08-01,Bangalore,Pune,73.0,Completed,Review,Compliant,Valid,Review,Normal,15,0,0,-21.037,-21.99,-19.83,0.529,84.9,84.73,7,0,0,0,4,3,1,75.0
SHP0462,V052,Refrigerated Truck,1500.0,Frozen French Fries,Frozen,-25.0,-18.0,126,2026-08-31,2026-08-07,Salem,Mumbai,194.0,Completed,Review,Compliant,Valid,Review,Normal,39,0,0,-20.991,-21.67,-20.21,0.379,84.08,84.77,6,0,0,0,3,2,1,66.67
SHP0463,V054,Refrigerated Truck,1500.0,Fresh Paneer,Chilled,2.0,8.0,27,2026-08-10,2026-08-03,Bengaluru,Coimbatore,259.0,Completed,Non-Compliant,Critical,Valid,Complete,Deviation,52,0,0,5.343,4.0,10.87,1.47,85.51,84.73,7,1,2,20,2,2,0,100.0
SHP0464,V095,Refrigerated Van,750.0,Frozen Peas,Frozen,-25.0,-18.0,265,2026-08-11,2026-08-04,Kochi,Hyderabad,205.0,Completed,Compliant,Compliant,Valid,Complete,Delayed,42,0,0,-20.917,-21.47,-19.89,0.381,84.3,84.31,6,1,0,51,2,2,0,100.0
SHP0465,V054,Refrigerated Truck,1500.0,Frozen French Fries,Frozen,-25.0,-18.0,142,2026-08-21,2026-08-04,Pune,Coimbatore,147.0,Completed,Compliant,Compliant,Valid,Complete,Normal,30,0,0,-20.983,-21.78,-20.22,0.37,88.03,86.53,8,0,0,0,2,2,0,100.0
SHP0466,V039,Refrigerated Truck,2000.0,Fresh Paneer,Chilled,2.0,8.0,214,2026-08-18,2026-08-04,Chennai,Madurai,303.0,Completed,Review,Compliant,Valid,Complete,Deviation,61,1,0,4.938,3.46,5.85,0.395,86.09,84.23,6,0,1,0,2,2,0,100.0
SHP0467,V012,Refrigerated Truck,2500.0,Fresh Paneer,Chilled,2.0,8.0,153,2026-08-15,2026-08-04,Pune,Mumbai,287.0,Completed,Non-Compliant,Compliant,Review,Review,Normal,58,0,4,5.053,4.29,5.94,0.385,83.08,80.22,5,0,0,0,4,3,1,75.0
SHP0468,V057,Refrigerated Van,1000.0,Cheese,Chilled,2.0,8.0,70,2026-08-29,2026-08-03,Coimbatore,Mumbai,293.0,Completed,Compliant,Compliant,Valid,Complete,Normal,59,0,0,5.1,4.05,5.96,0.374,86.56,84.51,6,0,0,0,3,3,0,100.0
SHP0469,V083,Refrigerated Van,1000.0,Fresh Paneer,Chilled,2.0,8.0,124,2026-08-15,2026-08-07,Bengaluru,Salem,333.0,Completed,Review,Compliant,Valid,Complete,Deviation,67,0,0,4.989,3.67,5.7,0.434,85.19,85.27,8,1,1,26,3,3,0,100.0
SHP0470,V049,Refrigerated Van,1200.0,Cheese,Chilled,2.0,8.0,43,2026-08-22,2026-08-01,Kochi,Madurai,176.0,Completed,Review,Compliant,Valid,Review,Normal,36,0,0,4.877,4.22,5.55,0.413,85.7,84.28,5,0,0,0,3,2,1,66.67
SHP0471,V081,Refrigerated Van,500.0,Frozen Corn,Frozen,-25.0,-18.0,28,2026-08-12,2026-08-01,Bangalore,Pune,271.0,Completed,Compliant,Compliant,Valid,Complete,Normal,55,0,0,-21.018,-22.15,-20.06,0.413,83.69,84.78,7,0,0,0,4,4,0,100.0
SHP0472,V047,Refrigerated Van,500.0,Fresh Paneer,Chilled,2.0,8.0,98,2026-08-10,2026-08-01,Kochi,Coimbatore,60.0,Completed,Review,Compliant,Review,Complete,Normal,13,0,0,5.148,4.35,5.69,0.368,82.41,85.38,7,0,0,0,2,2,0,100.0
SHP0473,V064,Refrigerated Truck,2500.0,Yogurt,Chilled,2.0,8.0,214,2026-08-22,2026-08-02,Mumbai,Coimbatore,300.0,Completed,Review,Compliant,Review,Complete,Normal,61,0,0,4.939,3.93,5.89,0.464,85.86,84.43,7,0,0,0,4,4,0,100.0
SHP0474,V028,Refrigerated Van,1000.0,Frozen French Fries,Frozen,-25.0,-18.0,192,2026-08-12,2026-08-06,Mumbai,Chennai,311.0,Completed,Compliant,Compliant,Valid,Complete,Delayed,63,1,0,-20.99,-22.16,-19.56,0.447,82.84,84.35,8,1,0,20,3,3,0,100.0
SHP0475,V032,Refrigerated Van,1200.0,Cheese,Chilled,2.0,8.0,255,2026-08-09,2026-08-07,Pune,Kochi,280.0,Completed,Review,Compliant,Valid,Review,Delayed,57,0,0,5.012,4.17,5.71,0.369,83.2,86.77,7,1,0,58,4,3,1,75.0
SHP0476,V011,Refrigerated Van,750.0,Yogurt,Chilled,2.0,8.0,91,2026-08-27,2026-08-03,Kochi,Bengaluru,63.0,Completed,Review,Warning,Valid,Complete,Deviation,13,0,0,6.072,4.25,18.57,3.776,87.56,84.46,5,0,1,0,4,4,0,100.0
SHP0477,V001,Refrigerated Van,500.0,Yogurt,Chilled,2.0,8.0,297,2026-08-24,2026-08-03,Mumbai,Madurai,347.0,Completed,Compliant,Compliant,Valid,Complete,Normal,70,0,0,4.947,3.72,5.8,0.426,84.46,86.79,5,0,0,0,2,2,0,100.0
SHP0478,V022,Refrigerated Van,500.0,Frozen Paneer,Frozen,-25.0,-18.0,37,2026-08-30,2026-08-01,Salem,Hyderabad,259.0,Completed,Review,Compliant,Review,Complete,Normal,52,0,0,-21.037,-21.81,-20.08,0.389,83.9,85.52,6,0,0,0,3,3,0,100.0
SHP0479,V030,Refrigerated Truck,1500.0,Frozen Peas,Frozen,-25.0,-18.0,23,2026-08-17,2026-08-01,Salem,Hyderabad,276.0,Completed,Review,Compliant,Valid,Review,Delayed,56,0,0,-20.966,-22.06,-20.14,0.418,85.64,85.16,6,1,0,20,3,2,1,66.67
SHP0480,V058,Refrigerated Van,500.0,Frozen Corn,Frozen,-25.0,-18.0,54,2026-08-26,2026-08-07,Hyderabad,Mumbai,199.0,Completed,Review,Warning,Valid,Complete,Normal,40,0,0,-20.654,-21.93,-5.53,2.492,83.61,86.85,5,0,0,0,3,3,0,100.0
SHP0481,V043,Refrigerated Van,1000.0,Frozen Peas,Frozen,-25.0,-18.0,131,2026-08-20,2026-08-03,Kochi,Mumbai,156.0,Completed,Compliant,Compliant,Valid,Complete,Normal,32,0,4,-21.096,-21.8,-20.06,0.412,84.71,71.72,5,0,0,0,3,3,0,100.0
SHP0482,V075,Refrigerated Van,750.0,Fresh Paneer,Chilled,2.0,8.0,50,2026-08-23,2026-08-03,Bangalore,Coimbatore,116.0,Completed,Non-Compliant,Critical,Valid,Complete,Normal,24,1,0,5.658,4.14,11.58,1.87,86.1,88.0,6,0,0,0,4,4,0,100.0
SHP0483,V099,Refrigerated Van,500.0,Cheese,Chilled,2.0,8.0,28,2026-08-04,2026-08-03,Pune,Bengaluru,311.0,Completed,Compliant,Compliant,Valid,Complete,Delayed,63,0,0,4.966,4.08,5.93,0.409,83.0,85.81,7,2,0,44,3,3,0,100.0
SHP0484,V051,Refrigerated Truck,3000.0,Fresh Milk,Chilled,2.0,8.0,28,2026-08-20,2026-08-05,Hyderabad,Madurai,85.0,Completed,Review,Compliant,Valid,Complete,Deviation,18,0,0,5.053,4.64,5.83,0.268,84.41,85.11,5,0,1,0,4,4,0,100.0
SHP0485,V082,Refrigerated Truck,1500.0,Fresh Cream,Chilled,2.0,8.0,166,2026-08-04,2026-08-07,Mumbai,Chennai,204.0,Completed,Compliant,Compliant,Valid,Complete,Normal,41,0,0,4.974,4.11,5.81,0.402,86.02,86.0,7,0,0,0,3,3,0,100.0
SHP0486,V017,Refrigerated Truck,2500.0,Yogurt,Chilled,2.0,8.0,74,2026-08-07,2026-08-05,Kochi,Coimbatore,64.0,Completed,Compliant,Compliant,Valid,Complete,Delayed,13,0,0,4.98,4.4,5.67,0.338,87.86,89.54,8,2,0,85,3,3,0,100.0
SHP0487,V002,Refrigerated Truck,2000.0,Frozen Corn,Frozen,-25.0,-18.0,118,2026-08-23,2026-08-06,Hyderabad,Bangalore,312.0,Completed,Compliant,Compliant,Valid,Complete,Delayed,63,0,0,-20.971,-21.84,-20.15,0.409,86.23,86.44,7,1,0,49,4,4,0,100.0
SHP0488,V026,Refrigerated Truck,2500.0,Fresh Paneer,Chilled,2.0,8.0,156,2026-08-29,2026-08-05,Hyderabad,Madurai,315.0,Completed,Compliant,Compliant,Valid,Complete,Delayed,64,0,0,5.002,3.98,5.82,0.42,83.54,85.81,5,1,0,58,3,3,0,100.0
SHP0489,V049,Refrigerated Van,1200.0,Fresh Milk,Chilled,2.0,8.0,211,2026-08-16,2026-08-07,Madurai,Pune,76.0,Completed,Review,Compliant,Valid,Review,Delayed,16,0,0,4.939,4.32,5.44,0.383,85.96,88.56,8,1,0,17,2,1,1,50.0
SHP0490,V022,Refrigerated Van,500.0,Fresh Cream,Chilled,2.0,8.0,144,2026-08-26,2026-08-02,Madurai,Bangalore,196.0,Completed,Review,Compliant,Review,Complete,Normal,40,0,0,4.957,3.88,5.8,0.43,83.2,82.38,7,0,0,0,2,2,0,100.0
SHP0491,V006,Refrigerated Van,500.0,Frozen Mixed Vegetables,Frozen,-25.0,-18.0,61,2026-08-24,2026-08-02,Salem,Bangalore,152.0,Completed,Compliant,Compliant,Valid,Complete,Delayed,31,0,0,-21.06,-22.14,-20.15,0.506,88.05,85.55,5,1,0,11,3,3,0,100.0
SHP0492,V004,Refrigerated Van,500.0,Frozen Peas,Frozen,-25.0,-18.0,227,2026-08-16,2026-08-01,Hyderabad,Kochi,66.0,Completed,Review,Compliant,Review,Complete,Normal,14,0,0,-21.033,-21.56,-20.46,0.324,86.74,90.86,5,0,0,0,4,4,0,100.0
SHP0493,V056,Refrigerated Van,1200.0,Fresh Cream,Chilled,2.0,8.0,263,2026-08-05,2026-08-01,Bangalore,Hyderabad,286.0,Completed,Review,Compliant,Review,Complete,Normal,58,0,0,5.007,4.06,5.74,0.36,86.55,84.45,7,0,0,0,4,4,0,100.0
SHP0494,V006,Refrigerated Van,500.0,Frozen Corn,Frozen,-25.0,-18.0,62,2026-08-19,2026-08-05,Hyderabad,Chennai,108.0,Completed,Compliant,Compliant,Valid,Complete,Normal,22,0,0,-21.093,-22.05,-20.51,0.343,83.6,83.14,8,0,0,0,3,3,0,100.0
SHP0495,V050,Refrigerated Van,1200.0,Fresh Paneer,Chilled,2.0,8.0,68,2026-08-20,2026-08-02,Mumbai,Hyderabad,219.0,Completed,Review,Warning,Valid,Complete,Normal,44,0,0,5.278,3.81,15.2,1.577,86.01,84.14,8,0,0,0,4,4,0,100.0
SHP0496,V035,Refrigerated Van,750.0,Frozen Corn,Frozen,-25.0,-18.0,128,2026-08-31,2026-08-06,Madurai,Coimbatore,81.0,Completed,Compliant,Compliant,Valid,Complete,Normal,17,0,0,-20.964,-22.08,-20.63,0.352,85.08,88.88,5,0,0,0,2,2,0,100.0
SHP0497,V011,Refrigerated Van,750.0,Fresh Paneer,Chilled,2.0,8.0,43,2026-08-06,2026-08-02,Mumbai,Bangalore,212.0,Completed,Compliant,Compliant,Valid,Complete,Normal,43,0,0,5.089,4.11,6.01,0.41,84.8,83.56,5,0,0,0,4,4,0,100.0
SHP0498,V065,Refrigerated Van,500.0,Fresh Cream,Chilled,2.0,8.0,36,2026-08-09,2026-08-05,Hyderabad,Madurai,171.0,Completed,Compliant,Compliant,Valid,Complete,Normal,35,0,0,4.973,3.98,5.77,0.376,84.06,85.14,7,0,0,0,2,2,0,100.0
SHP0499,V052,Refrigerated Truck,1500.0,Fresh Milk,Chilled,2.0,8.0,126,2026-08-22,2026-08-06,Bangalore,Hyderabad,226.0,Completed,Review,Compliant,Review,Complete,Deviation,46,0,4,5.092,3.89,5.97,0.488,84.95,75.39,8,2,1,76,3,3,0,100.0
SHP0500,V053,Refrigerated Van,1000.0,Frozen French Fries,Frozen,-25.0,-18.0,59,2026-08-13,2026-08-01,Chennai,Coimbatore,121.0,Completed,Review,Compliant,Valid,Review,Normal,25,0,0,-20.997,-21.74,-20.02,0.436,83.56,83.44,8,0,0,0,2,1,1,50.0
