shipment_id,strategy,cost,delivery_time_minutes,emissions_kg,reliability,cost_score,delivery_time_minutes_score,emissions_kg_score,reliability_score,overall_score
SHP0001,Normal,176.0,158.0,140.8,0.9,79.7979797979798,69.53405017921148,75.15236755743085,90.0,79.363481005784
SHP0002,Normal,100.0,120.0,80.0,0.9,97.65092788348603,86.55913978494624,92.9676511954993,90.0,91.64604715620793
SHP0003,Normal,238.0,189.0,190.4,0.9,65.23373267559315,55.64516129032258,60.61884669479607,90.0,69.34349283043815
SHP0004,Normal,162.0,151.0,129.6,0.9,83.08668076109936,72.67025089605734,78.43413033286453,90.0,81.62605898086208
SHP0005,Normal,282.0,211.0,225.60000000000002,0.9,54.897815362931645,45.78853046594982,50.3047351148617,90.0,62.23253348019271
SHP0006,Normal,214.0,177.0,171.20000000000002,0.9,70.87150575522669,61.02150537634409,66.24472573839662,90.0,73.22219793057202
SHP0007,Normal,196.0,168.0,156.8,0.9,75.09983556495185,65.05376344086021,70.46413502109704,90.0,76.13122675567243
SHP0008,Normal,272.0,206.0,217.60000000000002,0.9,57.24688747944562,48.028673835125446,52.64885138302859,90.0,63.84866060524848
SHP0009,Normal,120.0,130.0,96.0,0.9,92.95278365045807,82.07885304659499,88.2794186591655,90.0,88.41379290609636
SHP0010,Normal,140.0,140.0,112.0,0.9,88.25463941743011,77.59856630824372,83.5911861228317,90.0,85.1815386559848
SHP0011,Normal,100.0,120.0,80.0,0.9,97.65092788348603,86.55913978494624,92.9676511954993,90.0,91.64604715620793
SHP0012,Normal,168.0,154.0,134.4,0.9,81.67723749119098,71.32616487455196,77.02766057196436,90.0,80.6563827058286
SHP0013,Normal,132.0,136.0,105.60000000000001,0.9,90.13389711064129,79.39068100358423,85.4664791373652,90.0,86.47444035602942
SHP0014,Normal,100.0,120.0,80.0,0.9,97.65092788348603,86.55913978494624,92.9676511954993,90.0,91.64604715620793
SHP0015,Normal,230.0,185.0,184.0,0.9,67.11299036880433,57.437275985663085,62.49413970932959,90.0,70.63639453048278
SHP0016,Normal,178.0,159.0,142.4,0.9,79.32816537467701,69.08602150537634,74.68354430379746,90.0,79.04025558077284
SHP0017,Normal,178.0,159.0,142.4,0.9,79.32816537467701,69.08602150537634,74.68354430379746,90.0,79.04025558077284
SHP0018,Normal,246.0,193.0,196.8,0.9,63.35447498238196,53.85304659498208,58.743553680262536,90.0,68.05059113039351
SHP0019,Normal,100.0,120.0,80.0,0.9,97.65092788348603,86.55913978494624,92.9676511954993,90.0,91.64604715620793
SHP0020,Normal,146.0,143.0,116.80000000000001,0.9,86.84519614752173,76.25448028673834,82.18471636193155,90.0,84.21186238095133
SHP0021,Normal,186.0,163.0,148.8,0.9,77.44890768146583,67.29390681003584,72.80825128926395,90.0,77.74735388072821
SHP0022,Normal,136.0,138.0,108.80000000000001,0.9,89.1942682640357,78.49462365591397,84.52883263009845,90.0,85.8279895060071
SHP0023,Normal,220.0,180.0,176.0,0.9,69.4620624853183,59.67741935483871,64.83825597749649,90.0,72.25252165553854
SHP0024,Normal,246.0,193.0,196.8,0.9,63.35447498238196,53.85304659498208,58.743553680262536,90.0,68.05059113039351
SHP0025,Normal,172.0,156.0,137.6,0.9,80.73760864458539,70.43010752688171,76.09001406469761,90.0,80.0099318558063
SHP0026,Normal,100.0,120.0,80.0,0.9,97.65092788348603,86.55913978494624,92.9676511954993,90.0,91.64604715620793
SHP0027,Normal,210.0,175.0,168.0,0.9,71.81113460183228,61.91756272401433,67.18237224566339,90.0,73.86864878059433
SHP0028,Normal,100.0,120.0,80.0,0.9,97.65092788348603,86.55913978494624,92.9676511954993,90.0,91.64604715620793
SHP0029,Normal,294.0,217.0,235.20000000000002,0.9,52.07892882311488,43.10035842293907,47.49179559306141,90.0,60.29318093012577
SHP0030,Normal,126.0,133.0,100.80000000000001,0.9,91.5433403805497,80.73476702508961,86.87294889826535,90.0,87.4441166310629
SHP0031,Normal,132.0,136.0,105.60000000000001,0.9,90.13389711064129,79.39068100358423,85.4664791373652,90.0,86.47444035602942
SHP0032,Normal,100.0,120.0,80.0,0.9,97.65092788348603,86.55913978494624,92.9676511954993,90.0,91.64604715620793
SHP0033,Normal,184.0,162.0,147.20000000000002,0.9,77.91872210476862,67.74193548387096,73.27707454289732,90.0,78.07057930573936
SHP0034,Normal,126.0,133.0,100.80000000000001,0.9,91.5433403805497,80.73476702508961,86.87294889826535,90.0,87.4441166310629
SHP0035,Normal,170.0,155.0,136.0,0.9,81.20742306788819,70.87813620071685,76.558837318331,90.0,80.33315728081746
SHP0036,Normal,110.0,125.0,88.0,0.9,95.30185576697204,84.31899641577061,90.6235349273324,90.0,90.02992003115214
SHP0037,Normal,212.0,176.0,169.60000000000002,0.9,71.34132017852949,61.469534050179206,66.71354899203,90.0,73.54542335558318
SHP0038,Normal,212.0,176.0,169.60000000000002,0.9,71.34132017852949,61.469534050179206,66.71354899203,90.0,73.54542335558318
SHP0039,Normal,226.0,183.0,180.8,0.9,68.05261921540992,58.33333333333333,63.43178621659634,90.0,71.28284538050508
SHP0040,Normal,154.0,147.0,123.2,0.9,84.96593845431055,74.46236559139786,80.30942334739804,90.0,82.91896068090671
SHP0041,Normal,162.0,151.0,129.6,0.9,83.08668076109936,72.67025089605734,78.43413033286453,90.0,81.62605898086208
SHP0042,Normal,234.0,187.0,187.20000000000002,0.9,66.17336152219873,56.54121863799283,61.556493202062825,90.0,69.98994368046046
SHP0043,Normal,140.0,140.0,112.0,0.9,88.25463941743011,77.59856630824372,83.5911861228317,90.0,85.1815386559848
SHP0044,Normal,234.0,187.0,187.20000000000002,0.9,66.17336152219873,56.54121863799283,61.556493202062825,90.0,69.98994368046046
SHP0045,Normal,128.0,134.0,102.4,0.9,91.07352595724689,80.28673835125448,86.40412564463197,90.0,87.12089120605174
SHP0046,Normal,270.0,205.0,216.0,0.9,57.716701902748426,48.47670250896057,53.11767463666198,90.0,64.17188603025964
SHP0047,Normal,210.0,175.0,168.0,0.9,71.81113460183228,61.91756272401433,67.18237224566339,90.0,73.86864878059433
SHP0048,Normal,100.0,120.0,80.0,0.9,97.65092788348603,86.55913978494624,92.9676511954993,90.0,91.64604715620793
SHP0049,Normal,136.0,138.0,108.80000000000001,0.9,89.1942682640357,78.49462365591397,84.52883263009845,90.0,85.8279895060071
SHP0050,Normal,148.0,144.0,118.4,0.9,86.37538172421894,75.80645161290323,81.71589310829816,90.0,83.88863695594017
SHP0051,Normal,156.0,148.0,124.80000000000001,0.9,84.49612403100775,74.01433691756272,79.84060009376465,90.0,82.59573525589555
SHP0052,Normal,208.0,174.0,166.4,0.9,72.28094902513507,62.365591397849464,67.65119549929676,90.0,74.19187420560549
SHP0053,Normal,100.0,120.0,80.0,0.9,97.65092788348603,86.55913978494624,92.9676511954993,90.0,91.64604715620793
SHP0054,Normal,100.0,120.0,80.0,0.9,97.65092788348603,86.55913978494624,92.9676511954993,90.0,91.64604715620793
SHP0055,Normal,204.0,172.0,163.20000000000002,0.9,73.22057787174067,63.261648745519715,68.58884200656352,90.0,74.83832505562779
SHP0056,Normal,222.0,181.0,177.60000000000002,0.9,68.9922480620155,59.22939068100358,64.3694327238631,90.0,71.92929623052738
SHP0057,Normal,232.0,186.0,185.60000000000002,0.9,66.64317594550153,56.98924731182795,62.0253164556962,90.0,70.31316910547162
SHP0058,Normal,100.0,120.0,80.0,0.9,97.65092788348603,86.55913978494624,92.9676511954993,90.0,91.64604715620793
SHP0059,Normal,110.0,125.0,88.0,0.9,95.30185576697204,84.31899641577061,90.6235349273324,90.0,90.02992003115214
SHP0060,Normal,132.0,136.0,105.60000000000001,0.9,90.13389711064129,79.39068100358423,85.4664791373652,90.0,86.47444035602942
SHP0061,Normal,100.0,120.0,80.0,0.9,97.65092788348603,86.55913978494624,92.9676511954993,90.0,91.64604715620793
SHP0062,Normal,196.0,168.0,156.8,0.9,75.09983556495185,65.05376344086021,70.46413502109704,90.0,76.13122675567243
SHP0063,Normal,148.0,144.0,118.4,0.9,86.37538172421894,75.80645161290323,81.71589310829816,90.0,83.88863695594017
SHP0064,Normal,294.0,217.0,235.20000000000002,0.9,52.07892882311488,43.10035842293907,47.49179559306141,90.0,60.29318093012577
SHP0065,Normal,166.0,153.0,132.8,0.9,82.14705191449377,71.7741935483871,77.49648382559775,90.0,80.97960813083978
SHP0066,Normal,188.0,164.0,150.4,0.9,76.97909325816302,66.84587813620072,72.33942803563058,90.0,77.42412845571704
SHP0067,Normal,160.0,150.0,128.0,0.9,83.55649518440215,73.11827956989248,78.90295358649789,90.0,81.94928440587323
SHP0068,Normal,244.0,192.0,195.20000000000002,0.9,63.82428940568475,54.3010752688172,59.21237693389592,90.0,68.37381655540467
SHP0069,Normal,100.0,120.0,80.0,0.9,97.65092788348603,86.55913978494624,92.9676511954993,90.0,91.64604715620793
SHP0070,Normal,142.0,141.0,113.60000000000001,0.9,87.78482499412732,77.15053763440861,83.12236286919831,90.0,84.85831323097365
SHP0071,Normal,158.0,149.0,126.4,0.9,84.02630960770496,73.56630824372759,79.37177684013126,90.0,82.27250983088439
SHP0072,Normal,220.0,180.0,176.0,0.9,69.4620624853183,59.67741935483871,64.83825597749649,90.0,72.25252165553854
SHP0073,Normal,214.0,177.0,171.20000000000002,0.9,70.87150575522669,61.02150537634409,66.24472573839662,90.0,73.22219793057202
SHP0074,Normal,240.0,190.0,192.0,0.9,64.76391825229035,55.19713261648745,60.15002344116268,90.0,69.02026740542699
SHP0075,Normal,158.0,149.0,126.4,0.9,84.02630960770496,73.56630824372759,79.37177684013126,90.0,82.27250983088439
SHP0076,Normal,118.0,129.0,94.4,0.9,93.42259807376087,82.52688172043011,88.74824191279886,90.0,88.73701833110752
SHP0077,Normal,178.0,159.0,142.4,0.9,79.32816537467701,69.08602150537634,74.68354430379746,90.0,79.04025558077284
SHP0078,Normal,148.0,144.0,118.4,0.9,86.37538172421894,75.80645161290323,81.71589310829816,90.0,83.88863695594017
SHP0079,Normal,230.0,185.0,184.0,0.9,67.11299036880433,57.437275985663085,62.49413970932959,90.0,70.63639453048278
SHP0080,Normal,178.0,159.0,142.4,0.9,79.32816537467701,69.08602150537634,74.68354430379746,90.0,79.04025558077284
SHP0081,Normal,196.0,168.0,156.8,0.9,75.09983556495185,65.05376344086021,70.46413502109704,90.0,76.13122675567243
SHP0082,Normal,160.0,150.0,128.0,0.9,83.55649518440215,73.11827956989248,78.90295358649789,90.0,81.94928440587323
SHP0083,Normal,182.0,161.0,145.6,0.9,78.38853652807141,68.1899641577061,73.74589779653071,90.0,78.39380473075052
SHP0084,Normal,190.0,165.0,152.0,0.9,76.50927883486023,66.39784946236558,71.87060478199719,90.0,77.1009030307059
SHP0085,Normal,100.0,120.0,80.0,0.9,97.65092788348603,86.55913978494624,92.9676511954993,90.0,91.64604715620793
SHP0086,Normal,100.0,120.0,80.0,0.9,97.65092788348603,86.55913978494624,92.9676511954993,90.0,91.64604715620793
SHP0087,Normal,212.0,176.0,169.60000000000002,0.9,71.34132017852949,61.469534050179206,66.71354899203,90.0,73.54542335558318
SHP0088,Normal,158.0,149.0,126.4,0.9,84.02630960770496,73.56630824372759,79.37177684013126,90.0,82.27250983088439
SHP0089,Normal,138.0,139.0,110.4,0.9,88.7244538407329,78.04659498207886,84.06000937646506,90.0,85.50476408099595
SHP0090,Normal,222.0,181.0,177.60000000000002,0.9,68.9922480620155,59.22939068100358,64.3694327238631,90.0,71.92929623052738
SHP0091,Normal,100.0,120.0,80.0,0.9,97.65092788348603,86.55913978494624,92.9676511954993,90.0,91.64604715620793
SHP0092,Normal,100.0,120.0,80.0,0.9,97.65092788348603,86.55913978494624,92.9676511954993,90.0,91.64604715620793
SHP0093,Normal,178.0,159.0,142.4,0.9,79.32816537467701,69.08602150537634,74.68354430379746,90.0,79.04025558077284
SHP0094,Normal,322.0,231.0,257.6,0.9,45.50152689687574,36.827956989247305,40.92827004219409,90.0,55.76802497996958
SHP0095,Normal,286.0,213.0,228.8,0.9,53.95818651632606,44.89247311827957,49.36708860759494,90.0,61.586082630170395
SHP0096,Normal,174.0,157.0,139.20000000000002,0.9,80.2677942212826,69.98207885304659,75.62119081106424,90.0,79.68670643079514
SHP0097,Normal,270.0,205.0,216.0,0.9,57.716701902748426,48.47670250896057,53.11767463666198,90.0,64.17188603025964
SHP0098,Normal,114.0,127.0,91.2,0.9,94.36222692036645,83.42293906810035,89.68588842006564,90.0,89.38346918112984
SHP0099,Normal,188.0,164.0,150.4,0.9,76.97909325816302,66.84587813620072,72.33942803563058,90.0,77.42412845571704
SHP0100,Normal,244.0,192.0,195.20000000000002,0.9,63.82428940568475,54.3010752688172,59.21237693389592,90.0,68.37381655540467
SHP0101,Normal,138.0,139.0,110.4,0.9,88.7244538407329,78.04659498207886,84.06000937646506,90.0,85.50476408099595
SHP0102,Normal,158.0,149.0,126.4,0.9,84.02630960770496,73.56630824372759,79.37177684013126,90.0,82.27250983088439
SHP0103,Normal,146.0,143.0,116.80000000000001,0.9,86.84519614752173,76.25448028673834,82.18471636193155,90.0,84.21186238095133
SHP0104,Normal,100.0,120.0,80.0,0.9,97.65092788348603,86.55913978494624,92.9676511954993,90.0,91.64604715620793
SHP0105,Normal,238.0,189.0,190.4,0.9,65.23373267559315,55.64516129032258,60.61884669479607,90.0,69.34349283043815
SHP0106,Normal,120.0,130.0,96.0,0.9,92.95278365045807,82.07885304659499,88.2794186591655,90.0,88.41379290609636
SHP0107,Normal,166.0,153.0,132.8,0.9,82.14705191449377,71.7741935483871,77.49648382559775,90.0,80.97960813083978
SHP0108,Normal,192.0,166.0,153.60000000000002,0.9,76.03946441155743,65.94982078853047,71.40178152836381,90.0,76.77767760569475
SHP0109,Normal,160.0,150.0,128.0,0.9,83.55649518440215,73.11827956989248,78.90295358649789,90.0,81.94928440587323
SHP0110,Normal,226.0,183.0,180.8,0.9,68.05261921540992,58.33333333333333,63.43178621659634,90.0,71.28284538050508
SHP0111,Normal,212.0,176.0,169.60000000000002,0.9,71.34132017852949,61.469534050179206,66.71354899203,90.0,73.54542335558318
SHP0112,Normal,100.0,120.0,80.0,0.9,97.65092788348603,86.55913978494624,92.9676511954993,90.0,91.64604715620793
SHP0113,Normal,158.0,149.0,126.4,0.9,84.02630960770496,73.56630824372759,79.37177684013126,90.0,82.27250983088439
SHP0114,Normal,192.0,166.0,153.60000000000002,0.9,76.03946441155743,65.94982078853047,71.40178152836381,90.0,76.77767760569475
SHP0115,Normal,196.0,168.0,156.8,0.9,75.09983556495185,65.05376344086021,70.46413502109704,90.0,76.13122675567243
SHP0116,Normal,238.0,189.0,190.4,0.9,65.23373267559315,55.64516129032258,60.61884669479607,90.0,69.34349283043815
SHP0117,Normal,254.0,197.0,203.20000000000002,0.9,61.47521728917078,52.060931899641574,56.86826066572902,90.0,66.75768943034889
SHP0118,Normal,120.0,130.0,96.0,0.9,92.95278365045807,82.07885304659499,88.2794186591655,90.0,88.41379290609636
SHP0119,Normal,162.0,151.0,129.6,0.9,83.08668076109936,72.67025089605734,78.43413033286453,90.0,81.62605898086208
SHP0120,Normal,268.0,204.0,214.4,0.9,58.18651632605122,48.924731182795696,53.58649789029536,90.0,64.4951114552708
SHP0121,Normal,100.0,120.0,80.0,0.9,97.65092788348603,86.55913978494624,92.9676511954993,90.0,91.64604715620793
SHP0122,Normal,210.0,175.0,168.0,0.9,71.81113460183228,61.91756272401433,67.18237224566339,90.0,73.86864878059433
SHP0123,Normal,132.0,136.0,105.60000000000001,0.9,90.13389711064129,79.39068100358423,85.4664791373652,90.0,86.47444035602942
SHP0124,Normal,100.0,120.0,80.0,0.9,97.65092788348603,86.55913978494624,92.9676511954993,90.0,91.64604715620793
SHP0125,Normal,236.0,188.0,188.8,0.9,65.70354709889594,56.09318996415771,61.08766994842944,90.0,69.6667182554493
SHP0126,Normal,210.0,175.0,168.0,0.9,71.81113460183228,61.91756272401433,67.18237224566339,90.0,73.86864878059433
SHP0127,Normal,208.0,174.0,166.4,0.9,72.28094902513507,62.365591397849464,67.65119549929676,90.0,74.19187420560549
SHP0128,Normal,100.0,120.0,80.0,0.9,97.65092788348603,86.55913978494624,92.9676511954993,90.0,91.64604715620793
SHP0129,Normal,214.0,177.0,171.20000000000002,0.9,70.87150575522669,61.02150537634409,66.24472573839662,90.0,73.22219793057202
SHP0130,Normal,226.0,183.0,180.8,0.9,68.05261921540992,58.33333333333333,63.43178621659634,90.0,71.28284538050508
SHP0131,Normal,208.0,174.0,166.4,0.9,72.28094902513507,62.365591397849464,67.65119549929676,90.0,74.19187420560549
SHP0132,Normal,110.0,125.0,88.0,0.9,95.30185576697204,84.31899641577061,90.6235349273324,90.0,90.02992003115214
SHP0133,Normal,112.0,126.0,89.60000000000001,0.9,94.83204134366925,83.87096774193549,90.15471167369901,90.0,89.70669460614099
SHP0134,Normal,148.0,144.0,118.4,0.9,86.37538172421894,75.80645161290323,81.71589310829816,90.0,83.88863695594017
SHP0135,Normal,194.0,167.0,155.20000000000002,0.9,75.56964998825464,65.50179211469533,70.93295827473042,90.0,76.45445218068357
SHP0136,Normal,112.0,126.0,89.60000000000001,0.9,94.83204134366925,83.87096774193549,90.15471167369901,90.0,89.70669460614099
SHP0137,Normal,190.0,165.0,152.0,0.9,76.50927883486023,66.39784946236558,71.87060478199719,90.0,77.1009030307059
SHP0138,Normal,200.0,170.0,160.0,0.9,74.16020671834626,64.15770609318996,69.52648851383029,90.0,75.48477590565011
SHP0139,Normal,140.0,140.0,112.0,0.9,88.25463941743011,77.59856630824372,83.5911861228317,90.0,85.1815386559848
SHP0140,Normal,328.0,234.0,262.40000000000003,0.9,44.09208362696735,35.48387096774193,39.52180028129394,90.0,54.79834870493611
SHP0141,Normal,206.0,173.0,164.8,0.9,72.75076344843787,62.81362007168458,68.12001875293015,90.0,74.51509963061665
SHP0142,Normal,164.0,152.0,131.20000000000002,0.9,82.61686633779657,72.22222222222221,77.96530707923114,90.0,81.30283355585092
SHP0143,Normal,208.0,174.0,166.4,0.9,72.28094902513507,62.365591397849464,67.65119549929676,90.0,74.19187420560549
SHP0144,Normal,144.0,142.0,115.2,0.9,87.31501057082453,76.70250896057348,82.65353961556494,90.0,84.53508780596249
SHP0145,Normal,226.0,183.0,180.8,0.9,68.05261921540992,58.33333333333333,63.43178621659634,90.0,71.28284538050508
SHP0146,Normal,272.0,206.0,217.60000000000002,0.9,57.24688747944562,48.028673835125446,52.64885138302859,90.0,63.84866060524848
SHP0147,Normal,100.0,120.0,80.0,0.9,97.65092788348603,86.55913978494624,92.9676511954993,90.0,91.64604715620793
SHP0148,Normal,138.0,139.0,110.4,0.9,88.7244538407329,78.04659498207886,84.06000937646506,90.0,85.50476408099595
SHP0149,Normal,234.0,187.0,187.20000000000002,0.9,66.17336152219873,56.54121863799283,61.556493202062825,90.0,69.98994368046046
SHP0150,Normal,142.0,141.0,113.60000000000001,0.9,87.78482499412732,77.15053763440861,83.12236286919831,90.0,84.85831323097365
SHP0151,Normal,212.0,176.0,169.60000000000002,0.9,71.34132017852949,61.469534050179206,66.71354899203,90.0,73.54542335558318
SHP0152,Normal,288.0,214.0,230.4,0.9,53.48837209302326,44.44444444444444,48.89826535396156,90.0,61.262857205159236
SHP0153,Normal,276.0,208.0,220.8,0.9,56.30725863284003,47.132616487455195,51.71120487576184,90.0,63.20220975522618
SHP0154,Normal,180.0,160.0,144.0,0.9,78.8583509513742,68.63799283154121,74.21472105016409,90.0,78.71703015576168
SHP0155,Normal,230.0,185.0,184.0,0.9,67.11299036880433,57.437275985663085,62.49413970932959,90.0,70.63639453048278
SHP0156,Normal,206.0,173.0,164.8,0.9,72.75076344843787,62.81362007168458,68.12001875293015,90.0,74.51509963061665
SHP0157,Normal,100.0,120.0,80.0,0.9,97.65092788348603,86.55913978494624,92.9676511954993,90.0,91.64604715620793
SHP0158,Normal,224.0,182.0,179.20000000000002,0.9,68.52243363871271,58.78136200716846,63.90060947022972,90.0,71.60607080551624
SHP0159,Normal,238.0,189.0,190.4,0.9,65.23373267559315,55.64516129032258,60.61884669479607,90.0,69.34349283043815
SHP0160,Normal,248.0,194.0,198.4,0.9,62.884660559079165,53.40501792114695,58.27473042662916,90.0,67.72736570538237
SHP0161,Normal,174.0,157.0,139.20000000000002,0.9,80.2677942212826,69.98207885304659,75.62119081106424,90.0,79.68670643079514
SHP0162,Normal,176.0,158.0,140.8,0.9,79.7979797979798,69.53405017921148,75.15236755743085,90.0,79.363481005784
SHP0163,Normal,176.0,158.0,140.8,0.9,79.7979797979798,69.53405017921148,75.15236755743085,90.0,79.363481005784
SHP0164,Normal,172.0,156.0,137.6,0.9,80.73760864458539,70.43010752688171,76.09001406469761,90.0,80.0099318558063
SHP0165,Normal,170.0,155.0,136.0,0.9,81.20742306788819,70.87813620071685,76.558837318331,90.0,80.33315728081746
SHP0166,Normal,100.0,120.0,80.0,0.9,97.65092788348603,86.55913978494624,92.9676511954993,90.0,91.64604715620793
SHP0167,Normal,134.0,137.0,107.2,0.9,89.66408268733849,78.94265232974911,84.99765588373184,90.0,86.15121493101827
SHP0168,Normal,298.0,219.0,238.4,0.9,51.13929997650929,42.204301075268816,46.55414908579466,90.0,59.64673008010346
SHP0169,Normal,100.0,120.0,80.0,0.9,97.65092788348603,86.55913978494624,92.9676511954993,90.0,91.64604715620793
SHP0170,Normal,186.0,163.0,148.8,0.9,77.44890768146583,67.29390681003584,72.80825128926395,90.0,77.74735388072821
SHP0171,Normal,178.0,159.0,142.4,0.9,79.32816537467701,69.08602150537634,74.68354430379746,90.0,79.04025558077284
SHP0172,Normal,186.0,163.0,148.8,0.9,77.44890768146583,67.29390681003584,72.80825128926395,90.0,77.74735388072821
SHP0173,Normal,246.0,193.0,196.8,0.9,63.35447498238196,53.85304659498208,58.743553680262536,90.0,68.05059113039351
SHP0174,Normal,100.0,120.0,80.0,0.9,97.65092788348603,86.55913978494624,92.9676511954993,90.0,91.64604715620793
SHP0175,Normal,206.0,173.0,164.8,0.9,72.75076344843787,62.81362007168458,68.12001875293015,90.0,74.51509963061665
SHP0176,Normal,158.0,149.0,126.4,0.9,84.02630960770496,73.56630824372759,79.37177684013126,90.0,82.27250983088439
SHP0177,Normal,174.0,157.0,139.20000000000002,0.9,80.2677942212826,69.98207885304659,75.62119081106424,90.0,79.68670643079514
SHP0178,Normal,116.0,128.0,92.80000000000001,0.9,93.89241249706366,82.97491039426524,89.21706516643225,90.0,89.06024375611868
SHP0179,Normal,150.0,145.0,120.0,0.9,85.90556730091615,75.3584229390681,81.24706985466479,90.0,83.56541153092903
SHP0180,Normal,258.0,199.0,206.4,0.9,60.53558844256519,51.16487455197133,55.93061415846227,90.0,66.11123858032659
SHP0181,Normal,210.0,175.0,168.0,0.9,71.81113460183228,61.91756272401433,67.18237224566339,90.0,73.86864878059433
SHP0182,Normal,100.0,120.0,80.0,0.9,97.65092788348603,86.55913978494624,92.9676511954993,90.0,91.64604715620793
SHP0183,Normal,100.0,120.0,80.0,0.9,97.65092788348603,86.55913978494624,92.9676511954993,90.0,91.64604715620793
SHP0184,Normal,136.0,138.0,108.80000000000001,0.9,89.1942682640357,78.49462365591397,84.52883263009845,90.0,85.8279895060071
SHP0185,Normal,144.0,142.0,115.2,0.9,87.31501057082453,76.70250896057348,82.65353961556494,90.0,84.53508780596249
SHP0186,Normal,272.0,206.0,217.60000000000002,0.9,57.24688747944562,48.028673835125446,52.64885138302859,90.0,63.84866060524848
SHP0187,Normal,220.0,180.0,176.0,0.9,69.4620624853183,59.67741935483871,64.83825597749649,90.0,72.25252165553854
SHP0188,Normal,218.0,179.0,174.4,0.9,69.93187690862109,60.12544802867383,65.30707923112986,90.0,72.5757470805497
SHP0189,Normal,294.0,217.0,235.20000000000002,0.9,52.07892882311488,43.10035842293907,47.49179559306141,90.0,60.29318093012577
SHP0190,Normal,222.0,181.0,177.60000000000002,0.9,68.9922480620155,59.22939068100358,64.3694327238631,90.0,71.92929623052738
SHP0191,Normal,132.0,136.0,105.60000000000001,0.9,90.13389711064129,79.39068100358423,85.4664791373652,90.0,86.47444035602942
SHP0192,Normal,140.0,140.0,112.0,0.9,88.25463941743011,77.59856630824372,83.5911861228317,90.0,85.1815386559848
SHP0193,Normal,144.0,142.0,115.2,0.9,87.31501057082453,76.70250896057348,82.65353961556494,90.0,84.53508780596249
SHP0194,Normal,100.0,120.0,80.0,0.9,97.65092788348603,86.55913978494624,92.9676511954993,90.0,91.64604715620793
SHP0195,Normal,168.0,154.0,134.4,0.9,81.67723749119098,71.32616487455196,77.02766057196436,90.0,80.6563827058286
SHP0196,Normal,140.0,140.0,112.0,0.9,88.25463941743011,77.59856630824372,83.5911861228317,90.0,85.1815386559848
SHP0197,Normal,236.0,188.0,188.8,0.9,65.70354709889594,56.09318996415771,61.08766994842944,90.0,69.6667182554493
SHP0198,Normal,176.0,158.0,140.8,0.9,79.7979797979798,69.53405017921148,75.15236755743085,90.0,79.363481005784
SHP0199,Normal,100.0,120.0,80.0,0.9,97.65092788348603,86.55913978494624,92.9676511954993,90.0,91.64604715620793
SHP0200,Normal,100.0,120.0,80.0,0.9,97.65092788348603,86.55913978494624,92.9676511954993,90.0,91.64604715620793
SHP0201,Normal,100.0,120.0,80.0,0.9,97.65092788348603,86.55913978494624,92.9676511954993,90.0,91.64604715620793
SHP0202,Normal,244.0,192.0,195.20000000000002,0.9,63.82428940568475,54.3010752688172,59.21237693389592,90.0,68.37381655540467
SHP0203,Normal,196.0,168.0,156.8,0.9,75.09983556495185,65.05376344086021,70.46413502109704,90.0,76.13122675567243
SHP0204,Normal,136.0,138.0,108.80000000000001,0.9,89.1942682640357,78.49462365591397,84.52883263009845,90.0,85.8279895060071
SHP0205,Normal,152.0,146.0,121.60000000000001,0.9,85.43575287761335,74.91039426523297,80.77824660103141,90.0,83.24218610591787
SHP0206,Normal,378.0,259.0,302.40000000000003,0.9,32.34672304439747,24.283154121863795,27.801218940459442,90.0,46.7177130796572
SHP0207,Normal,164.0,152.0,131.20000000000002,0.9,82.61686633779657,72.22222222222221,77.96530707923114,90.0,81.30283355585092
SHP0208,Normal,280.0,210.0,224.0,0.9,55.36762978623444,46.236559139784944,50.77355836849509,90.0,62.55575890520387
SHP0209,Normal,198.0,169.0,158.4,0.9,74.63002114164905,64.6057347670251,69.99531176746366,90.0,75.80800133066127
SHP0210,Normal,154.0,147.0,123.2,0.9,84.96593845431055,74.46236559139786,80.30942334739804,90.0,82.91896068090671
SHP0211,Normal,248.0,194.0,198.4,0.9,62.884660559079165,53.40501792114695,58.27473042662916,90.0,67.72736570538237
SHP0212,Normal,214.0,177.0,171.20000000000002,0.9,70.87150575522669,61.02150537634409,66.24472573839662,90.0,73.22219793057202
SHP0213,Normal,170.0,155.0,136.0,0.9,81.20742306788819,70.87813620071685,76.558837318331,90.0,80.33315728081746
SHP0214,Normal,100.0,120.0,80.0,0.9,97.65092788348603,86.55913978494624,92.9676511954993,90.0,91.64604715620793
SHP0215,Normal,182.0,161.0,145.6,0.9,78.38853652807141,68.1899641577061,73.74589779653071,90.0,78.39380473075052
SHP0216,Normal,200.0,170.0,160.0,0.9,74.16020671834626,64.15770609318996,69.52648851383029,90.0,75.48477590565011
SHP0217,Normal,158.0,149.0,126.4,0.9,84.02630960770496,73.56630824372759,79.37177684013126,90.0,82.27250983088439
SHP0218,Normal,122.0,131.0,97.60000000000001,0.9,92.48296922715528,81.63082437275986,87.81059540553211,90.0,88.0905674810852
SHP0219,Normal,288.0,214.0,230.4,0.9,53.48837209302326,44.44444444444444,48.89826535396156,90.0,61.262857205159236
SHP0220,Normal,224.0,182.0,179.20000000000002,0.9,68.52243363871271,58.78136200716846,63.90060947022972,90.0,71.60607080551624
SHP0221,Normal,268.0,204.0,214.4,0.9,58.18651632605122,48.924731182795696,53.58649789029536,90.0,64.4951114552708
SHP0222,Normal,100.0,120.0,80.0,0.9,97.65092788348603,86.55913978494624,92.9676511954993,90.0,91.64604715620793
SHP0223,Normal,100.0,120.0,80.0,0.9,97.65092788348603,86.55913978494624,92.9676511954993,90.0,91.64604715620793
SHP0224,Normal,128.0,134.0,102.4,0.9,91.07352595724689,80.28673835125448,86.40412564463197,90.0,87.12089120605174
SHP0225,Normal,200.0,170.0,160.0,0.9,74.16020671834626,64.15770609318996,69.52648851383029,90.0,75.48477590565011
SHP0226,Normal,162.0,151.0,129.6,0.9,83.08668076109936,72.67025089605734,78.43413033286453,90.0,81.62605898086208
SHP0227,Normal,132.0,136.0,105.60000000000001,0.9,90.13389711064129,79.39068100358423,85.4664791373652,90.0,86.47444035602942
SHP0228,Normal,164.0,152.0,131.20000000000002,0.9,82.61686633779657,72.22222222222221,77.96530707923114,90.0,81.30283355585092
SHP0229,Normal,176.0,158.0,140.8,0.9,79.7979797979798,69.53405017921148,75.15236755743085,90.0,79.363481005784
SHP0230,Normal,136.0,138.0,108.80000000000001,0.9,89.1942682640357,78.49462365591397,84.52883263009845,90.0,85.8279895060071
SHP0231,Normal,200.0,170.0,160.0,0.9,74.16020671834626,64.15770609318996,69.52648851383029,90.0,75.48477590565011
SHP0232,Normal,124.0,132.0,99.2,0.9,92.01315480385249,81.18279569892472,87.34177215189874,90.0,87.76734205607406
SHP0233,Normal,132.0,136.0,105.60000000000001,0.9,90.13389711064129,79.39068100358423,85.4664791373652,90.0,86.47444035602942
SHP0234,Normal,132.0,136.0,105.60000000000001,0.9,90.13389711064129,79.39068100358423,85.4664791373652,90.0,86.47444035602942
SHP0235,Normal,194.0,167.0,155.20000000000002,0.9,75.56964998825464,65.50179211469533,70.93295827473042,90.0,76.45445218068357
SHP0236,Normal,168.0,154.0,134.4,0.9,81.67723749119098,71.32616487455196,77.02766057196436,90.0,80.6563827058286
SHP0237,Normal,150.0,145.0,120.0,0.9,85.90556730091615,75.3584229390681,81.24706985466479,90.0,83.56541153092903
SHP0238,Normal,100.0,120.0,80.0,0.9,97.65092788348603,86.55913978494624,92.9676511954993,90.0,91.64604715620793
SHP0239,Normal,168.0,154.0,134.4,0.9,81.67723749119098,71.32616487455196,77.02766057196436,90.0,80.6563827058286
SHP0240,Normal,188.0,164.0,150.4,0.9,76.97909325816302,66.84587813620072,72.33942803563058,90.0,77.42412845571704
SHP0241,Normal,196.0,168.0,156.8,0.9,75.09983556495185,65.05376344086021,70.46413502109704,90.0,76.13122675567243
SHP0242,Normal,132.0,136.0,105.60000000000001,0.9,90.13389711064129,79.39068100358423,85.4664791373652,90.0,86.47444035602942
SHP0243,Normal,172.0,156.0,137.6,0.9,80.73760864458539,70.43010752688171,76.09001406469761,90.0,80.0099318558063
SHP0244,Normal,244.0,192.0,195.20000000000002,0.9,63.82428940568475,54.3010752688172,59.21237693389592,90.0,68.37381655540467
SHP0245,Normal,212.0,176.0,169.60000000000002,0.9,71.34132017852949,61.469534050179206,66.71354899203,90.0,73.54542335558318
SHP0246,Normal,210.0,175.0,168.0,0.9,71.81113460183228,61.91756272401433,67.18237224566339,90.0,73.86864878059433
SHP0247,Normal,202.0,171.0,161.60000000000002,0.9,73.69039229504347,63.70967741935484,69.0576652601969,90.0,75.16155048063897
SHP0248,Normal,150.0,145.0,120.0,0.9,85.90556730091615,75.3584229390681,81.24706985466479,90.0,83.56541153092903
SHP0249,Normal,274.0,207.0,219.20000000000002,0.9,56.777073056142825,47.58064516129032,52.18002812939522,90.0,63.52543518023733
SHP0250,Normal,158.0,149.0,126.4,0.9,84.02630960770496,73.56630824372759,79.37177684013126,90.0,82.27250983088439
SHP0251,Normal,130.0,135.0,104.0,0.9,90.6037115339441,79.83870967741935,85.93530239099859,90.0,86.79766578104058
SHP0252,Normal,150.0,145.0,120.0,0.9,85.90556730091615,75.3584229390681,81.24706985466479,90.0,83.56541153092903
SHP0253,Normal,208.0,174.0,166.4,0.9,72.28094902513507,62.365591397849464,67.65119549929676,90.0,74.19187420560549
SHP0254,Normal,222.0,181.0,177.60000000000002,0.9,68.9922480620155,59.22939068100358,64.3694327238631,90.0,71.92929623052738
SHP0255,Normal,204.0,172.0,163.20000000000002,0.9,73.22057787174067,63.261648745519715,68.58884200656352,90.0,74.83832505562779
SHP0256,Normal,262.0,201.0,209.60000000000002,0.9,59.5959595959596,50.26881720430107,54.9929676511955,90.0,65.46478773030427
SHP0257,Normal,222.0,181.0,177.60000000000002,0.9,68.9922480620155,59.22939068100358,64.3694327238631,90.0,71.92929623052738
SHP0258,Normal,224.0,182.0,179.20000000000002,0.9,68.52243363871271,58.78136200716846,63.90060947022972,90.0,71.60607080551624
SHP0259,Normal,152.0,146.0,121.60000000000001,0.9,85.43575287761335,74.91039426523297,80.77824660103141,90.0,83.24218610591787
SHP0260,Normal,204.0,172.0,163.20000000000002,0.9,73.22057787174067,63.261648745519715,68.58884200656352,90.0,74.83832505562779
SHP0261,Normal,184.0,162.0,147.20000000000002,0.9,77.91872210476862,67.74193548387096,73.27707454289732,90.0,78.07057930573936
SHP0262,Normal,156.0,148.0,124.80000000000001,0.9,84.49612403100775,74.01433691756272,79.84060009376465,90.0,82.59573525589555
SHP0263,Normal,216.0,178.0,172.8,0.9,70.40169133192389,60.573476702508955,65.77590248476325,90.0,72.89897250556086
SHP0264,Normal,116.0,128.0,92.80000000000001,0.9,93.89241249706366,82.97491039426524,89.21706516643225,90.0,89.06024375611868
SHP0265,Normal,100.0,120.0,80.0,0.9,97.65092788348603,86.55913978494624,92.9676511954993,90.0,91.64604715620793
SHP0266,Normal,172.0,156.0,137.6,0.9,80.73760864458539,70.43010752688171,76.09001406469761,90.0,80.0099318558063
SHP0267,Normal,156.0,148.0,124.80000000000001,0.9,84.49612403100775,74.01433691756272,79.84060009376465,90.0,82.59573525589555
SHP0268,Normal,132.0,136.0,105.60000000000001,0.9,90.13389711064129,79.39068100358423,85.4664791373652,90.0,86.47444035602942
SHP0269,Normal,134.0,137.0,107.2,0.9,89.66408268733849,78.94265232974911,84.99765588373184,90.0,86.15121493101827
SHP0270,Normal,212.0,176.0,169.60000000000002,0.9,71.34132017852949,61.469534050179206,66.71354899203,90.0,73.54542335558318
SHP0271,Normal,190.0,165.0,152.0,0.9,76.50927883486023,66.39784946236558,71.87060478199719,90.0,77.1009030307059
SHP0272,Normal,132.0,136.0,105.60000000000001,0.9,90.13389711064129,79.39068100358423,85.4664791373652,90.0,86.47444035602942
SHP0273,Normal,100.0,120.0,80.0,0.9,97.65092788348603,86.55913978494624,92.9676511954993,90.0,91.64604715620793
SHP0274,Normal,212.0,176.0,169.60000000000002,0.9,71.34132017852949,61.469534050179206,66.71354899203,90.0,73.54542335558318
SHP0275,Normal,132.0,136.0,105.60000000000001,0.9,90.13389711064129,79.39068100358423,85.4664791373652,90.0,86.47444035602942
SHP0276,Normal,132.0,136.0,105.60000000000001,0.9,90.13389711064129,79.39068100358423,85.4664791373652,90.0,86.47444035602942
SHP0277,Normal,164.0,152.0,131.20000000000002,0.9,82.61686633779657,72.22222222222221,77.96530707923114,90.0,81.30283355585092
SHP0278,Normal,100.0,120.0,80.0,0.9,97.65092788348603,86.55913978494624,92.9676511954993,90.0,91.64604715620793
SHP0279,Normal,144.0,142.0,115.2,0.9,87.31501057082453,76.70250896057348,82.65353961556494,90.0,84.53508780596249
SHP0280,Normal,144.0,142.0,115.2,0.9,87.31501057082453,76.70250896057348,82.65353961556494,90.0,84.53508780596249
SHP0281,Normal,112.0,126.0,89.60000000000001,0.9,94.83204134366925,83.87096774193549,90.15471167369901,90.0,89.70669460614099
SHP0282,Normal,134.0,137.0,107.2,0.9,89.66408268733849,78.94265232974911,84.99765588373184,90.0,86.15121493101827
SHP0283,Normal,122.0,131.0,97.60000000000001,0.9,92.48296922715528,81.63082437275986,87.81059540553211,90.0,88.0905674810852
SHP0284,Normal,216.0,178.0,172.8,0.9,70.40169133192389,60.573476702508955,65.77590248476325,90.0,72.89897250556086
SHP0285,Normal,224.0,182.0,179.20000000000002,0.9,68.52243363871271,58.78136200716846,63.90060947022972,90.0,71.60607080551624
SHP0286,Normal,152.0,146.0,121.60000000000001,0.9,85.43575287761335,74.91039426523297,80.77824660103141,90.0,83.24218610591787
SHP0287,Normal,100.0,120.0,80.0,0.9,97.65092788348603,86.55913978494624,92.9676511954993,90.0,91.64604715620793
SHP0288,Normal,200.0,170.0,160.0,0.9,74.16020671834626,64.15770609318996,69.52648851383029,90.0,75.48477590565011
SHP0289,Normal,154.0,147.0,123.2,0.9,84.96593845431055,74.46236559139786,80.30942334739804,90.0,82.91896068090671
SHP0290,Normal,254.0,197.0,203.20000000000002,0.9,61.47521728917078,52.060931899641574,56.86826066572902,90.0,66.75768943034889
SHP0291,Normal,188.0,164.0,150.4,0.9,76.97909325816302,66.84587813620072,72.33942803563058,90.0,77.42412845571704
SHP0292,Normal,234.0,187.0,187.20000000000002,0.9,66.17336152219873,56.54121863799283,61.556493202062825,90.0,69.98994368046046
SHP0293,Normal,130.0,135.0,104.0,0.9,90.6037115339441,79.83870967741935,85.93530239099859,90.0,86.79766578104058
SHP0294,Normal,324.0,232.0,259.2,0.9,45.031712473572945,36.37992831541219,40.45944678856072,90.0,55.44479955495842
SHP0295,Normal,100.0,120.0,80.0,0.9,97.65092788348603,86.55913978494624,92.9676511954993,90.0,91.64604715620793
SHP0296,Normal,100.0,120.0,80.0,0.9,97.65092788348603,86.55913978494624,92.9676511954993,90.0,91.64604715620793
SHP0297,Normal,212.0,176.0,169.60000000000002,0.9,71.34132017852949,61.469534050179206,66.71354899203,90.0,73.54542335558318
SHP0298,Normal,126.0,133.0,100.80000000000001,0.9,91.5433403805497,80.73476702508961,86.87294889826535,90.0,87.4441166310629
SHP0299,Normal,208.0,174.0,166.4,0.9,72.28094902513507,62.365591397849464,67.65119549929676,90.0,74.19187420560549
SHP0300,Normal,100.0,120.0,80.0,0.9,97.65092788348603,86.55913978494624,92.9676511954993,90.0,91.64604715620793
SHP0301,Normal,176.0,158.0,140.8,0.9,79.7979797979798,69.53405017921148,75.15236755743085,90.0,79.363481005784
SHP0302,Normal,170.0,155.0,136.0,0.9,81.20742306788819,70.87813620071685,76.558837318331,90.0,80.33315728081746
SHP0303,Normal,110.0,125.0,88.0,0.9,95.30185576697204,84.31899641577061,90.6235349273324,90.0,90.02992003115214
SHP0304,Normal,256.0,198.0,204.8,0.9,61.005402865867985,51.61290322580645,56.399437412095644,90.0,66.43446400533773
SHP0305,Normal,162.0,151.0,129.6,0.9,83.08668076109936,72.67025089605734,78.43413033286453,90.0,81.62605898086208
SHP0306,Normal,248.0,194.0,198.4,0.9,62.884660559079165,53.40501792114695,58.27473042662916,90.0,67.72736570538237
SHP0307,Normal,178.0,159.0,142.4,0.9,79.32816537467701,69.08602150537634,74.68354430379746,90.0,79.04025558077284
SHP0308,Normal,280.0,210.0,224.0,0.9,55.36762978623444,46.236559139784944,50.77355836849509,90.0,62.55575890520387
SHP0309,Normal,214.0,177.0,171.20000000000002,0.9,70.87150575522669,61.02150537634409,66.24472573839662,90.0,73.22219793057202
SHP0310,Normal,126.0,133.0,100.80000000000001,0.9,91.5433403805497,80.73476702508961,86.87294889826535,90.0,87.4441166310629
SHP0311,Normal,100.0,120.0,80.0,0.9,97.65092788348603,86.55913978494624,92.9676511954993,90.0,91.64604715620793
SHP0312,Normal,138.0,139.0,110.4,0.9,88.7244538407329,78.04659498207886,84.06000937646506,90.0,85.50476408099595
SHP0313,Normal,208.0,174.0,166.4,0.9,72.28094902513507,62.365591397849464,67.65119549929676,90.0,74.19187420560549
SHP0314,Normal,188.0,164.0,150.4,0.9,76.97909325816302,66.84587813620072,72.33942803563058,90.0,77.42412845571704
SHP0315,Normal,100.0,120.0,80.0,0.9,97.65092788348603,86.55913978494624,92.9676511954993,90.0,91.64604715620793
SHP0316,Normal,162.0,151.0,129.6,0.9,83.08668076109936,72.67025089605734,78.43413033286453,90.0,81.62605898086208
SHP0317,Normal,256.0,198.0,204.8,0.9,61.005402865867985,51.61290322580645,56.399437412095644,90.0,66.43446400533773
SHP0318,Normal,192.0,166.0,153.60000000000002,0.9,76.03946441155743,65.94982078853047,71.40178152836381,90.0,76.77767760569475
SHP0319,Normal,100.0,120.0,80.0,0.9,97.65092788348603,86.55913978494624,92.9676511954993,90.0,91.64604715620793
SHP0320,Normal,122.0,131.0,97.60000000000001,0.9,92.48296922715528,81.63082437275986,87.81059540553211,90.0,88.0905674810852
SHP0321,Normal,100.0,120.0,80.0,0.9,97.65092788348603,86.55913978494624,92.9676511954993,90.0,91.64604715620793
SHP0322,Normal,128.0,134.0,102.4,0.9,91.07352595724689,80.28673835125448,86.40412564463197,90.0,87.12089120605174
SHP0323,Normal,166.0,153.0,132.8,0.9,82.14705191449377,71.7741935483871,77.49648382559775,90.0,80.97960813083978
SHP0324,Normal,100.0,120.0,80.0,0.9,97.65092788348603,86.55913978494624,92.9676511954993,90.0,91.64604715620793
SHP0325,Normal,100.0,120.0,80.0,0.9,97.65092788348603,86.55913978494624,92.9676511954993,90.0,91.64604715620793
SHP0326,Normal,178.0,159.0,142.4,0.9,79.32816537467701,69.08602150537634,74.68354430379746,90.0,79.04025558077284
SHP0327,Normal,254.0,197.0,203.20000000000002,0.9,61.47521728917078,52.060931899641574,56.86826066572902,90.0,66.75768943034889
SHP0328,Normal,162.0,151.0,129.6,0.9,83.08668076109936,72.67025089605734,78.43413033286453,90.0,81.62605898086208
SHP0329,Normal,164.0,152.0,131.20000000000002,0.9,82.61686633779657,72.22222222222221,77.96530707923114,90.0,81.30283355585092
SHP0330,Normal,172.0,156.0,137.6,0.9,80.73760864458539,70.43010752688171,76.09001406469761,90.0,80.0099318558063
SHP0331,Normal,296.0,218.0,236.8,0.9,51.609114399812086,42.65232974910394,47.02297233942804,90.0,59.96995550511461
SHP0332,Normal,216.0,178.0,172.8,0.9,70.40169133192389,60.573476702508955,65.77590248476325,90.0,72.89897250556086
SHP0333,Normal,186.0,163.0,148.8,0.9,77.44890768146583,67.29390681003584,72.80825128926395,90.0,77.74735388072821
SHP0334,Normal,126.0,133.0,100.80000000000001,0.9,91.5433403805497,80.73476702508961,86.87294889826535,90.0,87.4441166310629
SHP0335,Normal,200.0,170.0,160.0,0.9,74.16020671834626,64.15770609318996,69.52648851383029,90.0,75.48477590565011
SHP0336,Normal,168.0,154.0,134.4,0.9,81.67723749119098,71.32616487455196,77.02766057196436,90.0,80.6563827058286
SHP0337,Normal,162.0,151.0,129.6,0.9,83.08668076109936,72.67025089605734,78.43413033286453,90.0,81.62605898086208
SHP0338,Normal,100.0,120.0,80.0,0.9,97.65092788348603,86.55913978494624,92.9676511954993,90.0,91.64604715620793
SHP0339,Normal,146.0,143.0,116.80000000000001,0.9,86.84519614752173,76.25448028673834,82.18471636193155,90.0,84.21186238095133
SHP0340,Normal,110.0,125.0,88.0,0.9,95.30185576697204,84.31899641577061,90.6235349273324,90.0,90.02992003115214
SHP0341,Normal,126.0,133.0,100.80000000000001,0.9,91.5433403805497,80.73476702508961,86.87294889826535,90.0,87.4441166310629
SHP0342,Normal,214.0,177.0,171.20000000000002,0.9,70.87150575522669,61.02150537634409,66.24472573839662,90.0,73.22219793057202
SHP0343,Normal,100.0,120.0,80.0,0.9,97.65092788348603,86.55913978494624,92.9676511954993,90.0,91.64604715620793
SHP0344,Normal,158.0,149.0,126.4,0.9,84.02630960770496,73.56630824372759,79.37177684013126,90.0,82.27250983088439
SHP0345,Normal,190.0,165.0,152.0,0.9,76.50927883486023,66.39784946236558,71.87060478199719,90.0,77.1009030307059
SHP0346,Normal,256.0,198.0,204.8,0.9,61.005402865867985,51.61290322580645,56.399437412095644,90.0,66.43446400533773
SHP0347,Normal,262.0,201.0,209.60000000000002,0.9,59.5959595959596,50.26881720430107,54.9929676511955,90.0,65.46478773030427
SHP0348,Normal,170.0,155.0,136.0,0.9,81.20742306788819,70.87813620071685,76.558837318331,90.0,80.33315728081746
SHP0349,Normal,158.0,149.0,126.4,0.9,84.02630960770496,73.56630824372759,79.37177684013126,90.0,82.27250983088439
SHP0350,Normal,100.0,120.0,80.0,0.9,97.65092788348603,86.55913978494624,92.9676511954993,90.0,91.64604715620793
SHP0351,Normal,178.0,159.0,142.4,0.9,79.32816537467701,69.08602150537634,74.68354430379746,90.0,79.04025558077284
SHP0352,Normal,196.0,168.0,156.8,0.9,75.09983556495185,65.05376344086021,70.46413502109704,90.0,76.13122675567243
SHP0353,Normal,100.0,120.0,80.0,0.9,97.65092788348603,86.55913978494624,92.9676511954993,90.0,91.64604715620793
SHP0354,Normal,252.0,196.0,201.60000000000002,0.9,61.94503171247357,52.508960573476706,57.3370839193624,90.0,67.08091485536005
SHP0355,Normal,138.0,139.0,110.4,0.9,88.7244538407329,78.04659498207886,84.06000937646506,90.0,85.50476408099595
SHP0356,Normal,258.0,199.0,206.4,0.9,60.53558844256519,51.16487455197133,55.93061415846227,90.0,66.11123858032659
SHP0357,Normal,146.0,143.0,116.80000000000001,0.9,86.84519614752173,76.25448028673834,82.18471636193155,90.0,84.21186238095133
SHP0358,Normal,328.0,234.0,262.40000000000003,0.9,44.09208362696735,35.48387096774193,39.52180028129394,90.0,54.79834870493611
SHP0359,Normal,222.0,181.0,177.60000000000002,0.9,68.9922480620155,59.22939068100358,64.3694327238631,90.0,71.92929623052738
SHP0360,Normal,176.0,158.0,140.8,0.9,79.7979797979798,69.53405017921148,75.15236755743085,90.0,79.363481005784
SHP0361,Normal,100.0,120.0,80.0,0.9,97.65092788348603,86.55913978494624,92.9676511954993,90.0,91.64604715620793
SHP0362,Normal,122.0,131.0,97.60000000000001,0.9,92.48296922715528,81.63082437275986,87.81059540553211,90.0,88.0905674810852
SHP0363,Normal,126.0,133.0,100.80000000000001,0.9,91.5433403805497,80.73476702508961,86.87294889826535,90.0,87.4441166310629
SHP0364,Normal,100.0,120.0,80.0,0.9,97.65092788348603,86.55913978494624,92.9676511954993,90.0,91.64604715620793
SHP0365,Normal,170.0,155.0,136.0,0.9,81.20742306788819,70.87813620071685,76.558837318331,90.0,80.33315728081746
SHP0366,Normal,208.0,174.0,166.4,0.9,72.28094902513507,62.365591397849464,67.65119549929676,90.0,74.19187420560549
SHP0367,Normal,148.0,144.0,118.4,0.9,86.37538172421894,75.80645161290323,81.71589310829816,90.0,83.88863695594017
SHP0368,Normal,266.0,203.0,212.8,0.9,58.65633074935401,49.37275985663082,54.05532114392874,90.0,64.81833688028195
SHP0369,Normal,194.0,167.0,155.20000000000002,0.9,75.56964998825464,65.50179211469533,70.93295827473042,90.0,76.45445218068357
SHP0370,Normal,254.0,197.0,203.20000000000002,0.9,61.47521728917078,52.060931899641574,56.86826066572902,90.0,66.75768943034889
SHP0371,Normal,122.0,131.0,97.60000000000001,0.9,92.48296922715528,81.63082437275986,87.81059540553211,90.0,88.0905674810852
SHP0372,Normal,138.0,139.0,110.4,0.9,88.7244538407329,78.04659498207886,84.06000937646506,90.0,85.50476408099595
SHP0373,Normal,100.0,120.0,80.0,0.9,97.65092788348603,86.55913978494624,92.9676511954993,90.0,91.64604715620793
SHP0374,Normal,222.0,181.0,177.60000000000002,0.9,68.9922480620155,59.22939068100358,64.3694327238631,90.0,71.92929623052738
SHP0375,Normal,132.0,136.0,105.60000000000001,0.9,90.13389711064129,79.39068100358423,85.4664791373652,90.0,86.47444035602942
SHP0376,Normal,168.0,154.0,134.4,0.9,81.67723749119098,71.32616487455196,77.02766057196436,90.0,80.6563827058286
SHP0377,Normal,162.0,151.0,129.6,0.9,83.08668076109936,72.67025089605734,78.43413033286453,90.0,81.62605898086208
SHP0378,Normal,150.0,145.0,120.0,0.9,85.90556730091615,75.3584229390681,81.24706985466479,90.0,83.56541153092903
SHP0379,Normal,282.0,211.0,225.60000000000002,0.9,54.897815362931645,45.78853046594982,50.3047351148617,90.0,62.23253348019271
SHP0380,Normal,148.0,144.0,118.4,0.9,86.37538172421894,75.80645161290323,81.71589310829816,90.0,83.88863695594017
SHP0381,Normal,158.0,149.0,126.4,0.9,84.02630960770496,73.56630824372759,79.37177684013126,90.0,82.27250983088439
SHP0382,Normal,140.0,140.0,112.0,0.9,88.25463941743011,77.59856630824372,83.5911861228317,90.0,85.1815386559848
SHP0383,Normal,218.0,179.0,174.4,0.9,69.93187690862109,60.12544802867383,65.30707923112986,90.0,72.5757470805497
SHP0384,Normal,182.0,161.0,145.6,0.9,78.38853652807141,68.1899641577061,73.74589779653071,90.0,78.39380473075052
SHP0385,Normal,304.0,222.0,243.20000000000002,0.9,49.7298567066009,40.86021505376344,45.14767932489451,90.0,58.67705380506999
SHP0386,Normal,242.0,191.0,193.60000000000002,0.9,64.29410382898756,54.74910394265233,59.68120018752929,90.0,68.69704198041583
SHP0387,Normal,192.0,166.0,153.60000000000002,0.9,76.03946441155743,65.94982078853047,71.40178152836381,90.0,76.77767760569475
SHP0388,Normal,130.0,135.0,104.0,0.9,90.6037115339441,79.83870967741935,85.93530239099859,90.0,86.79766578104058
SHP0389,Normal,198.0,169.0,158.4,0.9,74.63002114164905,64.6057347670251,69.99531176746366,90.0,75.80800133066127
SHP0390,Normal,114.0,127.0,91.2,0.9,94.36222692036645,83.42293906810035,89.68588842006564,90.0,89.38346918112984
SHP0391,Normal,124.0,132.0,99.2,0.9,92.01315480385249,81.18279569892472,87.34177215189874,90.0,87.76734205607406
SHP0392,Normal,124.0,132.0,99.2,0.9,92.01315480385249,81.18279569892472,87.34177215189874,90.0,87.76734205607406
SHP0393,Normal,140.0,140.0,112.0,0.9,88.25463941743011,77.59856630824372,83.5911861228317,90.0,85.1815386559848
SHP0394,Normal,204.0,172.0,163.20000000000002,0.9,73.22057787174067,63.261648745519715,68.58884200656352,90.0,74.83832505562779
SHP0395,Normal,206.0,173.0,164.8,0.9,72.75076344843787,62.81362007168458,68.12001875293015,90.0,74.51509963061665
SHP0396,Normal,284.0,212.0,227.20000000000002,0.9,54.42800093962885,45.340501792114694,49.83591186122832,90.0,61.909308055181555
SHP0397,Normal,128.0,134.0,102.4,0.9,91.07352595724689,80.28673835125448,86.40412564463197,90.0,87.12089120605174
SHP0398,Normal,132.0,136.0,105.60000000000001,0.9,90.13389711064129,79.39068100358423,85.4664791373652,90.0,86.47444035602942
SHP0399,Normal,112.0,126.0,89.60000000000001,0.9,94.83204134366925,83.87096774193549,90.15471167369901,90.0,89.70669460614099
SHP0400,Normal,170.0,155.0,136.0,0.9,81.20742306788819,70.87813620071685,76.558837318331,90.0,80.33315728081746
SHP0401,Normal,244.0,192.0,195.20000000000002,0.9,63.82428940568475,54.3010752688172,59.21237693389592,90.0,68.37381655540467
SHP0402,Normal,304.0,222.0,243.20000000000002,0.9,49.7298567066009,40.86021505376344,45.14767932489451,90.0,58.67705380506999
SHP0403,Normal,100.0,120.0,80.0,0.9,97.65092788348603,86.55913978494624,92.9676511954993,90.0,91.64604715620793
SHP0404,Normal,218.0,179.0,174.4,0.9,69.93187690862109,60.12544802867383,65.30707923112986,90.0,72.5757470805497
SHP0405,Normal,270.0,205.0,216.0,0.9,57.716701902748426,48.47670250896057,53.11767463666198,90.0,64.17188603025964
SHP0406,Normal,228.0,184.0,182.4,0.9,67.58280479210713,57.8853046594982,62.96296296296296,90.0,70.95961995549393
SHP0407,Normal,192.0,166.0,153.60000000000002,0.9,76.03946441155743,65.94982078853047,71.40178152836381,90.0,76.77767760569475
SHP0408,Normal,118.0,129.0,94.4,0.9,93.42259807376087,82.52688172043011,88.74824191279886,90.0,88.73701833110752
SHP0409,Normal,128.0,134.0,102.4,0.9,91.07352595724689,80.28673835125448,86.40412564463197,90.0,87.12089120605174
SHP0410,Normal,110.0,125.0,88.0,0.9,95.30185576697204,84.31899641577061,90.6235349273324,90.0,90.02992003115214
SHP0411,Normal,198.0,169.0,158.4,0.9,74.63002114164905,64.6057347670251,69.99531176746366,90.0,75.80800133066127
SHP0412,Normal,126.0,133.0,100.80000000000001,0.9,91.5433403805497,80.73476702508961,86.87294889826535,90.0,87.4441166310629
SHP0413,Normal,158.0,149.0,126.4,0.9,84.02630960770496,73.56630824372759,79.37177684013126,90.0,82.27250983088439
SHP0414,Normal,222.0,181.0,177.60000000000002,0.9,68.9922480620155,59.22939068100358,64.3694327238631,90.0,71.92929623052738
SHP0415,Normal,232.0,186.0,185.60000000000002,0.9,66.64317594550153,56.98924731182795,62.0253164556962,90.0,70.31316910547162
SHP0416,Normal,162.0,151.0,129.6,0.9,83.08668076109936,72.67025089605734,78.43413033286453,90.0,81.62605898086208
SHP0417,Normal,144.0,142.0,115.2,0.9,87.31501057082453,76.70250896057348,82.65353961556494,90.0,84.53508780596249
SHP0418,Normal,172.0,156.0,137.6,0.9,80.73760864458539,70.43010752688171,76.09001406469761,90.0,80.0099318558063
SHP0419,Normal,126.0,133.0,100.80000000000001,0.9,91.5433403805497,80.73476702508961,86.87294889826535,90.0,87.4441166310629
SHP0420,Normal,130.0,135.0,104.0,0.9,90.6037115339441,79.83870967741935,85.93530239099859,90.0,86.79766578104058
SHP0421,Normal,174.0,157.0,139.20000000000002,0.9,80.2677942212826,69.98207885304659,75.62119081106424,90.0,79.68670643079514
SHP0422,Normal,100.0,120.0,80.0,0.9,97.65092788348603,86.55913978494624,92.9676511954993,90.0,91.64604715620793
SHP0423,Normal,100.0,120.0,80.0,0.9,97.65092788348603,86.55913978494624,92.9676511954993,90.0,91.64604715620793
SHP0424,Normal,174.0,157.0,139.20000000000002,0.9,80.2677942212826,69.98207885304659,75.62119081106424,90.0,79.68670643079514
SHP0425,Normal,180.0,160.0,144.0,0.9,78.8583509513742,68.63799283154121,74.21472105016409,90.0,78.71703015576168
SHP0426,Normal,212.0,176.0,169.60000000000002,0.9,71.34132017852949,61.469534050179206,66.71354899203,90.0,73.54542335558318
SHP0427,Normal,178.0,159.0,142.4,0.9,79.32816537467701,69.08602150537634,74.68354430379746,90.0,79.04025558077284
SHP0428,Normal,164.0,152.0,131.20000000000002,0.9,82.61686633779657,72.22222222222221,77.96530707923114,90.0,81.30283355585092
SHP0429,Normal,230.0,185.0,184.0,0.9,67.11299036880433,57.437275985663085,62.49413970932959,90.0,70.63639453048278
SHP0430,Normal,116.0,128.0,92.80000000000001,0.9,93.89241249706366,82.97491039426524,89.21706516643225,90.0,89.06024375611868
SHP0431,Normal,252.0,196.0,201.60000000000002,0.9,61.94503171247357,52.508960573476706,57.3370839193624,90.0,67.08091485536005
SHP0432,Normal,174.0,157.0,139.20000000000002,0.9,80.2677942212826,69.98207885304659,75.62119081106424,90.0,79.68670643079514
SHP0433,Normal,196.0,168.0,156.8,0.9,75.09983556495185,65.05376344086021,70.46413502109704,90.0,76.13122675567243
SHP0434,Normal,174.0,157.0,139.20000000000002,0.9,80.2677942212826,69.98207885304659,75.62119081106424,90.0,79.68670643079514
SHP0435,Normal,146.0,143.0,116.80000000000001,0.9,86.84519614752173,76.25448028673834,82.18471636193155,90.0,84.21186238095133
SHP0436,Normal,176.0,158.0,140.8,0.9,79.7979797979798,69.53405017921148,75.15236755743085,90.0,79.363481005784
SHP0437,Normal,186.0,163.0,148.8,0.9,77.44890768146583,67.29390681003584,72.80825128926395,90.0,77.74735388072821
SHP0438,Normal,160.0,150.0,128.0,0.9,83.55649518440215,73.11827956989248,78.90295358649789,90.0,81.94928440587323
SHP0439,Normal,228.0,184.0,182.4,0.9,67.58280479210713,57.8853046594982,62.96296296296296,90.0,70.95961995549393
SHP0440,Normal,162.0,151.0,129.6,0.9,83.08668076109936,72.67025089605734,78.43413033286453,90.0,81.62605898086208
SHP0441,Normal,188.0,164.0,150.4,0.9,76.97909325816302,66.84587813620072,72.33942803563058,90.0,77.42412845571704
SHP0442,Normal,382.0,261.0,305.6,0.9,31.407094197791878,23.387096774193544,26.863572433192683,90.0,46.0712622296349
SHP0443,Normal,186.0,163.0,148.8,0.9,77.44890768146583,67.29390681003584,72.80825128926395,90.0,77.74735388072821
SHP0444,Normal,120.0,130.0,96.0,0.9,92.95278365045807,82.07885304659499,88.2794186591655,90.0,88.41379290609636
SHP0445,Normal,196.0,168.0,156.8,0.9,75.09983556495185,65.05376344086021,70.46413502109704,90.0,76.13122675567243
SHP0446,Normal,138.0,139.0,110.4,0.9,88.7244538407329,78.04659498207886,84.06000937646506,90.0,85.50476408099595
SHP0447,Normal,232.0,186.0,185.60000000000002,0.9,66.64317594550153,56.98924731182795,62.0253164556962,90.0,70.31316910547162
SHP0448,Normal,132.0,136.0,105.60000000000001,0.9,90.13389711064129,79.39068100358423,85.4664791373652,90.0,86.47444035602942
SHP0449,Normal,208.0,174.0,166.4,0.9,72.28094902513507,62.365591397849464,67.65119549929676,90.0,74.19187420560549
SHP0450,Normal,286.0,213.0,228.8,0.9,53.95818651632606,44.89247311827957,49.36708860759494,90.0,61.586082630170395
SHP0451,Normal,100.0,120.0,80.0,0.9,97.65092788348603,86.55913978494624,92.9676511954993,90.0,91.64604715620793
SHP0452,Normal,146.0,143.0,116.80000000000001,0.9,86.84519614752173,76.25448028673834,82.18471636193155,90.0,84.21186238095133
SHP0453,Normal,154.0,147.0,123.2,0.9,84.96593845431055,74.46236559139786,80.30942334739804,90.0,82.91896068090671
SHP0454,Normal,300.0,220.0,240.0,0.9,50.669485553206485,41.756272401433684,46.08532583216128,90.0,59.3235046550923
SHP0455,Normal,192.0,166.0,153.60000000000002,0.9,76.03946441155743,65.94982078853047,71.40178152836381,90.0,76.77767760569475
SHP0456,Normal,134.0,137.0,107.2,0.9,89.66408268733849,78.94265232974911,84.99765588373184,90.0,86.15121493101827
SHP0457,Normal,136.0,138.0,108.80000000000001,0.9,89.1942682640357,78.49462365591397,84.52883263009845,90.0,85.8279895060071
SHP0458,Normal,100.0,120.0,80.0,0.9,97.65092788348603,86.55913978494624,92.9676511954993,90.0,91.64604715620793
SHP0459,Normal,214.0,177.0,171.20000000000002,0.9,70.87150575522669,61.02150537634409,66.24472573839662,90.0,73.22219793057202
SHP0460,Normal,166.0,153.0,132.8,0.9,82.14705191449377,71.7741935483871,77.49648382559775,90.0,80.97960813083978
SHP0461,Normal,272.0,206.0,217.60000000000002,0.9,57.24688747944562,48.028673835125446,52.64885138302859,90.0,63.84866060524848
SHP0462,Normal,134.0,137.0,107.2,0.9,89.66408268733849,78.94265232974911,84.99765588373184,90.0,86.15121493101827
SHP0463,Normal,140.0,140.0,112.0,0.9,88.25463941743011,77.59856630824372,83.5911861228317,90.0,85.1815386559848
SHP0464,Normal,274.0,207.0,219.20000000000002,0.9,56.777073056142825,47.58064516129032,52.18002812939522,90.0,63.52543518023733
SHP0465,Normal,100.0,120.0,80.0,0.9,97.65092788348603,86.55913978494624,92.9676511954993,90.0,91.64604715620793
SHP0466,Normal,166.0,153.0,132.8,0.9,82.14705191449377,71.7741935483871,77.49648382559775,90.0,80.97960813083978
SHP0467,Normal,100.0,120.0,80.0,0.9,97.65092788348603,86.55913978494624,92.9676511954993,90.0,91.64604715620793
SHP0468,Normal,126.0,133.0,100.80000000000001,0.9,91.5433403805497,80.73476702508961,86.87294889826535,90.0,87.4441166310629
SHP0469,Normal,190.0,165.0,152.0,0.9,76.50927883486023,66.39784946236558,71.87060478199719,90.0,77.1009030307059
SHP0470,Normal,180.0,160.0,144.0,0.9,78.8583509513742,68.63799283154121,74.21472105016409,90.0,78.71703015576168
SHP0471,Normal,100.0,120.0,80.0,0.9,97.65092788348603,86.55913978494624,92.9676511954993,90.0,91.64604715620793
SHP0472,Normal,168.0,154.0,134.4,0.9,81.67723749119098,71.32616487455196,77.02766057196436,90.0,80.6563827058286
SHP0473,Normal,138.0,139.0,110.4,0.9,88.7244538407329,78.04659498207886,84.06000937646506,90.0,85.50476408099595
SHP0474,Normal,178.0,159.0,142.4,0.9,79.32816537467701,69.08602150537634,74.68354430379746,90.0,79.04025558077284
SHP0475,Normal,228.0,184.0,182.4,0.9,67.58280479210713,57.8853046594982,62.96296296296296,90.0,70.95961995549393
SHP0476,Normal,100.0,120.0,80.0,0.9,97.65092788348603,86.55913978494624,92.9676511954993,90.0,91.64604715620793
SHP0477,Normal,126.0,133.0,100.80000000000001,0.9,91.5433403805497,80.73476702508961,86.87294889826535,90.0,87.4441166310629
SHP0478,Normal,290.0,215.0,232.0,0.9,53.018557669720465,43.99641577060932,48.42944210032818,90.0,60.93963178014808
SHP0479,Normal,196.0,168.0,156.8,0.9,75.09983556495185,65.05376344086021,70.46413502109704,90.0,76.13122675567243
SHP0480,Normal,100.0,120.0,80.0,0.9,97.65092788348603,86.55913978494624,92.9676511954993,90.0,91.64604715620793
SHP0481,Normal,154.0,147.0,123.2,0.9,84.96593845431055,74.46236559139786,80.30942334739804,90.0,82.91896068090671
SHP0482,Normal,184.0,162.0,147.20000000000002,0.9,77.91872210476862,67.74193548387096,73.27707454289732,90.0,78.07057930573936
SHP0483,Normal,216.0,178.0,172.8,0.9,70.40169133192389,60.573476702508955,65.77590248476325,90.0,72.89897250556086
SHP0484,Normal,100.0,120.0,80.0,0.9,97.65092788348603,86.55913978494624,92.9676511954993,90.0,91.64604715620793
SHP0485,Normal,110.0,125.0,88.0,0.9,95.30185576697204,84.31899641577061,90.6235349273324,90.0,90.02992003115214
SHP0486,Normal,370.0,255.0,296.0,0.9,34.22598073760865,26.075268817204293,29.676511954992975,90.0,48.01061477970183
SHP0487,Normal,250.0,195.0,200.0,0.9,62.41484613577637,52.956989247311824,57.80590717299579,90.0,67.40414028037121
SHP0488,Normal,216.0,178.0,172.8,0.9,70.40169133192389,60.573476702508955,65.77590248476325,90.0,72.89897250556086
SHP0489,Normal,210.0,175.0,168.0,0.9,71.81113460183228,61.91756272401433,67.18237224566339,90.0,73.86864878059433
SHP0490,Normal,134.0,137.0,107.2,0.9,89.66408268733849,78.94265232974911,84.99765588373184,90.0,86.15121493101827
SHP0491,Normal,134.0,137.0,107.2,0.9,89.66408268733849,78.94265232974911,84.99765588373184,90.0,86.15121493101827
SHP0492,Normal,134.0,137.0,107.2,0.9,89.66408268733849,78.94265232974911,84.99765588373184,90.0,86.15121493101827
SHP0493,Normal,124.0,132.0,99.2,0.9,92.01315480385249,81.18279569892472,87.34177215189874,90.0,87.76734205607406
SHP0494,Normal,184.0,162.0,147.20000000000002,0.9,77.91872210476862,67.74193548387096,73.27707454289732,90.0,78.07057930573936
SHP0495,Normal,160.0,150.0,128.0,0.9,83.55649518440215,73.11827956989248,78.90295358649789,90.0,81.94928440587323
SHP0496,Normal,100.0,120.0,80.0,0.9,97.65092788348603,86.55913978494624,92.9676511954993,90.0,91.64604715620793
SHP0497,Normal,100.0,120.0,80.0,0.9,97.65092788348603,86.55913978494624,92.9676511954993,90.0,91.64604715620793
SHP0498,Normal,142.0,141.0,113.60000000000001,0.9,87.78482499412732,77.15053763440861,83.12236286919831,90.0,84.85831323097365
SHP0499,Normal,292.0,216.0,233.60000000000002,0.9,52.54874324641767,43.548387096774185,47.96061884669479,90.0,60.616406355136924
SHP0500,Normal,162.0,151.0,129.6,0.9,83.08668076109936,72.67025089605734,78.43413033286453,90.0,81.62605898086208
SHP0001,Fast,237.60000000000002,118.5,183.04000000000002,0.94,65.3276955602537,87.23118279569893,62.7754336615096,94.0,78.89480632129008
SHP0002,Fast,135.0,90.0,104.0,0.94,89.4291754756871,100.0,85.93530239099859,94.0,92.7443543471215
SHP0003,Fast,321.3,141.75,247.52,0.94,45.66596194503171,76.81451612903226,43.88185654008439,94.0,67.59649082653287
SHP0004,Fast,218.70000000000002,113.25,168.48,0.94,69.76744186046511,89.58333333333334,67.04172526957338,94.0,81.4460388523643
SHP0005,Fast,380.70000000000005,158.25,293.28000000000003,0.94,31.712473572938688,69.42204301075269,30.473511486169713,94.0,59.578331443156785
SHP0006,Fast,288.90000000000003,132.75,222.56000000000003,0.94,53.276955602536994,80.84677419354838,51.195499296765114,94.0,71.97003230837437
SHP0007,Fast,264.6,126.0,203.84000000000003,0.94,58.985200845665965,83.87096774193549,56.68073136427566,94.0,75.25018841975549
SHP0008,Fast,367.20000000000005,154.5,282.88000000000005,0.94,34.883720930232556,71.10215053763442,33.520862634786674,94.0,61.40064039392408
SHP0009,Fast,162.0,97.5,124.80000000000001,0.94,83.08668076109936,96.63978494623656,79.84060009376465,94.0,89.09973644558691
SHP0010,Fast,189.0,105.0,145.6,0.94,76.74418604651163,93.27956989247312,73.74589779653071,94.0,85.45511854405233
SHP0011,Fast,135.0,90.0,104.0,0.94,89.4291754756871,100.0,85.93530239099859,94.0,92.7443543471215
SHP0012,Fast,226.8,115.5,174.72000000000003,0.94,67.8646934460888,88.5752688172043,65.21331458040318,94.0,80.35265348190391
SHP0013,Fast,178.20000000000002,102.0,137.28000000000003,0.94,79.2811839323467,94.6236559139785,76.18377871542428,94.0,86.91296570466616
SHP0014,Fast,135.0,90.0,104.0,0.94,89.4291754756871,100.0,85.93530239099859,94.0,92.7443543471215
SHP0015,Fast,310.5,138.75,239.20000000000002,0.94,48.20295983086682,78.15860215053763,46.31973745897797,94.0,69.05433798714671
SHP0016,Fast,240.3,119.25,185.12,0.94,64.69344608879493,86.89516129032258,62.16596343178622,94.0,78.53034453113662
SHP0017,Fast,240.3,119.25,185.12,0.94,64.69344608879493,86.89516129032258,62.16596343178622,94.0,78.53034453113662
SHP0018,Fast,332.1,144.75,255.84000000000003,0.94,43.12896405919662,75.47043010752688,41.44397562119081,94.0,66.13864366591903
SHP0019,Fast,135.0,90.0,104.0,0.94,89.4291754756871,100.0,85.93530239099859,94.0,92.7443543471215
SHP0020,Fast,197.10000000000002,107.25,151.84000000000003,0.94,74.8414376321353,92.27150537634408,71.91748710736053,94.0,84.36173317359194
SHP0021,Fast,251.10000000000002,122.25,193.44000000000003,0.94,62.15644820295982,85.5510752688172,59.728082512892634,94.0,77.07249737052278
SHP0022,Fast,183.60000000000002,103.5,141.44000000000003,0.94,78.01268498942918,93.9516129032258,74.9648382559775,94.0,86.18404212435924
SHP0023,Fast,297.0,135.0,228.8,0.94,51.37420718816068,79.83870967741935,49.36708860759494,94.0,70.876646937914
SHP0024,Fast,332.1,144.75,255.84000000000003,0.94,43.12896405919662,75.47043010752688,41.44397562119081,94.0,66.13864366591903
SHP0025,Fast,232.20000000000002,117.0,178.88,0.94,66.59619450317123,87.90322580645162,63.9943741209564,94.0,79.62372990159699
SHP0026,Fast,135.0,90.0,104.0,0.94,89.4291754756871,100.0,85.93530239099859,94.0,92.7443543471215
SHP0027,Fast,283.5,131.25,218.4,0.94,54.545454545454554,81.51881720430107,52.414439756211905,94.0,72.69895588868128
SHP0028,Fast,135.0,90.0,104.0,0.94,89.4291754756871,100.0,85.93530239099859,94.0,92.7443543471215
SHP0029,Fast,396.90000000000003,162.75,305.76000000000005,0.94,27.906976744186046,67.40591397849462,26.816690107829338,94.0,57.391560702236035
SHP0030,Fast,170.10000000000002,99.75,131.04000000000002,0.94,81.18393234672304,95.63172043010752,78.01218940459447,94.0,88.00635107512653
SHP0031,Fast,178.20000000000002,102.0,137.28000000000003,0.94,79.2811839323467,94.6236559139785,76.18377871542428,94.0,86.91296570466616
SHP0032,Fast,135.0,90.0,104.0,0.94,89.4291754756871,100.0,85.93530239099859,94.0,92.7443543471215
SHP0033,Fast,248.4,121.5,191.36000000000004,0.94,62.79069767441862,85.88709677419355,60.337552742616026,94.0,77.43695916067625
SHP0034,Fast,170.10000000000002,99.75,131.04000000000002,0.94,81.18393234672304,95.63172043010752,78.01218940459447,94.0,88.00635107512653
SHP0035,Fast,229.50000000000003,116.25,176.8,0.94,67.23044397463002,88.23924731182797,64.6038443506798,94.0,79.98819169175046
SHP0036,Fast,148.5,93.75,114.4,0.94,86.25792811839324,98.31989247311827,82.88795124238162,94.0,90.9220453963542
SHP0037,Fast,286.20000000000005,132.0,220.48000000000005,0.94,53.91120507399576,81.18279569892472,51.804969526488506,94.0,72.33449409852783
SHP0038,Fast,286.20000000000005,132.0,220.48000000000005,0.94,53.91120507399576,81.18279569892472,51.804969526488506,94.0,72.33449409852783
SHP0039,Fast,305.1,137.25,235.04000000000002,0.94,49.471458773784356,78.83064516129032,47.53867791842475,94.0,69.78326156745362
SHP0040,Fast,207.9,110.25,160.16,0.94,72.30443974630022,90.92741935483872,69.47960618846695,94.0,82.90388601297812
SHP0041,Fast,218.70000000000002,113.25,168.48,0.94,69.76744186046511,89.58333333333334,67.04172526957338,94.0,81.4460388523643
SHP0042,Fast,315.90000000000003,140.25,243.36000000000004,0.94,46.93446088794926,77.48655913978494,45.10079699953117,94.0,68.32541440683978
SHP0043,Fast,189.0,105.0,145.6,0.94,76.74418604651163,93.27956989247312,73.74589779653071,94.0,85.45511854405233
SHP0044,Fast,315.90000000000003,140.25,243.36000000000004,0.94,46.93446088794926,77.48655913978494,45.10079699953117,94.0,68.32541440683978
SHP0045,Fast,172.8,100.5,133.12,0.94,80.54968287526427,95.29569892473118,77.40271917487107,94.0,87.64188928497308
SHP0046,Fast,364.5,153.75,280.8,0.94,35.51797040169134,71.43817204301075,34.13033286451008,94.0,61.765102184077534
SHP0047,Fast,283.5,131.25,218.4,0.94,54.545454545454554,81.51881720430107,52.414439756211905,94.0,72.69895588868128
SHP0048,Fast,135.0,90.0,104.0,0.94,89.4291754756871,100.0,85.93530239099859,94.0,92.7443543471215
SHP0049,Fast,183.60000000000002,103.5,141.44000000000003,0.94,78.01268498942918,93.9516129032258,74.9648382559775,94.0,86.18404212435924
SHP0050,Fast,199.8,108.0,153.92000000000002,0.94,74.20718816067652,91.93548387096774,71.30801687763713,94.0,83.9972713834385
SHP0051,Fast,210.60000000000002,111.0,162.24,0.94,71.67019027484145,90.59139784946237,68.87013595874355,94.0,82.53942422282466
SHP0052,Fast,280.8,130.5,216.32000000000002,0.94,55.17970401691332,81.85483870967741,53.023909985935305,94.0,73.06341767883474
SHP0053,Fast,135.0,90.0,104.0,0.94,89.4291754756871,100.0,85.93530239099859,94.0,92.7443543471215
SHP0054,Fast,135.0,90.0,104.0,0.94,89.4291754756871,100.0,85.93530239099859,94.0,92.7443543471215
SHP0055,Fast,275.40000000000003,129.0,212.16000000000003,0.94,56.448202959830866,82.52688172043011,54.24285044538208,94.0,73.79234125914166
SHP0056,Fast,299.70000000000005,135.75,230.88000000000002,0.94,50.7399577167019,79.50268817204301,48.757618377871545,94.0,70.51218514776053
SHP0057,Fast,313.20000000000005,139.5,241.28000000000003,0.94,47.56871035940803,77.82258064516128,45.71026722925457,94.0,68.68987619699324
SHP0058,Fast,135.0,90.0,104.0,0.94,89.4291754756871,100.0,85.93530239099859,94.0,92.7443543471215
SHP0059,Fast,148.5,93.75,114.4,0.94,86.25792811839324,98.31989247311827,82.88795124238162,94.0,90.9220453963542
SHP0060,Fast,178.20000000000002,102.0,137.28000000000003,0.94,79.2811839323467,94.6236559139785,76.18377871542428,94.0,86.91296570466616
SHP0061,Fast,135.0,90.0,104.0,0.94,89.4291754756871,100.0,85.93530239099859,94.0,92.7443543471215
SHP0062,Fast,264.6,126.0,203.84000000000003,0.94,58.985200845665965,83.87096774193549,56.68073136427566,94.0,75.25018841975549
SHP0063,Fast,199.8,108.0,153.92000000000002,0.94,74.20718816067652,91.93548387096774,71.30801687763713,94.0,83.9972713834385
SHP0064,Fast,396.90000000000003,162.75,305.76000000000005,0.94,27.906976744186046,67.40591397849462,26.816690107829338,94.0,57.391560702236035
SHP0065,Fast,224.10000000000002,114.75,172.64000000000001,0.94,68.49894291754757,88.91129032258065,65.82278481012658,94.0,80.71711527205737
SHP0066,Fast,253.8,123.0,195.52,0.94,61.52219873150106,85.21505376344086,59.11861228316925,94.0,76.70803558036933
SHP0067,Fast,216.0,112.5,166.4,0.94,70.40169133192389,89.91935483870968,67.65119549929676,94.0,81.81050064251774
SHP0068,Fast,329.40000000000003,144.0,253.76000000000002,0.94,43.763213530655385,75.80645161290323,42.05344585091421,94.0,66.50310545607249
SHP0069,Fast,135.0,90.0,104.0,0.94,89.4291754756871,100.0,85.93530239099859,94.0,92.7443543471215
SHP0070,Fast,191.70000000000002,105.75,147.68,0.94,76.10993657505286,92.94354838709677,73.13642756680731,94.0,85.09065675389887
SHP0071,Fast,213.3,111.75,164.32000000000002,0.94,71.03594080338267,90.25537634408603,68.26066572902015,94.0,82.17496243267121
SHP0072,Fast,297.0,135.0,228.8,0.94,51.37420718816068,79.83870967741935,49.36708860759494,94.0,70.876646937914
SHP0073,Fast,288.90000000000003,132.75,222.56000000000003,0.94,53.276955602536994,80.84677419354838,51.195499296765114,94.0,71.97003230837437
SHP0074,Fast,324.0,142.5,249.60000000000002,0.94,45.031712473572945,76.47849462365592,43.27238631036099,94.0,67.23202903637942
SHP0075,Fast,213.3,111.75,164.32000000000002,0.94,71.03594080338267,90.25537634408603,68.26066572902015,94.0,82.17496243267121
SHP0076,Fast,159.3,96.75,122.72000000000001,0.94,83.72093023255815,96.9758064516129,80.45007032348805,94.0,89.46419823574037
SHP0077,Fast,240.3,119.25,185.12,0.94,64.69344608879493,86.89516129032258,62.16596343178622,94.0,78.53034453113662
SHP0078,Fast,199.8,108.0,153.92000000000002,0.94,74.20718816067652,91.93548387096774,71.30801687763713,94.0,83.9972713834385
SHP0079,Fast,310.5,138.75,239.20000000000002,0.94,48.20295983086682,78.15860215053763,46.31973745897797,94.0,69.05433798714671
SHP0080,Fast,240.3,119.25,185.12,0.94,64.69344608879493,86.89516129032258,62.16596343178622,94.0,78.53034453113662
SHP0081,Fast,264.6,126.0,203.84000000000003,0.94,58.985200845665965,83.87096774193549,56.68073136427566,94.0,75.25018841975549
SHP0082,Fast,216.0,112.5,166.4,0.94,70.40169133192389,89.91935483870968,67.65119549929676,94.0,81.81050064251774
SHP0083,Fast,245.70000000000002,120.75,189.28,0.94,63.424947145877375,86.22311827956989,60.947022972339425,94.0,77.80142095082971
SHP0084,Fast,256.5,123.75,197.6,0.94,60.887949260042284,84.87903225806451,58.50914205344586,94.0,76.34357379021587
SHP0085,Fast,135.0,90.0,104.0,0.94,89.4291754756871,100.0,85.93530239099859,94.0,92.7443543471215
SHP0086,Fast,135.0,90.0,104.0,0.94,89.4291754756871,100.0,85.93530239099859,94.0,92.7443543471215
SHP0087,Fast,286.20000000000005,132.0,220.48000000000005,0.94,53.91120507399576,81.18279569892472,51.804969526488506,94.0,72.33449409852783
SHP0088,Fast,213.3,111.75,164.32000000000002,0.94,71.03594080338267,90.25537634408603,68.26066572902015,94.0,82.17496243267121
SHP0089,Fast,186.3,104.25,143.52,0.94,77.3784355179704,93.61559139784946,74.3553680262541,94.0,85.81958033420578
SHP0090,Fast,299.70000000000005,135.75,230.88000000000002,0.94,50.7399577167019,79.50268817204301,48.757618377871545,94.0,70.51218514776053
SHP0091,Fast,135.0,90.0,104.0,0.94,89.4291754756871,100.0,85.93530239099859,94.0,92.7443543471215
SHP0092,Fast,135.0,90.0,104.0,0.94,89.4291754756871,100.0,85.93530239099859,94.0,92.7443543471215
SHP0093,Fast,240.3,119.25,185.12,0.94,64.69344608879493,86.89516129032258,62.16596343178622,94.0,78.53034453113662
SHP0094,Fast,434.70000000000005,173.25,334.88000000000005,0.94,19.027484143763214,62.7016129032258,18.28410689170182,94.0,52.289095640087616
SHP0095,Fast,386.1,159.75,297.44,0.94,30.443974630021142,68.75,29.25457102672293,94.0,58.84940786284987
SHP0096,Fast,234.9,117.75,180.96000000000004,0.94,65.96194503171249,87.56720430107526,63.384903891233,94.0,79.25926811144355
SHP0097,Fast,364.5,153.75,280.8,0.94,35.51797040169134,71.43817204301075,34.13033286451008,94.0,61.765102184077534
SHP0098,Fast,153.9,95.25,118.56,0.94,84.98942917547569,97.64784946236558,81.66901078293483,94.0,90.1931218160473
SHP0099,Fast,253.8,123.0,195.52,0.94,61.52219873150106,85.21505376344086,59.11861228316925,94.0,76.70803558036933
SHP0100,Fast,329.40000000000003,144.0,253.76000000000002,0.94,43.763213530655385,75.80645161290323,42.05344585091421,94.0,66.50310545607249
SHP0101,Fast,186.3,104.25,143.52,0.94,77.3784355179704,93.61559139784946,74.3553680262541,94.0,85.81958033420578
SHP0102,Fast,213.3,111.75,164.32000000000002,0.94,71.03594080338267,90.25537634408603,68.26066572902015,94.0,82.17496243267121
SHP0103,Fast,197.10000000000002,107.25,151.84000000000003,0.94,74.8414376321353,92.27150537634408,71.91748710736053,94.0,84.36173317359194
SHP0104,Fast,135.0,90.0,104.0,0.94,89.4291754756871,100.0,85.93530239099859,94.0,92.7443543471215
SHP0105,Fast,321.3,141.75,247.52,0.94,45.66596194503171,76.81451612903226,43.88185654008439,94.0,67.59649082653287
SHP0106,Fast,162.0,97.5,124.80000000000001,0.94,83.08668076109936,96.63978494623656,79.84060009376465,94.0,89.09973644558691
SHP0107,Fast,224.10000000000002,114.75,172.64000000000001,0.94,68.49894291754757,88.91129032258065,65.82278481012658,94.0,80.71711527205737
SHP0108,Fast,259.20000000000005,124.5,199.68000000000004,0.94,60.2536997885835,84.54301075268818,57.89967182372246,94.0,75.97911200006241
SHP0109,Fast,216.0,112.5,166.4,0.94,70.40169133192389,89.91935483870968,67.65119549929676,94.0,81.81050064251774
SHP0110,Fast,305.1,137.25,235.04000000000002,0.94,49.471458773784356,78.83064516129032,47.53867791842475,94.0,69.78326156745362
SHP0111,Fast,286.20000000000005,132.0,220.48000000000005,0.94,53.91120507399576,81.18279569892472,51.804969526488506,94.0,72.33449409852783
SHP0112,Fast,135.0,90.0,104.0,0.94,89.4291754756871,100.0,85.93530239099859,94.0,92.7443543471215
SHP0113,Fast,213.3,111.75,164.32000000000002,0.94,71.03594080338267,90.25537634408603,68.26066572902015,94.0,82.17496243267121
SHP0114,Fast,259.20000000000005,124.5,199.68000000000004,0.94,60.2536997885835,84.54301075268818,57.89967182372246,94.0,75.97911200006241
SHP0115,Fast,264.6,126.0,203.84000000000003,0.94,58.985200845665965,83.87096774193549,56.68073136427566,94.0,75.25018841975549
SHP0116,Fast,321.3,141.75,247.52,0.94,45.66596194503171,76.81451612903226,43.88185654008439,94.0,67.59649082653287
SHP0117,Fast,342.90000000000003,147.75,264.16,0.94,40.59196617336152,74.1263440860215,39.00609470229723,94.0,64.68079650530521
SHP0118,Fast,162.0,97.5,124.80000000000001,0.94,83.08668076109936,96.63978494623656,79.84060009376465,94.0,89.09973644558691
SHP0119,Fast,218.70000000000002,113.25,168.48,0.94,69.76744186046511,89.58333333333334,67.04172526957338,94.0,81.4460388523643
SHP0120,Fast,361.8,153.0,278.72,0.94,36.15221987315011,71.7741935483871,34.73980309423347,94.0,62.12956397423099
SHP0121,Fast,135.0,90.0,104.0,0.94,89.4291754756871,100.0,85.93530239099859,94.0,92.7443543471215
SHP0122,Fast,283.5,131.25,218.4,0.94,54.545454545454554,81.51881720430107,52.414439756211905,94.0,72.69895588868128
SHP0123,Fast,178.20000000000002,102.0,137.28000000000003,0.94,79.2811839323467,94.6236559139785,76.18377871542428,94.0,86.91296570466616
SHP0124,Fast,135.0,90.0,104.0,0.94,89.4291754756871,100.0,85.93530239099859,94.0,92.7443543471215
SHP0125,Fast,318.6,141.0,245.44000000000003,0.94,46.30021141649049,77.15053763440861,44.491326769807785,94.0,67.96095261668633
SHP0126,Fast,283.5,131.25,218.4,0.94,54.545454545454554,81.51881720430107,52.414439756211905,94.0,72.69895588868128
SHP0127,Fast,280.8,130.5,216.32000000000002,0.94,55.17970401691332,81.85483870967741,53.023909985935305,94.0,73.06341767883474
SHP0128,Fast,135.0,90.0,104.0,0.94,89.4291754756871,100.0,85.93530239099859,94.0,92.7443543471215
SHP0129,Fast,288.90000000000003,132.75,222.56000000000003,0.94,53.276955602536994,80.84677419354838,51.195499296765114,94.0,71.97003230837437
SHP0130,Fast,305.1,137.25,235.04000000000002,0.94,49.471458773784356,78.83064516129032,47.53867791842475,94.0,69.78326156745362
SHP0131,Fast,280.8,130.5,216.32000000000002,0.94,55.17970401691332,81.85483870967741,53.023909985935305,94.0,73.06341767883474
SHP0132,Fast,148.5,93.75,114.4,0.94,86.25792811839324,98.31989247311827,82.88795124238162,94.0,90.9220453963542
SHP0133,Fast,151.20000000000002,94.5,116.48000000000002,0.94,85.62367864693445,97.98387096774194,82.27848101265822,94.0,90.55758360620074
SHP0134,Fast,199.8,108.0,153.92000000000002,0.94,74.20718816067652,91.93548387096774,71.30801687763713,94.0,83.9972713834385
SHP0135,Fast,261.90000000000003,125.25,201.76000000000002,0.94,59.61945031712473,84.20698924731182,57.29020159399906,94.0,75.61465020990894
SHP0136,Fast,151.20000000000002,94.5,116.48000000000002,0.94,85.62367864693445,97.98387096774194,82.27848101265822,94.0,90.55758360620074
SHP0137,Fast,256.5,123.75,197.6,0.94,60.887949260042284,84.87903225806451,58.50914205344586,94.0,76.34357379021587
SHP0138,Fast,270.0,127.5,208.0,0.94,57.716701902748426,83.1989247311828,55.46179090482888,94.0,74.52126483944858
SHP0139,Fast,189.0,105.0,145.6,0.94,76.74418604651163,93.27956989247312,73.74589779653071,94.0,85.45511854405233
SHP0140,Fast,442.8,175.5,341.12000000000006,0.94,17.1247357293869,61.693548387096776,16.455696202531637,94.0,51.19571026962725
SHP0141,Fast,278.1,129.75,214.24,0.94,55.81395348837209,82.19086021505376,53.6333802156587,94.0,73.4278794689882
SHP0142,Fast,221.4,114.0,170.56000000000003,0.94,69.13319238900635,89.24731182795699,66.43225503984998,94.0,81.08157706221083
SHP0143,Fast,280.8,130.5,216.32000000000002,0.94,55.17970401691332,81.85483870967741,53.023909985935305,94.0,73.06341767883474
SHP0144,Fast,194.4,106.5,149.76000000000002,0.94,75.4756871035941,92.60752688172043,72.52695733708391,94.0,84.72619496374541
SHP0145,Fast,305.1,137.25,235.04000000000002,0.94,49.471458773784356,78.83064516129032,47.53867791842475,94.0,69.78326156745362
SHP0146,Fast,367.20000000000005,154.5,282.88000000000005,0.94,34.883720930232556,71.10215053763442,33.520862634786674,94.0,61.40064039392408
SHP0147,Fast,135.0,90.0,104.0,0.94,89.4291754756871,100.0,85.93530239099859,94.0,92.7443543471215
SHP0148,Fast,186.3,104.25,143.52,0.94,77.3784355179704,93.61559139784946,74.3553680262541,94.0,85.81958033420578
SHP0149,Fast,315.90000000000003,140.25,243.36000000000004,0.94,46.93446088794926,77.48655913978494,45.10079699953117,94.0,68.32541440683978
SHP0150,Fast,191.70000000000002,105.75,147.68,0.94,76.10993657505286,92.94354838709677,73.13642756680731,94.0,85.09065675389887
SHP0151,Fast,286.20000000000005,132.0,220.48000000000005,0.94,53.91120507399576,81.18279569892472,51.804969526488506,94.0,72.33449409852783
SHP0152,Fast,388.8,160.5,299.52000000000004,0.94,29.809725158562372,68.41397849462365,28.64510079699953,94.0,58.48494607269641
SHP0153,Fast,372.6,156.0,287.04,0.94,33.61522198731501,70.43010752688171,32.3019221753399,94.0,60.67171681361717
SHP0154,Fast,243.00000000000003,120.0,187.20000000000002,0.94,64.05919661733616,86.55913978494624,61.556493202062825,94.0,78.16588274098316
SHP0155,Fast,310.5,138.75,239.20000000000002,0.94,48.20295983086682,78.15860215053763,46.31973745897797,94.0,69.05433798714671
SHP0156,Fast,278.1,129.75,214.24,0.94,55.81395348837209,82.19086021505376,53.6333802156587,94.0,73.4278794689882
SHP0157,Fast,135.0,90.0,104.0,0.94,89.4291754756871,100.0,85.93530239099859,94.0,92.7443543471215
SHP0158,Fast,302.40000000000003,136.5,232.96000000000004,0.94,50.10570824524313,79.16666666666666,48.14814814814814,94.0,70.14772335760708
SHP0159,Fast,321.3,141.75,247.52,0.94,45.66596194503171,76.81451612903226,43.88185654008439,94.0,67.59649082653287
SHP0160,Fast,334.8,145.5,257.92,0.94,42.494714587737846,75.13440860215054,40.83450539146742,94.0,65.77418187576558
SHP0161,Fast,234.9,117.75,180.96000000000004,0.94,65.96194503171249,87.56720430107526,63.384903891233,94.0,79.25926811144355
SHP0162,Fast,237.60000000000002,118.5,183.04000000000002,0.94,65.3276955602537,87.23118279569893,62.7754336615096,94.0,78.89480632129008
SHP0163,Fast,237.60000000000002,118.5,183.04000000000002,0.94,65.3276955602537,87.23118279569893,62.7754336615096,94.0,78.89480632129008
SHP0164,Fast,232.20000000000002,117.0,178.88,0.94,66.59619450317123,87.90322580645162,63.9943741209564,94.0,79.62372990159699
SHP0165,Fast,229.50000000000003,116.25,176.8,0.94,67.23044397463002,88.23924731182797,64.6038443506798,94.0,79.98819169175046
SHP0166,Fast,135.0,90.0,104.0,0.94,89.4291754756871,100.0,85.93530239099859,94.0,92.7443543471215
SHP0167,Fast,180.9,102.75,139.36,0.94,78.64693446088795,94.28763440860214,75.5743084857009,94.0,86.5485039145127
SHP0168,Fast,402.3,164.25,309.92,0.94,26.638477801268508,66.73387096774194,25.59774964838256,94.0,56.66263712192912
SHP0169,Fast,135.0,90.0,104.0,0.94,89.4291754756871,100.0,85.93530239099859,94.0,92.7443543471215
SHP0170,Fast,251.10000000000002,122.25,193.44000000000003,0.94,62.15644820295982,85.5510752688172,59.728082512892634,94.0,77.07249737052278
SHP0171,Fast,240.3,119.25,185.12,0.94,64.69344608879493,86.89516129032258,62.16596343178622,94.0,78.53034453113662
SHP0172,Fast,251.10000000000002,122.25,193.44000000000003,0.94,62.15644820295982,85.5510752688172,59.728082512892634,94.0,77.07249737052278
SHP0173,Fast,332.1,144.75,255.84000000000003,0.94,43.12896405919662,75.47043010752688,41.44397562119081,94.0,66.13864366591903
SHP0174,Fast,135.0,90.0,104.0,0.94,89.4291754756871,100.0,85.93530239099859,94.0,92.7443543471215
SHP0175,Fast,278.1,129.75,214.24,0.94,55.81395348837209,82.19086021505376,53.6333802156587,94.0,73.4278794689882
SHP0176,Fast,213.3,111.75,164.32000000000002,0.94,71.03594080338267,90.25537634408603,68.26066572902015,94.0,82.17496243267121
SHP0177,Fast,234.9,117.75,180.96000000000004,0.94,65.96194503171249,87.56720430107526,63.384903891233,94.0,79.25926811144355
SHP0178,Fast,156.60000000000002,96.0,120.64000000000001,0.94,84.35517970401692,97.31182795698925,81.05954055321143,94.0,89.82866002589383
SHP0179,Fast,202.5,108.75,156.0,0.94,73.57293868921776,91.59946236559139,70.69854664791374,94.0,83.63280959328503
SHP0180,Fast,348.3,149.25,268.32,0.94,39.323467230443974,73.45430107526882,37.78715424285045,94.0,63.951872924998284
SHP0181,Fast,283.5,131.25,218.4,0.94,54.545454545454554,81.51881720430107,52.414439756211905,94.0,72.69895588868128
SHP0182,Fast,135.0,90.0,104.0,0.94,89.4291754756871,100.0,85.93530239099859,94.0,92.7443543471215
SHP0183,Fast,135.0,90.0,104.0,0.94,89.4291754756871,100.0,85.93530239099859,94.0,92.7443543471215
SHP0184,Fast,183.60000000000002,103.5,141.44000000000003,0.94,78.01268498942918,93.9516129032258,74.9648382559775,94.0,86.18404212435924
SHP0185,Fast,194.4,106.5,149.76000000000002,0.94,75.4756871035941,92.60752688172043,72.52695733708391,94.0,84.72619496374541
SHP0186,Fast,367.20000000000005,154.5,282.88000000000005,0.94,34.883720930232556,71.10215053763442,33.520862634786674,94.0,61.40064039392408
SHP0187,Fast,297.0,135.0,228.8,0.94,51.37420718816068,79.83870967741935,49.36708860759494,94.0,70.876646937914
SHP0188,Fast,294.3,134.25,226.72000000000003,0.94,52.00845665961945,80.1747311827957,49.97655883731833,94.0,71.24110872806746
SHP0189,Fast,396.90000000000003,162.75,305.76000000000005,0.94,27.906976744186046,67.40591397849462,26.816690107829338,94.0,57.391560702236035
SHP0190,Fast,299.70000000000005,135.75,230.88000000000002,0.94,50.7399577167019,79.50268817204301,48.757618377871545,94.0,70.51218514776053
SHP0191,Fast,178.20000000000002,102.0,137.28000000000003,0.94,79.2811839323467,94.6236559139785,76.18377871542428,94.0,86.91296570466616
SHP0192,Fast,189.0,105.0,145.6,0.94,76.74418604651163,93.27956989247312,73.74589779653071,94.0,85.45511854405233
SHP0193,Fast,194.4,106.5,149.76000000000002,0.94,75.4756871035941,92.60752688172043,72.52695733708391,94.0,84.72619496374541
SHP0194,Fast,135.0,90.0,104.0,0.94,89.4291754756871,100.0,85.93530239099859,94.0,92.7443543471215
SHP0195,Fast,226.8,115.5,174.72000000000003,0.94,67.8646934460888,88.5752688172043,65.21331458040318,94.0,80.35265348190391
SHP0196,Fast,189.0,105.0,145.6,0.94,76.74418604651163,93.27956989247312,73.74589779653071,94.0,85.45511854405233
SHP0197,Fast,318.6,141.0,245.44000000000003,0.94,46.30021141649049,77.15053763440861,44.491326769807785,94.0,67.96095261668633
SHP0198,Fast,237.60000000000002,118.5,183.04000000000002,0.94,65.3276955602537,87.23118279569893,62.7754336615096,94.0,78.89480632129008
SHP0199,Fast,135.0,90.0,104.0,0.94,89.4291754756871,100.0,85.93530239099859,94.0,92.7443543471215
SHP0200,Fast,135.0,90.0,104.0,0.94,89.4291754756871,100.0,85.93530239099859,94.0,92.7443543471215
SHP0201,Fast,135.0,90.0,104.0,0.94,89.4291754756871,100.0,85.93530239099859,94.0,92.7443543471215
SHP0202,Fast,329.40000000000003,144.0,253.76000000000002,0.94,43.763213530655385,75.80645161290323,42.05344585091421,94.0,66.50310545607249
SHP0203,Fast,264.6,126.0,203.84000000000003,0.94,58.985200845665965,83.87096774193549,56.68073136427566,94.0,75.25018841975549
SHP0204,Fast,183.60000000000002,103.5,141.44000000000003,0.94,78.01268498942918,93.9516129032258,74.9648382559775,94.0,86.18404212435924
SHP0205,Fast,205.20000000000002,109.5,158.08,0.94,72.93868921775898,91.26344086021506,70.08907641819034,94.0,83.26834780313158
SHP0206,Fast,510.3,194.25,393.12000000000006,0.94,1.2684989429175555,53.293010752688176,1.2189404594467792,94.0,42.08416551579079
SHP0207,Fast,221.4,114.0,170.56000000000003,0.94,69.13319238900635,89.24731182795699,66.43225503984998,94.0,81.08157706221083
SHP0208,Fast,378.0,157.5,291.2,0.94,32.34672304439747,69.75806451612902,31.082981715893116,94.0,59.94279323331024
SHP0209,Fast,267.3,126.75,205.92000000000002,0.94,58.35095137420719,83.53494623655914,56.07126113455227,94.0,74.88572662960203
SHP0210,Fast,207.9,110.25,160.16,0.94,72.30443974630022,90.92741935483872,69.47960618846695,94.0,82.90388601297812
SHP0211,Fast,334.8,145.5,257.92,0.94,42.494714587737846,75.13440860215054,40.83450539146742,94.0,65.77418187576558
SHP0212,Fast,288.90000000000003,132.75,222.56000000000003,0.94,53.276955602536994,80.84677419354838,51.195499296765114,94.0,71.97003230837437
SHP0213,Fast,229.50000000000003,116.25,176.8,0.94,67.23044397463002,88.23924731182797,64.6038443506798,94.0,79.98819169175046
SHP0214,Fast,135.0,90.0,104.0,0.94,89.4291754756871,100.0,85.93530239099859,94.0,92.7443543471215
SHP0215,Fast,245.70000000000002,120.75,189.28,0.94,63.424947145877375,86.22311827956989,60.947022972339425,94.0,77.80142095082971
SHP0216,Fast,270.0,127.5,208.0,0.94,57.716701902748426,83.1989247311828,55.46179090482888,94.0,74.52126483944858
SHP0217,Fast,213.3,111.75,164.32000000000002,0.94,71.03594080338267,90.25537634408603,68.26066572902015,94.0,82.17496243267121
SHP0218,Fast,164.70000000000002,98.25,126.88000000000001,0.94,82.45243128964059,96.30376344086021,79.23112986404126,94.0,88.73527465543346
SHP0219,Fast,388.8,160.5,299.52000000000004,0.94,29.809725158562372,68.41397849462365,28.64510079699953,94.0,58.48494607269641
SHP0220,Fast,302.40000000000003,136.5,232.96000000000004,0.94,50.10570824524313,79.16666666666666,48.14814814814814,94.0,70.14772335760708
SHP0221,Fast,361.8,153.0,278.72,0.94,36.15221987315011,71.7741935483871,34.73980309423347,94.0,62.12956397423099
SHP0222,Fast,135.0,90.0,104.0,0.94,89.4291754756871,100.0,85.93530239099859,94.0,92.7443543471215
SHP0223,Fast,135.0,90.0,104.0,0.94,89.4291754756871,100.0,85.93530239099859,94.0,92.7443543471215
SHP0224,Fast,172.8,100.5,133.12,0.94,80.54968287526427,95.29569892473118,77.40271917487107,94.0,87.64188928497308
SHP0225,Fast,270.0,127.5,208.0,0.94,57.716701902748426,83.1989247311828,55.46179090482888,94.0,74.52126483944858
SHP0226,Fast,218.70000000000002,113.25,168.48,0.94,69.76744186046511,89.58333333333334,67.04172526957338,94.0,81.4460388523643
SHP0227,Fast,178.20000000000002,102.0,137.28000000000003,0.94,79.2811839323467,94.6236559139785,76.18377871542428,94.0,86.91296570466616
SHP0228,Fast,221.4,114.0,170.56000000000003,0.94,69.13319238900635,89.24731182795699,66.43225503984998,94.0,81.08157706221083
SHP0229,Fast,237.60000000000002,118.5,183.04000000000002,0.94,65.3276955602537,87.23118279569893,62.7754336615096,94.0,78.89480632129008
SHP0230,Fast,183.60000000000002,103.5,141.44000000000003,0.94,78.01268498942918,93.9516129032258,74.9648382559775,94.0,86.18404212435924
SHP0231,Fast,270.0,127.5,208.0,0.94,57.716701902748426,83.1989247311828,55.46179090482888,94.0,74.52126483944858
SHP0232,Fast,167.4,99.0,128.96,0.94,81.81818181818183,95.96774193548387,78.62165963431788,94.0,88.37081286528
SHP0233,Fast,178.20000000000002,102.0,137.28000000000003,0.94,79.2811839323467,94.6236559139785,76.18377871542428,94.0,86.91296570466616
SHP0234,Fast,178.20000000000002,102.0,137.28000000000003,0.94,79.2811839323467,94.6236559139785,76.18377871542428,94.0,86.91296570466616
SHP0235,Fast,261.90000000000003,125.25,201.76000000000002,0.94,59.61945031712473,84.20698924731182,57.29020159399906,94.0,75.61465020990894
SHP0236,Fast,226.8,115.5,174.72000000000003,0.94,67.8646934460888,88.5752688172043,65.21331458040318,94.0,80.35265348190391
SHP0237,Fast,202.5,108.75,156.0,0.94,73.57293868921776,91.59946236559139,70.69854664791374,94.0,83.63280959328503
SHP0238,Fast,135.0,90.0,104.0,0.94,89.4291754756871,100.0,85.93530239099859,94.0,92.7443543471215
SHP0239,Fast,226.8,115.5,174.72000000000003,0.94,67.8646934460888,88.5752688172043,65.21331458040318,94.0,80.35265348190391
SHP0240,Fast,253.8,123.0,195.52,0.94,61.52219873150106,85.21505376344086,59.11861228316925,94.0,76.70803558036933
SHP0241,Fast,264.6,126.0,203.84000000000003,0.94,58.985200845665965,83.87096774193549,56.68073136427566,94.0,75.25018841975549
SHP0242,Fast,178.20000000000002,102.0,137.28000000000003,0.94,79.2811839323467,94.6236559139785,76.18377871542428,94.0,86.91296570466616
SHP0243,Fast,232.20000000000002,117.0,178.88,0.94,66.59619450317123,87.90322580645162,63.9943741209564,94.0,79.62372990159699
SHP0244,Fast,329.40000000000003,144.0,253.76000000000002,0.94,43.763213530655385,75.80645161290323,42.05344585091421,94.0,66.50310545607249
SHP0245,Fast,286.20000000000005,132.0,220.48000000000005,0.94,53.91120507399576,81.18279569892472,51.804969526488506,94.0,72.33449409852783
SHP0246,Fast,283.5,131.25,218.4,0.94,54.545454545454554,81.51881720430107,52.414439756211905,94.0,72.69895588868128
SHP0247,Fast,272.70000000000005,128.25,210.08000000000004,0.94,57.08245243128963,82.86290322580645,54.85232067510548,94.0,74.15680304929512
SHP0248,Fast,202.5,108.75,156.0,0.94,73.57293868921776,91.59946236559139,70.69854664791374,94.0,83.63280959328503
SHP0249,Fast,369.90000000000003,155.25,284.96000000000004,0.94,34.24947145877378,70.76612903225806,32.91139240506329,94.0,61.03617860377062
SHP0250,Fast,213.3,111.75,164.32000000000002,0.94,71.03594080338267,90.25537634408603,68.26066572902015,94.0,82.17496243267121
SHP0251,Fast,175.5,101.25,135.20000000000002,0.94,79.91543340380551,94.95967741935483,76.79324894514768,94.0,87.27742749481962
SHP0252,Fast,202.5,108.75,156.0,0.94,73.57293868921776,91.59946236559139,70.69854664791374,94.0,83.63280959328503
SHP0253,Fast,280.8,130.5,216.32000000000002,0.94,55.17970401691332,81.85483870967741,53.023909985935305,94.0,73.06341767883474
SHP0254,Fast,299.70000000000005,135.75,230.88000000000002,0.94,50.7399577167019,79.50268817204301,48.757618377871545,94.0,70.51218514776053
SHP0255,Fast,275.40000000000003,129.0,212.16000000000003,0.94,56.448202959830866,82.52688172043011,54.24285044538208,94.0,73.79234125914166
SHP0256,Fast,353.70000000000005,150.75,272.48,0.94,38.05496828752643,72.78225806451613,36.56821378340366,94.0,63.22294934469137
SHP0257,Fast,299.70000000000005,135.75,230.88000000000002,0.94,50.7399577167019,79.50268817204301,48.757618377871545,94.0,70.51218514776053
SHP0258,Fast,302.40000000000003,136.5,232.96000000000004,0.94,50.10570824524313,79.16666666666666,48.14814814814814,94.0,70.14772335760708
SHP0259,Fast,205.20000000000002,109.5,158.08,0.94,72.93868921775898,91.26344086021506,70.08907641819034,94.0,83.26834780313158
SHP0260,Fast,275.40000000000003,129.0,212.16000000000003,0.94,56.448202959830866,82.52688172043011,54.24285044538208,94.0,73.79234125914166
SHP0261,Fast,248.4,121.5,191.36000000000004,0.94,62.79069767441862,85.88709677419355,60.337552742616026,94.0,77.43695916067625
SHP0262,Fast,210.60000000000002,111.0,162.24,0.94,71.67019027484145,90.59139784946237,68.87013595874355,94.0,82.53942422282466
SHP0263,Fast,291.6,133.5,224.64000000000001,0.94,52.64270613107822,80.51075268817203,50.58602906704173,94.0,71.60557051822092
SHP0264,Fast,156.60000000000002,96.0,120.64000000000001,0.94,84.35517970401692,97.31182795698925,81.05954055321143,94.0,89.82866002589383
SHP0265,Fast,135.0,90.0,104.0,0.94,89.4291754756871,100.0,85.93530239099859,94.0,92.7443543471215
SHP0266,Fast,232.20000000000002,117.0,178.88,0.94,66.59619450317123,87.90322580645162,63.9943741209564,94.0,79.62372990159699
SHP0267,Fast,210.60000000000002,111.0,162.24,0.94,71.67019027484145,90.59139784946237,68.87013595874355,94.0,82.53942422282466
SHP0268,Fast,178.20000000000002,102.0,137.28000000000003,0.94,79.2811839323467,94.6236559139785,76.18377871542428,94.0,86.91296570466616
SHP0269,Fast,180.9,102.75,139.36,0.94,78.64693446088795,94.28763440860214,75.5743084857009,94.0,86.5485039145127
SHP0270,Fast,286.20000000000005,132.0,220.48000000000005,0.94,53.91120507399576,81.18279569892472,51.804969526488506,94.0,72.33449409852783
SHP0271,Fast,256.5,123.75,197.6,0.94,60.887949260042284,84.87903225806451,58.50914205344586,94.0,76.34357379021587
SHP0272,Fast,178.20000000000002,102.0,137.28000000000003,0.94,79.2811839323467,94.6236559139785,76.18377871542428,94.0,86.91296570466616
SHP0273,Fast,135.0,90.0,104.0,0.94,89.4291754756871,100.0,85.93530239099859,94.0,92.7443543471215
SHP0274,Fast,286.20000000000005,132.0,220.48000000000005,0.94,53.91120507399576,81.18279569892472,51.804969526488506,94.0,72.33449409852783
SHP0275,Fast,178.20000000000002,102.0,137.28000000000003,0.94,79.2811839323467,94.6236559139785,76.18377871542428,94.0,86.91296570466616
SHP0276,Fast,178.20000000000002,102.0,137.28000000000003,0.94,79.2811839323467,94.6236559139785,76.18377871542428,94.0,86.91296570466616
SHP0277,Fast,221.4,114.0,170.56000000000003,0.94,69.13319238900635,89.24731182795699,66.43225503984998,94.0,81.08157706221083
SHP0278,Fast,135.0,90.0,104.0,0.94,89.4291754756871,100.0,85.93530239099859,94.0,92.7443543471215
SHP0279,Fast,194.4,106.5,149.76000000000002,0.94,75.4756871035941,92.60752688172043,72.52695733708391,94.0,84.72619496374541
SHP0280,Fast,194.4,106.5,149.76000000000002,0.94,75.4756871035941,92.60752688172043,72.52695733708391,94.0,84.72619496374541
SHP0281,Fast,151.20000000000002,94.5,116.48000000000002,0.94,85.62367864693445,97.98387096774194,82.27848101265822,94.0,90.55758360620074
SHP0282,Fast,180.9,102.75,139.36,0.94,78.64693446088795,94.28763440860214,75.5743084857009,94.0,86.5485039145127
SHP0283,Fast,164.70000000000002,98.25,126.88000000000001,0.94,82.45243128964059,96.30376344086021,79.23112986404126,94.0,88.73527465543346
SHP0284,Fast,291.6,133.5,224.64000000000001,0.94,52.64270613107822,80.51075268817203,50.58602906704173,94.0,71.60557051822092
SHP0285,Fast,302.40000000000003,136.5,232.96000000000004,0.94,50.10570824524313,79.16666666666666,48.14814814814814,94.0,70.14772335760708
SHP0286,Fast,205.20000000000002,109.5,158.08,0.94,72.93868921775898,91.26344086021506,70.08907641819034,94.0,83.26834780313158
SHP0287,Fast,135.0,90.0,104.0,0.94,89.4291754756871,100.0,85.93530239099859,94.0,92.7443543471215
SHP0288,Fast,270.0,127.5,208.0,0.94,57.716701902748426,83.1989247311828,55.46179090482888,94.0,74.52126483944858
SHP0289,Fast,207.9,110.25,160.16,0.94,72.30443974630022,90.92741935483872,69.47960618846695,94.0,82.90388601297812
SHP0290,Fast,342.90000000000003,147.75,264.16,0.94,40.59196617336152,74.1263440860215,39.00609470229723,94.0,64.68079650530521
SHP0291,Fast,253.8,123.0,195.52,0.94,61.52219873150106,85.21505376344086,59.11861228316925,94.0,76.70803558036933
SHP0292,Fast,315.90000000000003,140.25,243.36000000000004,0.94,46.93446088794926,77.48655913978494,45.10079699953117,94.0,68.32541440683978
SHP0293,Fast,175.5,101.25,135.20000000000002,0.94,79.91543340380551,94.95967741935483,76.79324894514768,94.0,87.27742749481962
SHP0294,Fast,437.40000000000003,174.0,336.96,0.94,18.39323467230444,62.365591397849464,17.674636661978447,94.0,51.92463384993417
SHP0295,Fast,135.0,90.0,104.0,0.94,89.4291754756871,100.0,85.93530239099859,94.0,92.7443543471215
SHP0296,Fast,135.0,90.0,104.0,0.94,89.4291754756871,100.0,85.93530239099859,94.0,92.7443543471215
SHP0297,Fast,286.20000000000005,132.0,220.48000000000005,0.94,53.91120507399576,81.18279569892472,51.804969526488506,94.0,72.33449409852783
SHP0298,Fast,170.10000000000002,99.75,131.04000000000002,0.94,81.18393234672304,95.63172043010752,78.01218940459447,94.0,88.00635107512653
SHP0299,Fast,280.8,130.5,216.32000000000002,0.94,55.17970401691332,81.85483870967741,53.023909985935305,94.0,73.06341767883474
SHP0300,Fast,135.0,90.0,104.0,0.94,89.4291754756871,100.0,85.93530239099859,94.0,92.7443543471215
SHP0301,Fast,237.60000000000002,118.5,183.04000000000002,0.94,65.3276955602537,87.23118279569893,62.7754336615096,94.0,78.89480632129008
SHP0302,Fast,229.50000000000003,116.25,176.8,0.94,67.23044397463002,88.23924731182797,64.6038443506798,94.0,79.98819169175046
SHP0303,Fast,148.5,93.75,114.4,0.94,86.25792811839324,98.31989247311827,82.88795124238162,94.0,90.9220453963542
SHP0304,Fast,345.6,148.5,266.24,0.94,39.957716701902754,73.79032258064517,38.39662447257384,94.0,64.31633471515175
SHP0305,Fast,218.70000000000002,113.25,168.48,0.94,69.76744186046511,89.58333333333334,67.04172526957338,94.0,81.4460388523643
SHP0306,Fast,334.8,145.5,257.92,0.94,42.494714587737846,75.13440860215054,40.83450539146742,94.0,65.77418187576558
SHP0307,Fast,240.3,119.25,185.12,0.94,64.69344608879493,86.89516129032258,62.16596343178622,94.0,78.53034453113662
SHP0308,Fast,378.0,157.5,291.2,0.94,32.34672304439747,69.75806451612902,31.082981715893116,94.0,59.94279323331024
SHP0309,Fast,288.90000000000003,132.75,222.56000000000003,0.94,53.276955602536994,80.84677419354838,51.195499296765114,94.0,71.97003230837437
SHP0310,Fast,170.10000000000002,99.75,131.04000000000002,0.94,81.18393234672304,95.63172043010752,78.01218940459447,94.0,88.00635107512653
SHP0311,Fast,135.0,90.0,104.0,0.94,89.4291754756871,100.0,85.93530239099859,94.0,92.7443543471215
SHP0312,Fast,186.3,104.25,143.52,0.94,77.3784355179704,93.61559139784946,74.3553680262541,94.0,85.81958033420578
SHP0313,Fast,280.8,130.5,216.32000000000002,0.94,55.17970401691332,81.85483870967741,53.023909985935305,94.0,73.06341767883474
SHP0314,Fast,253.8,123.0,195.52,0.94,61.52219873150106,85.21505376344086,59.11861228316925,94.0,76.70803558036933
SHP0315,Fast,135.0,90.0,104.0,0.94,89.4291754756871,100.0,85.93530239099859,94.0,92.7443543471215
SHP0316,Fast,218.70000000000002,113.25,168.48,0.94,69.76744186046511,89.58333333333334,67.04172526957338,94.0,81.4460388523643
SHP0317,Fast,345.6,148.5,266.24,0.94,39.957716701902754,73.79032258064517,38.39662447257384,94.0,64.31633471515175
SHP0318,Fast,259.20000000000005,124.5,199.68000000000004,0.94,60.2536997885835,84.54301075268818,57.89967182372246,94.0,75.97911200006241
SHP0319,Fast,135.0,90.0,104.0,0.94,89.4291754756871,100.0,85.93530239099859,94.0,92.7443543471215
SHP0320,Fast,164.70000000000002,98.25,126.88000000000001,0.94,82.45243128964059,96.30376344086021,79.23112986404126,94.0,88.73527465543346
SHP0321,Fast,135.0,90.0,104.0,0.94,89.4291754756871,100.0,85.93530239099859,94.0,92.7443543471215
SHP0322,Fast,172.8,100.5,133.12,0.94,80.54968287526427,95.29569892473118,77.40271917487107,94.0,87.64188928497308
SHP0323,Fast,224.10000000000002,114.75,172.64000000000001,0.94,68.49894291754757,88.91129032258065,65.82278481012658,94.0,80.71711527205737
SHP0324,Fast,135.0,90.0,104.0,0.94,89.4291754756871,100.0,85.93530239099859,94.0,92.7443543471215
SHP0325,Fast,135.0,90.0,104.0,0.94,89.4291754756871,100.0,85.93530239099859,94.0,92.7443543471215
SHP0326,Fast,240.3,119.25,185.12,0.94,64.69344608879493,86.89516129032258,62.16596343178622,94.0,78.53034453113662
SHP0327,Fast,342.90000000000003,147.75,264.16,0.94,40.59196617336152,74.1263440860215,39.00609470229723,94.0,64.68079650530521
SHP0328,Fast,218.70000000000002,113.25,168.48,0.94,69.76744186046511,89.58333333333334,67.04172526957338,94.0,81.4460388523643
SHP0329,Fast,221.4,114.0,170.56000000000003,0.94,69.13319238900635,89.24731182795699,66.43225503984998,94.0,81.08157706221083
SHP0330,Fast,232.20000000000002,117.0,178.88,0.94,66.59619450317123,87.90322580645162,63.9943741209564,94.0,79.62372990159699
SHP0331,Fast,399.6,163.5,307.84000000000003,0.94,27.272727272727277,67.06989247311827,26.207219878105953,94.0,57.02709891208258
SHP0332,Fast,291.6,133.5,224.64000000000001,0.94,52.64270613107822,80.51075268817203,50.58602906704173,94.0,71.60557051822092
SHP0333,Fast,251.10000000000002,122.25,193.44000000000003,0.94,62.15644820295982,85.5510752688172,59.728082512892634,94.0,77.07249737052278
SHP0334,Fast,170.10000000000002,99.75,131.04000000000002,0.94,81.18393234672304,95.63172043010752,78.01218940459447,94.0,88.00635107512653
SHP0335,Fast,270.0,127.5,208.0,0.94,57.716701902748426,83.1989247311828,55.46179090482888,94.0,74.52126483944858
SHP0336,Fast,226.8,115.5,174.72000000000003,0.94,67.8646934460888,88.5752688172043,65.21331458040318,94.0,80.35265348190391
SHP0337,Fast,218.70000000000002,113.25,168.48,0.94,69.76744186046511,89.58333333333334,67.04172526957338,94.0,81.4460388523643
SHP0338,Fast,135.0,90.0,104.0,0.94,89.4291754756871,100.0,85.93530239099859,94.0,92.7443543471215
SHP0339,Fast,197.10000000000002,107.25,151.84000000000003,0.94,74.8414376321353,92.27150537634408,71.91748710736053,94.0,84.36173317359194
SHP0340,Fast,148.5,93.75,114.4,0.94,86.25792811839324,98.31989247311827,82.88795124238162,94.0,90.9220453963542
SHP0341,Fast,170.10000000000002,99.75,131.04000000000002,0.94,81.18393234672304,95.63172043010752,78.01218940459447,94.0,88.00635107512653
SHP0342,Fast,288.90000000000003,132.75,222.56000000000003,0.94,53.276955602536994,80.84677419354838,51.195499296765114,94.0,71.97003230837437
SHP0343,Fast,135.0,90.0,104.0,0.94,89.4291754756871,100.0,85.93530239099859,94.0,92.7443543471215
SHP0344,Fast,213.3,111.75,164.32000000000002,0.94,71.03594080338267,90.25537634408603,68.26066572902015,94.0,82.17496243267121
SHP0345,Fast,256.5,123.75,197.6,0.94,60.887949260042284,84.87903225806451,58.50914205344586,94.0,76.34357379021587
SHP0346,Fast,345.6,148.5,266.24,0.94,39.957716701902754,73.79032258064517,38.39662447257384,94.0,64.31633471515175
SHP0347,Fast,353.70000000000005,150.75,272.48,0.94,38.05496828752643,72.78225806451613,36.56821378340366,94.0,63.22294934469137
SHP0348,Fast,229.50000000000003,116.25,176.8,0.94,67.23044397463002,88.23924731182797,64.6038443506798,94.0,79.98819169175046
SHP0349,Fast,213.3,111.75,164.32000000000002,0.94,71.03594080338267,90.25537634408603,68.26066572902015,94.0,82.17496243267121
SHP0350,Fast,135.0,90.0,104.0,0.94,89.4291754756871,100.0,85.93530239099859,94.0,92.7443543471215
SHP0351,Fast,240.3,119.25,185.12,0.94,64.69344608879493,86.89516129032258,62.16596343178622,94.0,78.53034453113662
SHP0352,Fast,264.6,126.0,203.84000000000003,0.94,58.985200845665965,83.87096774193549,56.68073136427566,94.0,75.25018841975549
SHP0353,Fast,135.0,90.0,104.0,0.94,89.4291754756871,100.0,85.93530239099859,94.0,92.7443543471215
SHP0354,Fast,340.20000000000005,147.0,262.08000000000004,0.94,41.22621564482029,74.46236559139786,39.61556493202062,94.0,65.04525829545867
SHP0355,Fast,186.3,104.25,143.52,0.94,77.3784355179704,93.61559139784946,74.3553680262541,94.0,85.81958033420578
SHP0356,Fast,348.3,149.25,268.32,0.94,39.323467230443974,73.45430107526882,37.78715424285045,94.0,63.951872924998284
SHP0357,Fast,197.10000000000002,107.25,151.84000000000003,0.94,74.8414376321353,92.27150537634408,71.91748710736053,94.0,84.36173317359194
SHP0358,Fast,442.8,175.5,341.12000000000006,0.94,17.1247357293869,61.693548387096776,16.455696202531637,94.0,51.19571026962725
SHP0359,Fast,299.70000000000005,135.75,230.88000000000002,0.94,50.7399577167019,79.50268817204301,48.757618377871545,94.0,70.51218514776053
SHP0360,Fast,237.60000000000002,118.5,183.04000000000002,0.94,65.3276955602537,87.23118279569893,62.7754336615096,94.0,78.89480632129008
SHP0361,Fast,135.0,90.0,104.0,0.94,89.4291754756871,100.0,85.93530239099859,94.0,92.7443543471215
SHP0362,Fast,164.70000000000002,98.25,126.88000000000001,0.94,82.45243128964059,96.30376344086021,79.23112986404126,94.0,88.73527465543346
SHP0363,Fast,170.10000000000002,99.75,131.04000000000002,0.94,81.18393234672304,95.63172043010752,78.01218940459447,94.0,88.00635107512653
SHP0364,Fast,135.0,90.0,104.0,0.94,89.4291754756871,100.0,85.93530239099859,94.0,92.7443543471215
SHP0365,Fast,229.50000000000003,116.25,176.8,0.94,67.23044397463002,88.23924731182797,64.6038443506798,94.0,79.98819169175046
SHP0366,Fast,280.8,130.5,216.32000000000002,0.94,55.17970401691332,81.85483870967741,53.023909985935305,94.0,73.06341767883474
SHP0367,Fast,199.8,108.0,153.92000000000002,0.94,74.20718816067652,91.93548387096774,71.30801687763713,94.0,83.9972713834385
SHP0368,Fast,359.1,152.25,276.64000000000004,0.94,36.78646934460888,72.11021505376344,35.34927332395686,94.0,62.494025764384446
SHP0369,Fast,261.90000000000003,125.25,201.76000000000002,0.94,59.61945031712473,84.20698924731182,57.29020159399906,94.0,75.61465020990894
SHP0370,Fast,342.90000000000003,147.75,264.16,0.94,40.59196617336152,74.1263440860215,39.00609470229723,94.0,64.68079650530521
SHP0371,Fast,164.70000000000002,98.25,126.88000000000001,0.94,82.45243128964059,96.30376344086021,79.23112986404126,94.0,88.73527465543346
SHP0372,Fast,186.3,104.25,143.52,0.94,77.3784355179704,93.61559139784946,74.3553680262541,94.0,85.81958033420578
SHP0373,Fast,135.0,90.0,104.0,0.94,89.4291754756871,100.0,85.93530239099859,94.0,92.7443543471215
SHP0374,Fast,299.70000000000005,135.75,230.88000000000002,0.94,50.7399577167019,79.50268817204301,48.757618377871545,94.0,70.51218514776053
SHP0375,Fast,178.20000000000002,102.0,137.28000000000003,0.94,79.2811839323467,94.6236559139785,76.18377871542428,94.0,86.91296570466616
SHP0376,Fast,226.8,115.5,174.72000000000003,0.94,67.8646934460888,88.5752688172043,65.21331458040318,94.0,80.35265348190391
SHP0377,Fast,218.70000000000002,113.25,168.48,0.94,69.76744186046511,89.58333333333334,67.04172526957338,94.0,81.4460388523643
SHP0378,Fast,202.5,108.75,156.0,0.94,73.57293868921776,91.59946236559139,70.69854664791374,94.0,83.63280959328503
SHP0379,Fast,380.70000000000005,158.25,293.28000000000003,0.94,31.712473572938688,69.42204301075269,30.473511486169713,94.0,59.578331443156785
SHP0380,Fast,199.8,108.0,153.92000000000002,0.94,74.20718816067652,91.93548387096774,71.30801687763713,94.0,83.9972713834385
SHP0381,Fast,213.3,111.75,164.32000000000002,0.94,71.03594080338267,90.25537634408603,68.26066572902015,94.0,82.17496243267121
SHP0382,Fast,189.0,105.0,145.6,0.94,76.74418604651163,93.27956989247312,73.74589779653071,94.0,85.45511854405233
SHP0383,Fast,294.3,134.25,226.72000000000003,0.94,52.00845665961945,80.1747311827957,49.97655883731833,94.0,71.24110872806746
SHP0384,Fast,245.70000000000002,120.75,189.28,0.94,63.424947145877375,86.22311827956989,60.947022972339425,94.0,77.80142095082971
SHP0385,Fast,410.40000000000003,166.5,316.16,0.94,24.735729386892178,65.7258064516129,23.769338959212376,94.0,55.56925175146874
SHP0386,Fast,326.70000000000005,143.25,251.68000000000004,0.94,44.397463002114165,76.14247311827957,42.66291608063759,94.0,66.86756724622595
SHP0387,Fast,259.20000000000005,124.5,199.68000000000004,0.94,60.2536997885835,84.54301075268818,57.89967182372246,94.0,75.97911200006241
SHP0388,Fast,175.5,101.25,135.20000000000002,0.94,79.91543340380551,94.95967741935483,76.79324894514768,94.0,87.27742749481962
SHP0389,Fast,267.3,126.75,205.92000000000002,0.94,58.35095137420719,83.53494623655914,56.07126113455227,94.0,74.88572662960203
SHP0390,Fast,153.9,95.25,118.56,0.94,84.98942917547569,97.64784946236558,81.66901078293483,94.0,90.1931218160473
SHP0391,Fast,167.4,99.0,128.96,0.94,81.81818181818183,95.96774193548387,78.62165963431788,94.0,88.37081286528
SHP0392,Fast,167.4,99.0,128.96,0.94,81.81818181818183,95.96774193548387,78.62165963431788,94.0,88.37081286528
SHP0393,Fast,189.0,105.0,145.6,0.94,76.74418604651163,93.27956989247312,73.74589779653071,94.0,85.45511854405233
SHP0394,Fast,275.40000000000003,129.0,212.16000000000003,0.94,56.448202959830866,82.52688172043011,54.24285044538208,94.0,73.79234125914166
SHP0395,Fast,278.1,129.75,214.24,0.94,55.81395348837209,82.19086021505376,53.6333802156587,94.0,73.4278794689882
SHP0396,Fast,383.40000000000003,159.0,295.36,0.94,31.07822410147991,69.08602150537634,29.86404125644632,94.0,59.21386965300333
SHP0397,Fast,172.8,100.5,133.12,0.94,80.54968287526427,95.29569892473118,77.40271917487107,94.0,87.64188928497308
SHP0398,Fast,178.20000000000002,102.0,137.28000000000003,0.94,79.2811839323467,94.6236559139785,76.18377871542428,94.0,86.91296570466616
SHP0399,Fast,151.20000000000002,94.5,116.48000000000002,0.94,85.62367864693445,97.98387096774194,82.27848101265822,94.0,90.55758360620074
SHP0400,Fast,229.50000000000003,116.25,176.8,0.94,67.23044397463002,88.23924731182797,64.6038443506798,94.0,79.98819169175046
SHP0401,Fast,329.40000000000003,144.0,253.76000000000002,0.94,43.763213530655385,75.80645161290323,42.05344585091421,94.0,66.50310545607249
SHP0402,Fast,410.40000000000003,166.5,316.16,0.94,24.735729386892178,65.7258064516129,23.769338959212376,94.0,55.56925175146874
SHP0403,Fast,135.0,90.0,104.0,0.94,89.4291754756871,100.0,85.93530239099859,94.0,92.7443543471215
SHP0404,Fast,294.3,134.25,226.72000000000003,0.94,52.00845665961945,80.1747311827957,49.97655883731833,94.0,71.24110872806746
SHP0405,Fast,364.5,153.75,280.8,0.94,35.51797040169134,71.43817204301075,34.13033286451008,94.0,61.765102184077534
SHP0406,Fast,307.8,138.0,237.12,0.94,48.83720930232558,78.49462365591397,46.92920768870136,94.0,69.41879977730017
SHP0407,Fast,259.20000000000005,124.5,199.68000000000004,0.94,60.2536997885835,84.54301075268818,57.89967182372246,94.0,75.97911200006241
SHP0408,Fast,159.3,96.75,122.72000000000001,0.94,83.72093023255815,96.9758064516129,80.45007032348805,94.0,89.46419823574037
SHP0409,Fast,172.8,100.5,133.12,0.94,80.54968287526427,95.29569892473118,77.40271917487107,94.0,87.64188928497308
SHP0410,Fast,148.5,93.75,114.4,0.94,86.25792811839324,98.31989247311827,82.88795124238162,94.0,90.9220453963542
SHP0411,Fast,267.3,126.75,205.92000000000002,0.94,58.35095137420719,83.53494623655914,56.07126113455227,94.0,74.88572662960203
SHP0412,Fast,170.10000000000002,99.75,131.04000000000002,0.94,81.18393234672304,95.63172043010752,78.01218940459447,94.0,88.00635107512653
SHP0413,Fast,213.3,111.75,164.32000000000002,0.94,71.03594080338267,90.25537634408603,68.26066572902015,94.0,82.17496243267121
SHP0414,Fast,299.70000000000005,135.75,230.88000000000002,0.94,50.7399577167019,79.50268817204301,48.757618377871545,94.0,70.51218514776053
SHP0415,Fast,313.20000000000005,139.5,241.28000000000003,0.94,47.56871035940803,77.82258064516128,45.71026722925457,94.0,68.68987619699324
SHP0416,Fast,218.70000000000002,113.25,168.48,0.94,69.76744186046511,89.58333333333334,67.04172526957338,94.0,81.4460388523643
SHP0417,Fast,194.4,106.5,149.76000000000002,0.94,75.4756871035941,92.60752688172043,72.52695733708391,94.0,84.72619496374541
SHP0418,Fast,232.20000000000002,117.0,178.88,0.94,66.59619450317123,87.90322580645162,63.9943741209564,94.0,79.62372990159699
SHP0419,Fast,170.10000000000002,99.75,131.04000000000002,0.94,81.18393234672304,95.63172043010752,78.01218940459447,94.0,88.00635107512653
SHP0420,Fast,175.5,101.25,135.20000000000002,0.94,79.91543340380551,94.95967741935483,76.79324894514768,94.0,87.27742749481962
SHP0421,Fast,234.9,117.75,180.96000000000004,0.94,65.96194503171249,87.56720430107526,63.384903891233,94.0,79.25926811144355
SHP0422,Fast,135.0,90.0,104.0,0.94,89.4291754756871,100.0,85.93530239099859,94.0,92.7443543471215
SHP0423,Fast,135.0,90.0,104.0,0.94,89.4291754756871,100.0,85.93530239099859,94.0,92.7443543471215
SHP0424,Fast,234.9,117.75,180.96000000000004,0.94,65.96194503171249,87.56720430107526,63.384903891233,94.0,79.25926811144355
SHP0425,Fast,243.00000000000003,120.0,187.20000000000002,0.94,64.05919661733616,86.55913978494624,61.556493202062825,94.0,78.16588274098316
SHP0426,Fast,286.20000000000005,132.0,220.48000000000005,0.94,53.91120507399576,81.18279569892472,51.804969526488506,94.0,72.33449409852783
SHP0427,Fast,240.3,119.25,185.12,0.94,64.69344608879493,86.89516129032258,62.16596343178622,94.0,78.53034453113662
SHP0428,Fast,221.4,114.0,170.56000000000003,0.94,69.13319238900635,89.24731182795699,66.43225503984998,94.0,81.08157706221083
SHP0429,Fast,310.5,138.75,239.20000000000002,0.94,48.20295983086682,78.15860215053763,46.31973745897797,94.0,69.05433798714671
SHP0430,Fast,156.60000000000002,96.0,120.64000000000001,0.94,84.35517970401692,97.31182795698925,81.05954055321143,94.0,89.82866002589383
SHP0431,Fast,340.20000000000005,147.0,262.08000000000004,0.94,41.22621564482029,74.46236559139786,39.61556493202062,94.0,65.04525829545867
SHP0432,Fast,234.9,117.75,180.96000000000004,0.94,65.96194503171249,87.56720430107526,63.384903891233,94.0,79.25926811144355
SHP0433,Fast,264.6,126.0,203.84000000000003,0.94,58.985200845665965,83.87096774193549,56.68073136427566,94.0,75.25018841975549
SHP0434,Fast,234.9,117.75,180.96000000000004,0.94,65.96194503171249,87.56720430107526,63.384903891233,94.0,79.25926811144355
SHP0435,Fast,197.10000000000002,107.25,151.84000000000003,0.94,74.8414376321353,92.27150537634408,71.91748710736053,94.0,84.36173317359194
SHP0436,Fast,237.60000000000002,118.5,183.04000000000002,0.94,65.3276955602537,87.23118279569893,62.7754336615096,94.0,78.89480632129008
SHP0437,Fast,251.10000000000002,122.25,193.44000000000003,0.94,62.15644820295982,85.5510752688172,59.728082512892634,94.0,77.07249737052278
SHP0438,Fast,216.0,112.5,166.4,0.94,70.40169133192389,89.91935483870968,67.65119549929676,94.0,81.81050064251774
SHP0439,Fast,307.8,138.0,237.12,0.94,48.83720930232558,78.49462365591397,46.92920768870136,94.0,69.41879977730017
SHP0440,Fast,218.70000000000002,113.25,168.48,0.94,69.76744186046511,89.58333333333334,67.04172526957338,94.0,81.4460388523643
SHP0441,Fast,253.8,123.0,195.52,0.94,61.52219873150106,85.21505376344086,59.11861228316925,94.0,76.70803558036933
SHP0442,Fast,515.7,195.75,397.28000000000003,0.94,0.0,52.62096774193547,0.0,94.0,41.35524193548387
SHP0443,Fast,251.10000000000002,122.25,193.44000000000003,0.94,62.15644820295982,85.5510752688172,59.728082512892634,94.0,77.07249737052278
SHP0444,Fast,162.0,97.5,124.80000000000001,0.94,83.08668076109936,96.63978494623656,79.84060009376465,94.0,89.09973644558691
SHP0445,Fast,264.6,126.0,203.84000000000003,0.94,58.985200845665965,83.87096774193549,56.68073136427566,94.0,75.25018841975549
SHP0446,Fast,186.3,104.25,143.52,0.94,77.3784355179704,93.61559139784946,74.3553680262541,94.0,85.81958033420578
SHP0447,Fast,313.20000000000005,139.5,241.28000000000003,0.94,47.56871035940803,77.82258064516128,45.71026722925457,94.0,68.68987619699324
SHP0448,Fast,178.20000000000002,102.0,137.28000000000003,0.94,79.2811839323467,94.6236559139785,76.18377871542428,94.0,86.91296570466616
SHP0449,Fast,280.8,130.5,216.32000000000002,0.94,55.17970401691332,81.85483870967741,53.023909985935305,94.0,73.06341767883474
SHP0450,Fast,386.1,159.75,297.44,0.94,30.443974630021142,68.75,29.25457102672293,94.0,58.84940786284987
SHP0451,Fast,135.0,90.0,104.0,0.94,89.4291754756871,100.0,85.93530239099859,94.0,92.7443543471215
SHP0452,Fast,197.10000000000002,107.25,151.84000000000003,0.94,74.8414376321353,92.27150537634408,71.91748710736053,94.0,84.36173317359194
SHP0453,Fast,207.9,110.25,160.16,0.94,72.30443974630022,90.92741935483872,69.47960618846695,94.0,82.90388601297812
SHP0454,Fast,405.0,165.0,312.0,0.94,26.00422832980973,66.39784946236558,24.98827941865917,94.0,56.29817533177567
SHP0455,Fast,259.20000000000005,124.5,199.68000000000004,0.94,60.2536997885835,84.54301075268818,57.89967182372246,94.0,75.97911200006241
SHP0456,Fast,180.9,102.75,139.36,0.94,78.64693446088795,94.28763440860214,75.5743084857009,94.0,86.5485039145127
SHP0457,Fast,183.60000000000002,103.5,141.44000000000003,0.94,78.01268498942918,93.9516129032258,74.9648382559775,94.0,86.18404212435924
SHP0458,Fast,135.0,90.0,104.0,0.94,89.4291754756871,100.0,85.93530239099859,94.0,92.7443543471215
SHP0459,Fast,288.90000000000003,132.75,222.56000000000003,0.94,53.276955602536994,80.84677419354838,51.195499296765114,94.0,71.97003230837437
SHP0460,Fast,224.10000000000002,114.75,172.64000000000001,0.94,68.49894291754757,88.91129032258065,65.82278481012658,94.0,80.71711527205737
SHP0461,Fast,367.20000000000005,154.5,282.88000000000005,0.94,34.883720930232556,71.10215053763442,33.520862634786674,94.0,61.40064039392408
SHP0462,Fast,180.9,102.75,139.36,0.94,78.64693446088795,94.28763440860214,75.5743084857009,94.0,86.5485039145127
SHP0463,Fast,189.0,105.0,145.6,0.94,76.74418604651163,93.27956989247312,73.74589779653071,94.0,85.45511854405233
SHP0464,Fast,369.90000000000003,155.25,284.96000000000004,0.94,34.24947145877378,70.76612903225806,32.91139240506329,94.0,61.03617860377062
SHP0465,Fast,135.0,90.0,104.0,0.94,89.4291754756871,100.0,85.93530239099859,94.0,92.7443543471215
SHP0466,Fast,224.10000000000002,114.75,172.64000000000001,0.94,68.49894291754757,88.91129032258065,65.82278481012658,94.0,80.71711527205737
SHP0467,Fast,135.0,90.0,104.0,0.94,89.4291754756871,100.0,85.93530239099859,94.0,92.7443543471215
SHP0468,Fast,170.10000000000002,99.75,131.04000000000002,0.94,81.18393234672304,95.63172043010752,78.01218940459447,94.0,88.00635107512653
SHP0469,Fast,256.5,123.75,197.6,0.94,60.887949260042284,84.87903225806451,58.50914205344586,94.0,76.34357379021587
SHP0470,Fast,243.00000000000003,120.0,187.20000000000002,0.94,64.05919661733616,86.55913978494624,61.556493202062825,94.0,78.16588274098316
SHP0471,Fast,135.0,90.0,104.0,0.94,89.4291754756871,100.0,85.93530239099859,94.0,92.7443543471215
SHP0472,Fast,226.8,115.5,174.72000000000003,0.94,67.8646934460888,88.5752688172043,65.21331458040318,94.0,80.35265348190391
SHP0473,Fast,186.3,104.25,143.52,0.94,77.3784355179704,93.61559139784946,74.3553680262541,94.0,85.81958033420578
SHP0474,Fast,240.3,119.25,185.12,0.94,64.69344608879493,86.89516129032258,62.16596343178622,94.0,78.53034453113662
SHP0475,Fast,307.8,138.0,237.12,0.94,48.83720930232558,78.49462365591397,46.92920768870136,94.0,69.41879977730017
SHP0476,Fast,135.0,90.0,104.0,0.94,89.4291754756871,100.0,85.93530239099859,94.0,92.7443543471215
SHP0477,Fast,170.10000000000002,99.75,131.04000000000002,0.94,81.18393234672304,95.63172043010752,78.01218940459447,94.0,88.00635107512653
SHP0478,Fast,391.5,161.25,301.6,0.94,29.175475687103603,68.07795698924731,28.035630567276137,94.0,58.120484282542954
SHP0479,Fast,264.6,126.0,203.84000000000003,0.94,58.985200845665965,83.87096774193549,56.68073136427566,94.0,75.25018841975549
SHP0480,Fast,135.0,90.0,104.0,0.94,89.4291754756871,100.0,85.93530239099859,94.0,92.7443543471215
SHP0481,Fast,207.9,110.25,160.16,0.94,72.30443974630022,90.92741935483872,69.47960618846695,94.0,82.90388601297812
SHP0482,Fast,248.4,121.5,191.36000000000004,0.94,62.79069767441862,85.88709677419355,60.337552742616026,94.0,77.43695916067625
SHP0483,Fast,291.6,133.5,224.64000000000001,0.94,52.64270613107822,80.51075268817203,50.58602906704173,94.0,71.60557051822092
SHP0484,Fast,135.0,90.0,104.0,0.94,89.4291754756871,100.0,85.93530239099859,94.0,92.7443543471215
SHP0485,Fast,148.5,93.75,114.4,0.94,86.25792811839324,98.31989247311827,82.88795124238162,94.0,90.9220453963542
SHP0486,Fast,499.50000000000006,191.25,384.8,0.94,3.805496828752639,54.63709677419355,3.6568213783403705,94.0,43.542012676404624
SHP0487,Fast,337.5,146.25,260.0,0.94,41.86046511627908,74.79838709677419,40.225035161744024,94.0,65.40972008561212
SHP0488,Fast,291.6,133.5,224.64000000000001,0.94,52.64270613107822,80.51075268817203,50.58602906704173,94.0,71.60557051822092
SHP0489,Fast,283.5,131.25,218.4,0.94,54.545454545454554,81.51881720430107,52.414439756211905,94.0,72.69895588868128
SHP0490,Fast,180.9,102.75,139.36,0.94,78.64693446088795,94.28763440860214,75.5743084857009,94.0,86.5485039145127
SHP0491,Fast,180.9,102.75,139.36,0.94,78.64693446088795,94.28763440860214,75.5743084857009,94.0,86.5485039145127
SHP0492,Fast,180.9,102.75,139.36,0.94,78.64693446088795,94.28763440860214,75.5743084857009,94.0,86.5485039145127
SHP0493,Fast,167.4,99.0,128.96,0.94,81.81818181818183,95.96774193548387,78.62165963431788,94.0,88.37081286528
SHP0494,Fast,248.4,121.5,191.36000000000004,0.94,62.79069767441862,85.88709677419355,60.337552742616026,94.0,77.43695916067625
SHP0495,Fast,216.0,112.5,166.4,0.94,70.40169133192389,89.91935483870968,67.65119549929676,94.0,81.81050064251774
SHP0496,Fast,135.0,90.0,104.0,0.94,89.4291754756871,100.0,85.93530239099859,94.0,92.7443543471215
SHP0497,Fast,135.0,90.0,104.0,0.94,89.4291754756871,100.0,85.93530239099859,94.0,92.7443543471215
SHP0498,Fast,191.70000000000002,105.75,147.68,0.94,76.10993657505286,92.94354838709677,73.13642756680731,94.0,85.09065675389887
SHP0499,Fast,394.20000000000005,162.0,303.68000000000006,0.94,28.541226215644816,67.74193548387096,27.42616033755273,94.0,57.75602249238949
SHP0500,Fast,218.70000000000002,113.25,168.48,0.94,69.76744186046511,89.58333333333334,67.04172526957338,94.0,81.4460388523643
SHP0001,Eco,158.4,189.6,98.56,0.84,83.9323467230444,55.376344086021504,87.52930145335208,84.0,77.5330329929369
SHP0002,Eco,90.0,144.0,56.0,0.84,100.0,75.80645161290323,100.0,84.0,89.15161290322581
SHP0003,Eco,214.20000000000002,226.79999999999998,133.28,0.84,70.8245243128964,38.70967741935484,77.35583684950772,84.0,68.05471780296435
SHP0004,Eco,145.8,181.2,90.71999999999998,0.84,86.89217758985201,59.13978494623656,89.82653539615566,84.0,79.67329771325328
SHP0005,Eco,253.8,253.2,157.92000000000002,0.84,61.52219873150106,26.88172043010753,70.13595874355369,84.0,61.32817153911289
SHP0006,Eco,192.6,212.4,119.84,0.84,75.89852008456658,45.16129032258064,81.29395218002814,84.0,71.72374303779243
SHP0007,Eco,176.4,201.6,109.76,0.84,79.70401691331924,50.0,84.24753867791843,84.0,74.47551196391349
SHP0008,Eco,244.8,247.2,152.32,0.84,63.63636363636363,29.56989247311828,71.77684013127052,84.0,62.85693205362459
SHP0009,Eco,108.0,156.0,67.19999999999999,0.84,95.77167019027483,70.43010752688171,96.71823722456634,84.0,86.0940918742024
SHP0010,Eco,126.0,168.0,78.39999999999999,0.84,91.5433403805497,65.05376344086021,93.43647444913269,84.0,83.03657084517901
SHP0011,Eco,90.0,144.0,56.0,0.84,100.0,75.80645161290323,100.0,84.0,89.15161290322581
SHP0012,Eco,151.20000000000002,184.79999999999998,94.08,0.84,85.62367864693445,57.52688172043011,88.84200656352556,84.0,78.75604140454625
SHP0013,Eco,118.8,163.2,73.92,0.84,93.23467230443974,67.20430107526883,94.74917955930614,84.0,84.25957925678837
SHP0014,Eco,90.0,144.0,56.0,0.84,100.0,75.80645161290323,100.0,84.0,89.15161290322581
SHP0015,Eco,207.0,222.0,128.79999999999998,0.84,72.51585623678648,40.86021505376344,78.6685419596812,84.0,69.27772621457372
SHP0016,Eco,160.20000000000002,190.79999999999998,99.67999999999999,0.84,83.50951374207187,54.83870967741936,87.20112517580873,84.0,77.22728089003455
SHP0017,Eco,160.20000000000002,190.79999999999998,99.67999999999999,0.84,83.50951374207187,54.83870967741936,87.20112517580873,84.0,77.22728089003455
SHP0018,Eco,221.4,231.6,137.76,0.84,69.13319238900635,36.55913978494624,76.04313173933429,84.0,66.831709391355
SHP0019,Eco,90.0,144.0,56.0,0.84,100.0,75.80645161290323,100.0,84.0,89.15161290322581
SHP0020,Eco,131.4,171.6,81.76,0.84,90.27484143763213,63.44086021505376,92.45194561650258,84.0,82.11931453647199
SHP0021,Eco,167.4,195.6,104.16,0.84,81.81818181818183,52.68817204301075,85.88842006563524,84.0,76.0042724784252
SHP0022,Eco,122.4,165.6,76.16,0.84,92.38900634249472,66.12903225806451,94.0928270042194,84.0,83.64807505098369
SHP0023,Eco,198.0,216.0,123.19999999999999,0.84,74.63002114164905,43.548387096774185,80.30942334739804,84.0,70.80648672908542
SHP0024,Eco,221.4,231.6,137.76,0.84,69.13319238900635,36.55913978494624,76.04313173933429,84.0,66.831709391355
SHP0025,Eco,154.8,187.2,96.32,0.84,84.77801268498942,56.451612903225815,88.18565400843882,84.0,78.14453719874157
SHP0026,Eco,90.0,144.0,56.0,0.84,100.0,75.80645161290323,100.0,84.0,89.15161290322581
SHP0027,Eco,189.0,210.0,117.6,0.84,76.74418604651163,46.236559139784944,81.95030473511487,84.0,72.33524724359712
SHP0028,Eco,90.0,144.0,56.0,0.84,100.0,75.80645161290323,100.0,84.0,89.15161290322581
SHP0029,Eco,264.6,260.4,164.64000000000001,0.84,58.985200845665965,23.65591397849463,68.16690107829348,84.0,59.49365892169885
SHP0030,Eco,113.4,159.6,70.56,0.84,94.5031712473573,68.81720430107528,95.73370839193625,84.0,85.1768355654954
SHP0031,Eco,118.8,163.2,73.92,0.84,93.23467230443974,67.20430107526883,94.74917955930614,84.0,84.25957925678837
SHP0032,Eco,90.0,144.0,56.0,0.84,100.0,75.80645161290323,100.0,84.0,89.15161290322581
SHP0033,Eco,165.6,194.4,103.04,0.84,82.24101479915433,53.2258064516129,86.21659634317862,84.0,76.31002458132754
SHP0034,Eco,113.4,159.6,70.56,0.84,94.5031712473573,68.81720430107528,95.73370839193625,84.0,85.1768355654954
SHP0035,Eco,153.0,186.0,95.19999999999999,0.84,85.20084566596195,56.98924731182795,88.51383028598218,84.0,78.45028930164392
SHP0036,Eco,99.0,150.0,61.599999999999994,0.84,97.88583509513742,73.11827956989248,98.35911861228318,84.0,87.62285238871411
SHP0037,Eco,190.8,211.2,118.72000000000001,0.84,76.32135306553911,45.6989247311828,81.62212845757149,84.0,72.02949514069478
SHP0038,Eco,190.8,211.2,118.72000000000001,0.84,76.32135306553911,45.6989247311828,81.62212845757149,84.0,72.02949514069478
SHP0039,Eco,203.4,219.6,126.56,0.84,73.3615221987315,41.935483870967744,79.32489451476793,84.0,69.8892304203784
SHP0040,Eco,138.6,176.4,86.24,0.84,88.58350951374206,61.29032258064515,91.13924050632912,84.0,80.89630612486263
SHP0041,Eco,145.8,181.2,90.71999999999998,0.84,86.89217758985201,59.13978494623656,89.82653539615566,84.0,79.67329771325328
SHP0042,Eco,210.6,224.4,131.04,0.84,71.67019027484145,39.78494623655913,78.01218940459447,84.0,68.66622200876904
SHP0043,Eco,126.0,168.0,78.39999999999999,0.84,91.5433403805497,65.05376344086021,93.43647444913269,84.0,83.03657084517901
SHP0044,Eco,210.6,224.4,131.04,0.84,71.67019027484145,39.78494623655913,78.01218940459447,84.0,68.66622200876904
SHP0045,Eco,115.2,160.79999999999998,71.67999999999999,0.84,94.08033826638477,68.27956989247312,95.40553211439288,84.0,84.87108346259305
SHP0046,Eco,243.0,246.0,151.2,0.84,64.05919661733616,30.107526881720425,72.10501640881388,84.0,63.16268415652692
SHP0047,Eco,189.0,210.0,117.6,0.84,76.74418604651163,46.236559139784944,81.95030473511487,84.0,72.33524724359712
SHP0048,Eco,90.0,144.0,56.0,0.84,100.0,75.80645161290323,100.0,84.0,89.15161290322581
SHP0049,Eco,122.4,165.6,76.16,0.84,92.38900634249472,66.12903225806451,94.0928270042194,84.0,83.64807505098369
SHP0050,Eco,133.20000000000002,172.79999999999998,82.88,0.84,89.8520084566596,62.90322580645162,92.12376933895922,84.0,81.81356243356966
SHP0051,Eco,140.4,177.6,87.36,0.84,88.16067653276957,60.752688172043015,90.81106422878574,84.0,80.5905540219603
SHP0052,Eco,187.20000000000002,208.79999999999998,116.47999999999999,0.84,77.16701902748414,46.7741935483871,82.27848101265825,84.0,72.64099934649947
SHP0053,Eco,90.0,144.0,56.0,0.84,100.0,75.80645161290323,100.0,84.0,89.15161290322581
SHP0054,Eco,90.0,144.0,56.0,0.84,100.0,75.80645161290323,100.0,84.0,89.15161290322581
SHP0055,Eco,183.6,206.4,114.24000000000001,0.84,78.01268498942918,47.84946236559139,82.93483356774496,84.0,73.25250355230413
SHP0056,Eco,199.8,217.2,124.32000000000001,0.84,74.20718816067652,43.01075268817204,79.98124706985466,84.0,70.50073462618307
SHP0057,Eco,208.8,223.2,129.92000000000002,0.84,72.09302325581395,40.322580645161295,78.34036568213783,84.0,68.97197411167137
SHP0058,Eco,90.0,144.0,56.0,0.84,100.0,75.80645161290323,100.0,84.0,89.15161290322581
SHP0059,Eco,99.0,150.0,61.599999999999994,0.84,97.88583509513742,73.11827956989248,98.35911861228318,84.0,87.62285238871411
SHP0060,Eco,118.8,163.2,73.92,0.84,93.23467230443974,67.20430107526883,94.74917955930614,84.0,84.25957925678837
SHP0061,Eco,90.0,144.0,56.0,0.84,100.0,75.80645161290323,100.0,84.0,89.15161290322581
SHP0062,Eco,176.4,201.6,109.76,0.84,79.70401691331924,50.0,84.24753867791843,84.0,74.47551196391349
SHP0063,Eco,133.20000000000002,172.79999999999998,82.88,0.84,89.8520084566596,62.90322580645162,92.12376933895922,84.0,81.81356243356966
SHP0064,Eco,264.6,260.4,164.64000000000001,0.84,58.985200845665965,23.65591397849463,68.16690107829348,84.0,59.49365892169885
SHP0065,Eco,149.4,183.6,92.96000000000001,0.84,86.04651162790698,58.06451612903226,89.17018284106892,84.0,79.0617935074486
SHP0066,Eco,169.20000000000002,196.79999999999998,105.28,0.84,81.3953488372093,52.150537634408614,85.56024378809188,84.0,75.69852037552286
SHP0067,Eco,144.0,180.0,89.6,0.84,87.31501057082453,59.67741935483871,90.15471167369903,84.0,79.97904981615561
SHP0068,Eco,219.6,230.39999999999998,136.64000000000001,0.84,69.55602536997885,37.09677419354839,76.37130801687762,84.0,67.13746149425734
SHP0069,Eco,90.0,144.0,56.0,0.84,100.0,75.80645161290323,100.0,84.0,89.15161290322581
SHP0070,Eco,127.8,169.2,79.52,0.84,91.12050739957716,64.51612903225806,93.10829817158933,84.0,82.73081874227667
SHP0071,Eco,142.20000000000002,178.79999999999998,88.48,0.84,87.73784355179703,60.215053763440864,90.48288795124238,84.0,80.28480191905795
SHP0072,Eco,198.0,216.0,123.19999999999999,0.84,74.63002114164905,43.548387096774185,80.30942334739804,84.0,70.80648672908542
SHP0073,Eco,192.6,212.4,119.84,0.84,75.89852008456658,45.16129032258064,81.29395218002814,84.0,71.72374303779243
SHP0074,Eco,216.0,228.0,134.39999999999998,0.84,70.40169133192389,38.17204301075269,77.02766057196438,84.0,67.74896570006202
SHP0075,Eco,142.20000000000002,178.79999999999998,88.48,0.84,87.73784355179703,60.215053763440864,90.48288795124238,84.0,80.28480191905795
SHP0076,Eco,106.2,154.79999999999998,66.08,0.84,96.19450317124736,70.96774193548387,97.0464135021097,84.0,86.39984397710475
SHP0077,Eco,160.20000000000002,190.79999999999998,99.67999999999999,0.84,83.50951374207187,54.83870967741936,87.20112517580873,84.0,77.22728089003455
SHP0078,Eco,133.20000000000002,172.79999999999998,82.88,0.84,89.8520084566596,62.90322580645162,92.12376933895922,84.0,81.81356243356966
SHP0079,Eco,207.0,222.0,128.79999999999998,0.84,72.51585623678648,40.86021505376344,78.6685419596812,84.0,69.27772621457372
SHP0080,Eco,160.20000000000002,190.79999999999998,99.67999999999999,0.84,83.50951374207187,54.83870967741936,87.20112517580873,84.0,77.22728089003455
SHP0081,Eco,176.4,201.6,109.76,0.84,79.70401691331924,50.0,84.24753867791843,84.0,74.47551196391349
SHP0082,Eco,144.0,180.0,89.6,0.84,87.31501057082453,59.67741935483871,90.15471167369903,84.0,79.97904981615561
SHP0083,Eco,163.8,193.2,101.91999999999999,0.84,82.66384778012686,53.76344086021506,86.54477262072199,84.0,76.61577668422987
SHP0084,Eco,171.0,198.0,106.39999999999999,0.84,80.9725158562368,51.61290322580645,85.23206751054853,84.0,75.39276827262051
SHP0085,Eco,90.0,144.0,56.0,0.84,100.0,75.80645161290323,100.0,84.0,89.15161290322581
SHP0086,Eco,90.0,144.0,56.0,0.84,100.0,75.80645161290323,100.0,84.0,89.15161290322581
SHP0087,Eco,190.8,211.2,118.72000000000001,0.84,76.32135306553911,45.6989247311828,81.62212845757149,84.0,72.02949514069478
SHP0088,Eco,142.20000000000002,178.79999999999998,88.48,0.84,87.73784355179703,60.215053763440864,90.48288795124238,84.0,80.28480191905795
SHP0089,Eco,124.2,166.79999999999998,77.28,0.84,91.96617336152221,65.59139784946237,93.76465072667604,84.0,83.34232294808136
SHP0090,Eco,199.8,217.2,124.32000000000001,0.84,74.20718816067652,43.01075268817204,79.98124706985466,84.0,70.50073462618307
SHP0091,Eco,90.0,144.0,56.0,0.84,100.0,75.80645161290323,100.0,84.0,89.15161290322581
SHP0092,Eco,90.0,144.0,56.0,0.84,100.0,75.80645161290323,100.0,84.0,89.15161290322581
SHP0093,Eco,160.20000000000002,190.79999999999998,99.67999999999999,0.84,83.50951374207187,54.83870967741936,87.20112517580873,84.0,77.22728089003455
SHP0094,Eco,289.8,277.2,180.32,0.84,53.06553911205074,16.129032258064516,63.57243319268636,84.0,55.21312948106609
SHP0095,Eco,257.40000000000003,255.6,160.16,0.84,60.676532769556026,25.806451612903224,69.47960618846695,84.0,60.71666733330821
SHP0096,Eco,156.6,188.4,97.44000000000001,0.84,84.35517970401692,55.91397849462365,87.85747773089545,84.0,77.83878509583924
SHP0097,Eco,243.0,246.0,151.2,0.84,64.05919661733616,30.107526881720425,72.10501640881388,84.0,63.16268415652692
SHP0098,Eco,102.60000000000001,152.4,63.839999999999996,0.84,97.04016913319239,72.04301075268816,97.70276605719644,84.0,87.01134818290943
SHP0099,Eco,169.20000000000002,196.79999999999998,105.28,0.84,81.3953488372093,52.150537634408614,85.56024378809188,84.0,75.69852037552286
SHP0100,Eco,219.6,230.39999999999998,136.64000000000001,0.84,69.55602536997885,37.09677419354839,76.37130801687762,84.0,67.13746149425734
SHP0101,Eco,124.2,166.79999999999998,77.28,0.84,91.96617336152221,65.59139784946237,93.76465072667604,84.0,83.34232294808136
SHP0102,Eco,142.20000000000002,178.79999999999998,88.48,0.84,87.73784355179703,60.215053763440864,90.48288795124238,84.0,80.28480191905795
SHP0103,Eco,131.4,171.6,81.76,0.84,90.27484143763213,63.44086021505376,92.45194561650258,84.0,82.11931453647199
SHP0104,Eco,90.0,144.0,56.0,0.84,100.0,75.80645161290323,100.0,84.0,89.15161290322581
SHP0105,Eco,214.20000000000002,226.79999999999998,133.28,0.84,70.8245243128964,38.70967741935484,77.35583684950772,84.0,68.05471780296435
SHP0106,Eco,108.0,156.0,67.19999999999999,0.84,95.77167019027483,70.43010752688171,96.71823722456634,84.0,86.0940918742024
SHP0107,Eco,149.4,183.6,92.96000000000001,0.84,86.04651162790698,58.06451612903226,89.17018284106892,84.0,79.0617935074486
SHP0108,Eco,172.8,199.2,107.52000000000001,0.84,80.54968287526427,51.075268817204304,84.90389123300514,84.0,75.08701616971818
SHP0109,Eco,144.0,180.0,89.6,0.84,87.31501057082453,59.67741935483871,90.15471167369903,84.0,79.97904981615561
SHP0110,Eco,203.4,219.6,126.56,0.84,73.3615221987315,41.935483870967744,79.32489451476793,84.0,69.8892304203784
SHP0111,Eco,190.8,211.2,118.72000000000001,0.84,76.32135306553911,45.6989247311828,81.62212845757149,84.0,72.02949514069478
SHP0112,Eco,90.0,144.0,56.0,0.84,100.0,75.80645161290323,100.0,84.0,89.15161290322581
SHP0113,Eco,142.20000000000002,178.79999999999998,88.48,0.84,87.73784355179703,60.215053763440864,90.48288795124238,84.0,80.28480191905795
SHP0114,Eco,172.8,199.2,107.52000000000001,0.84,80.54968287526427,51.075268817204304,84.90389123300514,84.0,75.08701616971818
SHP0115,Eco,176.4,201.6,109.76,0.84,79.70401691331924,50.0,84.24753867791843,84.0,74.47551196391349
SHP0116,Eco,214.20000000000002,226.79999999999998,133.28,0.84,70.8245243128964,38.70967741935484,77.35583684950772,84.0,68.05471780296435
SHP0117,Eco,228.6,236.39999999999998,142.24,0.84,67.44186046511628,34.40860215053764,74.7304266291608,84.0,65.60870097974565
SHP0118,Eco,108.0,156.0,67.19999999999999,0.84,95.77167019027483,70.43010752688171,96.71823722456634,84.0,86.0940918742024
SHP0119,Eco,145.8,181.2,90.71999999999998,0.84,86.89217758985201,59.13978494623656,89.82653539615566,84.0,79.67329771325328
SHP0120,Eco,241.20000000000002,244.79999999999998,150.07999999999998,0.84,64.48202959830867,30.645161290322587,72.43319268635724,84.0,63.46843625942927
SHP0121,Eco,90.0,144.0,56.0,0.84,100.0,75.80645161290323,100.0,84.0,89.15161290322581
SHP0122,Eco,189.0,210.0,117.6,0.84,76.74418604651163,46.236559139784944,81.95030473511487,84.0,72.33524724359712
SHP0123,Eco,118.8,163.2,73.92,0.84,93.23467230443974,67.20430107526883,94.74917955930614,84.0,84.25957925678837
SHP0124,Eco,90.0,144.0,56.0,0.84,100.0,75.80645161290323,100.0,84.0,89.15161290322581
SHP0125,Eco,212.4,225.6,132.16,0.84,71.24735729386893,39.247311827956985,77.6840131270511,84.0,68.36046990586671
SHP0126,Eco,189.0,210.0,117.6,0.84,76.74418604651163,46.236559139784944,81.95030473511487,84.0,72.33524724359712
SHP0127,Eco,187.20000000000002,208.79999999999998,116.47999999999999,0.84,77.16701902748414,46.7741935483871,82.27848101265825,84.0,72.64099934649947
SHP0128,Eco,90.0,144.0,56.0,0.84,100.0,75.80645161290323,100.0,84.0,89.15161290322581
SHP0129,Eco,192.6,212.4,119.84,0.84,75.89852008456658,45.16129032258064,81.29395218002814,84.0,71.72374303779243
SHP0130,Eco,203.4,219.6,126.56,0.84,73.3615221987315,41.935483870967744,79.32489451476793,84.0,69.8892304203784
SHP0131,Eco,187.20000000000002,208.79999999999998,116.47999999999999,0.84,77.16701902748414,46.7741935483871,82.27848101265825,84.0,72.64099934649947
SHP0132,Eco,99.0,150.0,61.599999999999994,0.84,97.88583509513742,73.11827956989248,98.35911861228318,84.0,87.62285238871411
SHP0133,Eco,100.8,151.2,62.72,0.84,97.4630021141649,72.58064516129032,98.03094233473982,84.0,87.31710028581178
SHP0134,Eco,133.20000000000002,172.79999999999998,82.88,0.84,89.8520084566596,62.90322580645162,92.12376933895922,84.0,81.81356243356966
SHP0135,Eco,174.6,200.4,108.64,0.84,80.12684989429175,50.53763440860215,84.5757149554618,84.0,74.78126406681584
SHP0136,Eco,100.8,151.2,62.72,0.84,97.4630021141649,72.58064516129032,98.03094233473982,84.0,87.31710028581178
SHP0137,Eco,171.0,198.0,106.39999999999999,0.84,80.9725158562368,51.61290322580645,85.23206751054853,84.0,75.39276827262051
SHP0138,Eco,180.0,204.0,112.0,0.84,78.8583509513742,48.924731182795696,83.5911861228317,84.0,73.86400775810881
SHP0139,Eco,126.0,168.0,78.39999999999999,0.84,91.5433403805497,65.05376344086021,93.43647444913269,84.0,83.03657084517901
SHP0140,Eco,295.2,280.8,183.68,0.84,51.797040169133204,14.516129032258055,62.58790436005626,84.0,54.295873172359066
SHP0141,Eco,185.4,207.6,115.36,0.84,77.58985200845667,47.31182795698925,82.6066572902016,84.0,72.9467514494018
SHP0142,Eco,147.6,182.4,91.84,0.84,86.46934460887948,58.6021505376344,89.49835911861229,84.0,79.36754561035093
SHP0143,Eco,187.20000000000002,208.79999999999998,116.47999999999999,0.84,77.16701902748414,46.7741935483871,82.27848101265825,84.0,72.64099934649947
SHP0144,Eco,129.6,170.4,80.64,0.84,90.69767441860465,63.97849462365591,92.78012189404595,84.0,82.42506663937434
SHP0145,Eco,203.4,219.6,126.56,0.84,73.3615221987315,41.935483870967744,79.32489451476793,84.0,69.8892304203784
SHP0146,Eco,244.8,247.2,152.32,0.84,63.63636363636363,29.56989247311828,71.77684013127052,84.0,62.85693205362459
SHP0147,Eco,90.0,144.0,56.0,0.84,100.0,75.80645161290323,100.0,84.0,89.15161290322581
SHP0148,Eco,124.2,166.79999999999998,77.28,0.84,91.96617336152221,65.59139784946237,93.76465072667604,84.0,83.34232294808136
SHP0149,Eco,210.6,224.4,131.04,0.84,71.67019027484145,39.78494623655913,78.01218940459447,84.0,68.66622200876904
SHP0150,Eco,127.8,169.2,79.52,0.84,91.12050739957716,64.51612903225806,93.10829817158933,84.0,82.73081874227667
SHP0151,Eco,190.8,211.2,118.72000000000001,0.84,76.32135306553911,45.6989247311828,81.62212845757149,84.0,72.02949514069478
SHP0152,Eco,259.2,256.8,161.28,0.84,60.25369978858352,25.268817204301065,69.15142991092358,84.0,60.41091523040586
SHP0153,Eco,248.4,249.6,154.56,0.84,62.79069767441862,28.494623655913976,71.12048757618378,84.0,62.24542784781991
SHP0154,Eco,162.0,192.0,100.8,0.84,83.08668076109936,54.3010752688172,86.87294889826535,84.0,76.9215287871322
SHP0155,Eco,207.0,222.0,128.79999999999998,0.84,72.51585623678648,40.86021505376344,78.6685419596812,84.0,69.27772621457372
SHP0156,Eco,185.4,207.6,115.36,0.84,77.58985200845667,47.31182795698925,82.6066572902016,84.0,72.9467514494018
SHP0157,Eco,90.0,144.0,56.0,0.84,100.0,75.80645161290323,100.0,84.0,89.15161290322581
SHP0158,Eco,201.6,218.4,125.44,0.84,73.78435517970402,42.47311827956989,79.6530707923113,84.0,70.19498252328074
SHP0159,Eco,214.20000000000002,226.79999999999998,133.28,0.84,70.8245243128964,38.70967741935484,77.35583684950772,84.0,68.05471780296435
SHP0160,Eco,223.20000000000002,232.79999999999998,138.88,0.84,68.71035940803381,36.021505376344095,75.71495546179091,84.0,66.52595728845266
SHP0161,Eco,156.6,188.4,97.44000000000001,0.84,84.35517970401692,55.91397849462365,87.85747773089545,84.0,77.83878509583924
SHP0162,Eco,158.4,189.6,98.56,0.84,83.9323467230444,55.376344086021504,87.52930145335208,84.0,77.5330329929369
SHP0163,Eco,158.4,189.6,98.56,0.84,83.9323467230444,55.376344086021504,87.52930145335208,84.0,77.5330329929369
SHP0164,Eco,154.8,187.2,96.32,0.84,84.77801268498942,56.451612903225815,88.18565400843882,84.0,78.14453719874157
SHP0165,Eco,153.0,186.0,95.19999999999999,0.84,85.20084566596195,56.98924731182795,88.51383028598218,84.0,78.45028930164392
SHP0166,Eco,90.0,144.0,56.0,0.84,100.0,75.80645161290323,100.0,84.0,89.15161290322581
SHP0167,Eco,120.60000000000001,164.4,75.03999999999999,0.84,92.81183932346723,66.66666666666666,94.42100328176278,84.0,83.95382715388604
SHP0168,Eco,268.2,262.8,166.88,0.84,58.139534883720934,22.580645161290313,67.51054852320677,84.0,58.88215471589416
SHP0169,Eco,90.0,144.0,56.0,0.84,100.0,75.80645161290323,100.0,84.0,89.15161290322581
SHP0170,Eco,167.4,195.6,104.16,0.84,81.81818181818183,52.68817204301075,85.88842006563524,84.0,76.0042724784252
SHP0171,Eco,160.20000000000002,190.79999999999998,99.67999999999999,0.84,83.50951374207187,54.83870967741936,87.20112517580873,84.0,77.22728089003455
SHP0172,Eco,167.4,195.6,104.16,0.84,81.81818181818183,52.68817204301075,85.88842006563524,84.0,76.0042724784252
SHP0173,Eco,221.4,231.6,137.76,0.84,69.13319238900635,36.55913978494624,76.04313173933429,84.0,66.831709391355
SHP0174,Eco,90.0,144.0,56.0,0.84,100.0,75.80645161290323,100.0,84.0,89.15161290322581
SHP0175,Eco,185.4,207.6,115.36,0.84,77.58985200845667,47.31182795698925,82.6066572902016,84.0,72.9467514494018
SHP0176,Eco,142.20000000000002,178.79999999999998,88.48,0.84,87.73784355179703,60.215053763440864,90.48288795124238,84.0,80.28480191905795
SHP0177,Eco,156.6,188.4,97.44000000000001,0.84,84.35517970401692,55.91397849462365,87.85747773089545,84.0,77.83878509583924
SHP0178,Eco,104.4,153.6,64.96000000000001,0.84,96.61733615221988,71.50537634408603,97.37458977965308,84.0,86.7055960800071
SHP0179,Eco,135.0,174.0,84.0,0.84,89.4291754756871,62.365591397849464,91.79559306141584,84.0,81.50781033066731
SHP0180,Eco,232.20000000000002,238.79999999999998,144.48,0.84,66.59619450317123,33.333333333333336,74.07407407407408,84.0,64.99719677394096
SHP0181,Eco,189.0,210.0,117.6,0.84,76.74418604651163,46.236559139784944,81.95030473511487,84.0,72.33524724359712
SHP0182,Eco,90.0,144.0,56.0,0.84,100.0,75.80645161290323,100.0,84.0,89.15161290322581
SHP0183,Eco,90.0,144.0,56.0,0.84,100.0,75.80645161290323,100.0,84.0,89.15161290322581
SHP0184,Eco,122.4,165.6,76.16,0.84,92.38900634249472,66.12903225806451,94.0928270042194,84.0,83.64807505098369
SHP0185,Eco,129.6,170.4,80.64,0.84,90.69767441860465,63.97849462365591,92.78012189404595,84.0,82.42506663937434
SHP0186,Eco,244.8,247.2,152.32,0.84,63.63636363636363,29.56989247311828,71.77684013127052,84.0,62.85693205362459
SHP0187,Eco,198.0,216.0,123.19999999999999,0.84,74.63002114164905,43.548387096774185,80.30942334739804,84.0,70.80648672908542
SHP0188,Eco,196.20000000000002,214.79999999999998,122.08,0.84,75.05285412262155,44.08602150537635,80.6375996249414,84.0,71.11223883198775
SHP0189,Eco,264.6,260.4,164.64000000000001,0.84,58.985200845665965,23.65591397849463,68.16690107829348,84.0,59.49365892169885
SHP0190,Eco,199.8,217.2,124.32000000000001,0.84,74.20718816067652,43.01075268817204,79.98124706985466,84.0,70.50073462618307
SHP0191,Eco,118.8,163.2,73.92,0.84,93.23467230443974,67.20430107526883,94.74917955930614,84.0,84.25957925678837
SHP0192,Eco,126.0,168.0,78.39999999999999,0.84,91.5433403805497,65.05376344086021,93.43647444913269,84.0,83.03657084517901
SHP0193,Eco,129.6,170.4,80.64,0.84,90.69767441860465,63.97849462365591,92.78012189404595,84.0,82.42506663937434
SHP0194,Eco,90.0,144.0,56.0,0.84,100.0,75.80645161290323,100.0,84.0,89.15161290322581
SHP0195,Eco,151.20000000000002,184.79999999999998,94.08,0.84,85.62367864693445,57.52688172043011,88.84200656352556,84.0,78.75604140454625
SHP0196,Eco,126.0,168.0,78.39999999999999,0.84,91.5433403805497,65.05376344086021,93.43647444913269,84.0,83.03657084517901
SHP0197,Eco,212.4,225.6,132.16,0.84,71.24735729386893,39.247311827956985,77.6840131270511,84.0,68.36046990586671
SHP0198,Eco,158.4,189.6,98.56,0.84,83.9323467230444,55.376344086021504,87.52930145335208,84.0,77.5330329929369
SHP0199,Eco,90.0,144.0,56.0,0.84,100.0,75.80645161290323,100.0,84.0,89.15161290322581
SHP0200,Eco,90.0,144.0,56.0,0.84,100.0,75.80645161290323,100.0,84.0,89.15161290322581
SHP0201,Eco,90.0,144.0,56.0,0.84,100.0,75.80645161290323,100.0,84.0,89.15161290322581
SHP0202,Eco,219.6,230.39999999999998,136.64000000000001,0.84,69.55602536997885,37.09677419354839,76.37130801687762,84.0,67.13746149425734
SHP0203,Eco,176.4,201.6,109.76,0.84,79.70401691331924,50.0,84.24753867791843,84.0,74.47551196391349
SHP0204,Eco,122.4,165.6,76.16,0.84,92.38900634249472,66.12903225806451,94.0928270042194,84.0,83.64807505098369
SHP0205,Eco,136.8,175.2,85.12,0.84,89.00634249471459,61.82795698924731,91.46741678387248,84.0,81.20205822776498
SHP0206,Eco,340.2,310.8,211.68,0.84,41.22621564482031,1.075268817204291,54.38349742147211,84.0,46.65207059980057
SHP0207,Eco,147.6,182.4,91.84,0.84,86.46934460887948,58.6021505376344,89.49835911861229,84.0,79.36754561035093
SHP0208,Eco,252.0,252.0,156.79999999999998,0.84,61.94503171247357,27.419354838709676,70.46413502109705,84.0,61.63392364201522
SHP0209,Eco,178.20000000000002,202.79999999999998,110.88,0.84,79.2811839323467,49.462365591397855,83.91936240037506,84.0,74.16975986101116
SHP0210,Eco,138.6,176.4,86.24,0.84,88.58350951374206,61.29032258064515,91.13924050632912,84.0,80.89630612486263
SHP0211,Eco,223.20000000000002,232.79999999999998,138.88,0.84,68.71035940803381,36.021505376344095,75.71495546179091,84.0,66.52595728845266
SHP0212,Eco,192.6,212.4,119.84,0.84,75.89852008456658,45.16129032258064,81.29395218002814,84.0,71.72374303779243
SHP0213,Eco,153.0,186.0,95.19999999999999,0.84,85.20084566596195,56.98924731182795,88.51383028598218,84.0,78.45028930164392
SHP0214,Eco,90.0,144.0,56.0,0.84,100.0,75.80645161290323,100.0,84.0,89.15161290322581
SHP0215,Eco,163.8,193.2,101.91999999999999,0.84,82.66384778012686,53.76344086021506,86.54477262072199,84.0,76.61577668422987
SHP0216,Eco,180.0,204.0,112.0,0.84,78.8583509513742,48.924731182795696,83.5911861228317,84.0,73.86400775810881
SHP0217,Eco,142.20000000000002,178.79999999999998,88.48,0.84,87.73784355179703,60.215053763440864,90.48288795124238,84.0,80.28480191905795
SHP0218,Eco,109.8,157.2,68.32000000000001,0.84,95.34883720930233,69.89247311827957,96.39006094702297,84.0,85.78833977130007
SHP0219,Eco,259.2,256.8,161.28,0.84,60.25369978858352,25.268817204301065,69.15142991092358,84.0,60.41091523040586
SHP0220,Eco,201.6,218.4,125.44,0.84,73.78435517970402,42.47311827956989,79.6530707923113,84.0,70.19498252328074
SHP0221,Eco,241.20000000000002,244.79999999999998,150.07999999999998,0.84,64.48202959830867,30.645161290322587,72.43319268635724,84.0,63.46843625942927
SHP0222,Eco,90.0,144.0,56.0,0.84,100.0,75.80645161290323,100.0,84.0,89.15161290322581
SHP0223,Eco,90.0,144.0,56.0,0.84,100.0,75.80645161290323,100.0,84.0,89.15161290322581
SHP0224,Eco,115.2,160.79999999999998,71.67999999999999,0.84,94.08033826638477,68.27956989247312,95.40553211439288,84.0,84.87108346259305
SHP0225,Eco,180.0,204.0,112.0,0.84,78.8583509513742,48.924731182795696,83.5911861228317,84.0,73.86400775810881
SHP0226,Eco,145.8,181.2,90.71999999999998,0.84,86.89217758985201,59.13978494623656,89.82653539615566,84.0,79.67329771325328
SHP0227,Eco,118.8,163.2,73.92,0.84,93.23467230443974,67.20430107526883,94.74917955930614,84.0,84.25957925678837
SHP0228,Eco,147.6,182.4,91.84,0.84,86.46934460887948,58.6021505376344,89.49835911861229,84.0,79.36754561035093
SHP0229,Eco,158.4,189.6,98.56,0.84,83.9323467230444,55.376344086021504,87.52930145335208,84.0,77.5330329929369
SHP0230,Eco,122.4,165.6,76.16,0.84,92.38900634249472,66.12903225806451,94.0928270042194,84.0,83.64807505098369
SHP0231,Eco,180.0,204.0,112.0,0.84,78.8583509513742,48.924731182795696,83.5911861228317,84.0,73.86400775810881
SHP0232,Eco,111.60000000000001,158.4,69.44,0.84,94.9260042283298,69.35483870967741,96.0618846694796,84.0,85.48258766839773
SHP0233,Eco,118.8,163.2,73.92,0.84,93.23467230443974,67.20430107526883,94.74917955930614,84.0,84.25957925678837
SHP0234,Eco,118.8,163.2,73.92,0.84,93.23467230443974,67.20430107526883,94.74917955930614,84.0,84.25957925678837
SHP0235,Eco,174.6,200.4,108.64,0.84,80.12684989429175,50.53763440860215,84.5757149554618,84.0,74.78126406681584
SHP0236,Eco,151.20000000000002,184.79999999999998,94.08,0.84,85.62367864693445,57.52688172043011,88.84200656352556,84.0,78.75604140454625
SHP0237,Eco,135.0,174.0,84.0,0.84,89.4291754756871,62.365591397849464,91.79559306141584,84.0,81.50781033066731
SHP0238,Eco,90.0,144.0,56.0,0.84,100.0,75.80645161290323,100.0,84.0,89.15161290322581
SHP0239,Eco,151.20000000000002,184.79999999999998,94.08,0.84,85.62367864693445,57.52688172043011,88.84200656352556,84.0,78.75604140454625
SHP0240,Eco,169.20000000000002,196.79999999999998,105.28,0.84,81.3953488372093,52.150537634408614,85.56024378809188,84.0,75.69852037552286
SHP0241,Eco,176.4,201.6,109.76,0.84,79.70401691331924,50.0,84.24753867791843,84.0,74.47551196391349
SHP0242,Eco,118.8,163.2,73.92,0.84,93.23467230443974,67.20430107526883,94.74917955930614,84.0,84.25957925678837
SHP0243,Eco,154.8,187.2,96.32,0.84,84.77801268498942,56.451612903225815,88.18565400843882,84.0,78.14453719874157
SHP0244,Eco,219.6,230.39999999999998,136.64000000000001,0.84,69.55602536997885,37.09677419354839,76.37130801687762,84.0,67.13746149425734
SHP0245,Eco,190.8,211.2,118.72000000000001,0.84,76.32135306553911,45.6989247311828,81.62212845757149,84.0,72.02949514069478
SHP0246,Eco,189.0,210.0,117.6,0.84,76.74418604651163,46.236559139784944,81.95030473511487,84.0,72.33524724359712
SHP0247,Eco,181.8,205.2,113.12,0.84,78.43551797040169,48.38709677419355,83.26300984528832,84.0,73.55825565520648
SHP0248,Eco,135.0,174.0,84.0,0.84,89.4291754756871,62.365591397849464,91.79559306141584,84.0,81.50781033066731
SHP0249,Eco,246.6,248.39999999999998,153.44,0.84,63.21353065539112,29.032258064516135,71.44866385372714,84.0,62.55117995072224
SHP0250,Eco,142.20000000000002,178.79999999999998,88.48,0.84,87.73784355179703,60.215053763440864,90.48288795124238,84.0,80.28480191905795
SHP0251,Eco,117.0,162.0,72.8,0.84,93.65750528541227,67.74193548387096,95.0773558368495,84.0,84.5653313596907
SHP0252,Eco,135.0,174.0,84.0,0.84,89.4291754756871,62.365591397849464,91.79559306141584,84.0,81.50781033066731
SHP0253,Eco,187.20000000000002,208.79999999999998,116.47999999999999,0.84,77.16701902748414,46.7741935483871,82.27848101265825,84.0,72.64099934649947
SHP0254,Eco,199.8,217.2,124.32000000000001,0.84,74.20718816067652,43.01075268817204,79.98124706985466,84.0,70.50073462618307
SHP0255,Eco,183.6,206.4,114.24000000000001,0.84,78.01268498942918,47.84946236559139,82.93483356774496,84.0,73.25250355230413
SHP0256,Eco,235.8,241.2,146.72,0.84,65.75052854122622,32.25806451612903,73.41772151898735,84.0,64.38569256813628
SHP0257,Eco,199.8,217.2,124.32000000000001,0.84,74.20718816067652,43.01075268817204,79.98124706985466,84.0,70.50073462618307
SHP0258,Eco,201.6,218.4,125.44,0.84,73.78435517970402,42.47311827956989,79.6530707923113,84.0,70.19498252328074
SHP0259,Eco,136.8,175.2,85.12,0.84,89.00634249471459,61.82795698924731,91.46741678387248,84.0,81.20205822776498
SHP0260,Eco,183.6,206.4,114.24000000000001,0.84,78.01268498942918,47.84946236559139,82.93483356774496,84.0,73.25250355230413
SHP0261,Eco,165.6,194.4,103.04,0.84,82.24101479915433,53.2258064516129,86.21659634317862,84.0,76.31002458132754
SHP0262,Eco,140.4,177.6,87.36,0.84,88.16067653276957,60.752688172043015,90.81106422878574,84.0,80.5905540219603
SHP0263,Eco,194.4,213.6,120.96,0.84,75.4756871035941,44.623655913978496,80.96577590248476,84.0,71.4179909348901
SHP0264,Eco,104.4,153.6,64.96000000000001,0.84,96.61733615221988,71.50537634408603,97.37458977965308,84.0,86.7055960800071
SHP0265,Eco,90.0,144.0,56.0,0.84,100.0,75.80645161290323,100.0,84.0,89.15161290322581
SHP0266,Eco,154.8,187.2,96.32,0.84,84.77801268498942,56.451612903225815,88.18565400843882,84.0,78.14453719874157
SHP0267,Eco,140.4,177.6,87.36,0.84,88.16067653276957,60.752688172043015,90.81106422878574,84.0,80.5905540219603
SHP0268,Eco,118.8,163.2,73.92,0.84,93.23467230443974,67.20430107526883,94.74917955930614,84.0,84.25957925678837
SHP0269,Eco,120.60000000000001,164.4,75.03999999999999,0.84,92.81183932346723,66.66666666666666,94.42100328176278,84.0,83.95382715388604
SHP0270,Eco,190.8,211.2,118.72000000000001,0.84,76.32135306553911,45.6989247311828,81.62212845757149,84.0,72.02949514069478
SHP0271,Eco,171.0,198.0,106.39999999999999,0.84,80.9725158562368,51.61290322580645,85.23206751054853,84.0,75.39276827262051
SHP0272,Eco,118.8,163.2,73.92,0.84,93.23467230443974,67.20430107526883,94.74917955930614,84.0,84.25957925678837
SHP0273,Eco,90.0,144.0,56.0,0.84,100.0,75.80645161290323,100.0,84.0,89.15161290322581
SHP0274,Eco,190.8,211.2,118.72000000000001,0.84,76.32135306553911,45.6989247311828,81.62212845757149,84.0,72.02949514069478
SHP0275,Eco,118.8,163.2,73.92,0.84,93.23467230443974,67.20430107526883,94.74917955930614,84.0,84.25957925678837
SHP0276,Eco,118.8,163.2,73.92,0.84,93.23467230443974,67.20430107526883,94.74917955930614,84.0,84.25957925678837
SHP0277,Eco,147.6,182.4,91.84,0.84,86.46934460887948,58.6021505376344,89.49835911861229,84.0,79.36754561035093
SHP0278,Eco,90.0,144.0,56.0,0.84,100.0,75.80645161290323,100.0,84.0,89.15161290322581
SHP0279,Eco,129.6,170.4,80.64,0.84,90.69767441860465,63.97849462365591,92.78012189404595,84.0,82.42506663937434
SHP0280,Eco,129.6,170.4,80.64,0.84,90.69767441860465,63.97849462365591,92.78012189404595,84.0,82.42506663937434
SHP0281,Eco,100.8,151.2,62.72,0.84,97.4630021141649,72.58064516129032,98.03094233473982,84.0,87.31710028581178
SHP0282,Eco,120.60000000000001,164.4,75.03999999999999,0.84,92.81183932346723,66.66666666666666,94.42100328176278,84.0,83.95382715388604
SHP0283,Eco,109.8,157.2,68.32000000000001,0.84,95.34883720930233,69.89247311827957,96.39006094702297,84.0,85.78833977130007
SHP0284,Eco,194.4,213.6,120.96,0.84,75.4756871035941,44.623655913978496,80.96577590248476,84.0,71.4179909348901
SHP0285,Eco,201.6,218.4,125.44,0.84,73.78435517970402,42.47311827956989,79.6530707923113,84.0,70.19498252328074
SHP0286,Eco,136.8,175.2,85.12,0.84,89.00634249471459,61.82795698924731,91.46741678387248,84.0,81.20205822776498
SHP0287,Eco,90.0,144.0,56.0,0.84,100.0,75.80645161290323,100.0,84.0,89.15161290322581
SHP0288,Eco,180.0,204.0,112.0,0.84,78.8583509513742,48.924731182795696,83.5911861228317,84.0,73.86400775810881
SHP0289,Eco,138.6,176.4,86.24,0.84,88.58350951374206,61.29032258064515,91.13924050632912,84.0,80.89630612486263
SHP0290,Eco,228.6,236.39999999999998,142.24,0.84,67.44186046511628,34.40860215053764,74.7304266291608,84.0,65.60870097974565
SHP0291,Eco,169.20000000000002,196.79999999999998,105.28,0.84,81.3953488372093,52.150537634408614,85.56024378809188,84.0,75.69852037552286
SHP0292,Eco,210.6,224.4,131.04,0.84,71.67019027484145,39.78494623655913,78.01218940459447,84.0,68.66622200876904
SHP0293,Eco,117.0,162.0,72.8,0.84,93.65750528541227,67.74193548387096,95.0773558368495,84.0,84.5653313596907
SHP0294,Eco,291.6,278.4,181.43999999999997,0.84,52.64270613107822,15.591397849462371,63.244256915143005,84.0,54.907377378163744
SHP0295,Eco,90.0,144.0,56.0,0.84,100.0,75.80645161290323,100.0,84.0,89.15161290322581
SHP0296,Eco,90.0,144.0,56.0,0.84,100.0,75.80645161290323,100.0,84.0,89.15161290322581
SHP0297,Eco,190.8,211.2,118.72000000000001,0.84,76.32135306553911,45.6989247311828,81.62212845757149,84.0,72.02949514069478
SHP0298,Eco,113.4,159.6,70.56,0.84,94.5031712473573,68.81720430107528,95.73370839193625,84.0,85.1768355654954
SHP0299,Eco,187.20000000000002,208.79999999999998,116.47999999999999,0.84,77.16701902748414,46.7741935483871,82.27848101265825,84.0,72.64099934649947
SHP0300,Eco,90.0,144.0,56.0,0.84,100.0,75.80645161290323,100.0,84.0,89.15161290322581
SHP0301,Eco,158.4,189.6,98.56,0.84,83.9323467230444,55.376344086021504,87.52930145335208,84.0,77.5330329929369
SHP0302,Eco,153.0,186.0,95.19999999999999,0.84,85.20084566596195,56.98924731182795,88.51383028598218,84.0,78.45028930164392
SHP0303,Eco,99.0,150.0,61.599999999999994,0.84,97.88583509513742,73.11827956989248,98.35911861228318,84.0,87.62285238871411
SHP0304,Eco,230.4,237.6,143.35999999999999,0.84,67.01902748414376,33.87096774193548,74.40225035161745,84.0,65.3029488768433
SHP0305,Eco,145.8,181.2,90.71999999999998,0.84,86.89217758985201,59.13978494623656,89.82653539615566,84.0,79.67329771325328
SHP0306,Eco,223.20000000000002,232.79999999999998,138.88,0.84,68.71035940803381,36.021505376344095,75.71495546179091,84.0,66.52595728845266
SHP0307,Eco,160.20000000000002,190.79999999999998,99.67999999999999,0.84,83.50951374207187,54.83870967741936,87.20112517580873,84.0,77.22728089003455
SHP0308,Eco,252.0,252.0,156.79999999999998,0.84,61.94503171247357,27.419354838709676,70.46413502109705,84.0,61.63392364201522
SHP0309,Eco,192.6,212.4,119.84,0.84,75.89852008456658,45.16129032258064,81.29395218002814,84.0,71.72374303779243
SHP0310,Eco,113.4,159.6,70.56,0.84,94.5031712473573,68.81720430107528,95.73370839193625,84.0,85.1768355654954
SHP0311,Eco,90.0,144.0,56.0,0.84,100.0,75.80645161290323,100.0,84.0,89.15161290322581
SHP0312,Eco,124.2,166.79999999999998,77.28,0.84,91.96617336152221,65.59139784946237,93.76465072667604,84.0,83.34232294808136
SHP0313,Eco,187.20000000000002,208.79999999999998,116.47999999999999,0.84,77.16701902748414,46.7741935483871,82.27848101265825,84.0,72.64099934649947
SHP0314,Eco,169.20000000000002,196.79999999999998,105.28,0.84,81.3953488372093,52.150537634408614,85.56024378809188,84.0,75.69852037552286
SHP0315,Eco,90.0,144.0,56.0,0.84,100.0,75.80645161290323,100.0,84.0,89.15161290322581
SHP0316,Eco,145.8,181.2,90.71999999999998,0.84,86.89217758985201,59.13978494623656,89.82653539615566,84.0,79.67329771325328
SHP0317,Eco,230.4,237.6,143.35999999999999,0.84,67.01902748414376,33.87096774193548,74.40225035161745,84.0,65.3029488768433
SHP0318,Eco,172.8,199.2,107.52000000000001,0.84,80.54968287526427,51.075268817204304,84.90389123300514,84.0,75.08701616971818
SHP0319,Eco,90.0,144.0,56.0,0.84,100.0,75.80645161290323,100.0,84.0,89.15161290322581
SHP0320,Eco,109.8,157.2,68.32000000000001,0.84,95.34883720930233,69.89247311827957,96.39006094702297,84.0,85.78833977130007
SHP0321,Eco,90.0,144.0,56.0,0.84,100.0,75.80645161290323,100.0,84.0,89.15161290322581
SHP0322,Eco,115.2,160.79999999999998,71.67999999999999,0.84,94.08033826638477,68.27956989247312,95.40553211439288,84.0,84.87108346259305
SHP0323,Eco,149.4,183.6,92.96000000000001,0.84,86.04651162790698,58.06451612903226,89.17018284106892,84.0,79.0617935074486
SHP0324,Eco,90.0,144.0,56.0,0.84,100.0,75.80645161290323,100.0,84.0,89.15161290322581
SHP0325,Eco,90.0,144.0,56.0,0.84,100.0,75.80645161290323,100.0,84.0,89.15161290322581
SHP0326,Eco,160.20000000000002,190.79999999999998,99.67999999999999,0.84,83.50951374207187,54.83870967741936,87.20112517580873,84.0,77.22728089003455
SHP0327,Eco,228.6,236.39999999999998,142.24,0.84,67.44186046511628,34.40860215053764,74.7304266291608,84.0,65.60870097974565
SHP0328,Eco,145.8,181.2,90.71999999999998,0.84,86.89217758985201,59.13978494623656,89.82653539615566,84.0,79.67329771325328
SHP0329,Eco,147.6,182.4,91.84,0.84,86.46934460887948,58.6021505376344,89.49835911861229,84.0,79.36754561035093
SHP0330,Eco,154.8,187.2,96.32,0.84,84.77801268498942,56.451612903225815,88.18565400843882,84.0,78.14453719874157
SHP0331,Eco,266.40000000000003,261.59999999999997,165.76,0.84,58.56236786469344,23.118279569892483,67.83872480075013,84.0,59.187906818796506
SHP0332,Eco,194.4,213.6,120.96,0.84,75.4756871035941,44.623655913978496,80.96577590248476,84.0,71.4179909348901
SHP0333,Eco,167.4,195.6,104.16,0.84,81.81818181818183,52.68817204301075,85.88842006563524,84.0,76.0042724784252
SHP0334,Eco,113.4,159.6,70.56,0.84,94.5031712473573,68.81720430107528,95.73370839193625,84.0,85.1768355654954
SHP0335,Eco,180.0,204.0,112.0,0.84,78.8583509513742,48.924731182795696,83.5911861228317,84.0,73.86400775810881
SHP0336,Eco,151.20000000000002,184.79999999999998,94.08,0.84,85.62367864693445,57.52688172043011,88.84200656352556,84.0,78.75604140454625
SHP0337,Eco,145.8,181.2,90.71999999999998,0.84,86.89217758985201,59.13978494623656,89.82653539615566,84.0,79.67329771325328
SHP0338,Eco,90.0,144.0,56.0,0.84,100.0,75.80645161290323,100.0,84.0,89.15161290322581
SHP0339,Eco,131.4,171.6,81.76,0.84,90.27484143763213,63.44086021505376,92.45194561650258,84.0,82.11931453647199
SHP0340,Eco,99.0,150.0,61.599999999999994,0.84,97.88583509513742,73.11827956989248,98.35911861228318,84.0,87.62285238871411
SHP0341,Eco,113.4,159.6,70.56,0.84,94.5031712473573,68.81720430107528,95.73370839193625,84.0,85.1768355654954
SHP0342,Eco,192.6,212.4,119.84,0.84,75.89852008456658,45.16129032258064,81.29395218002814,84.0,71.72374303779243
SHP0343,Eco,90.0,144.0,56.0,0.84,100.0,75.80645161290323,100.0,84.0,89.15161290322581
SHP0344,Eco,142.20000000000002,178.79999999999998,88.48,0.84,87.73784355179703,60.215053763440864,90.48288795124238,84.0,80.28480191905795
SHP0345,Eco,171.0,198.0,106.39999999999999,0.84,80.9725158562368,51.61290322580645,85.23206751054853,84.0,75.39276827262051
SHP0346,Eco,230.4,237.6,143.35999999999999,0.84,67.01902748414376,33.87096774193548,74.40225035161745,84.0,65.3029488768433
SHP0347,Eco,235.8,241.2,146.72,0.84,65.75052854122622,32.25806451612903,73.41772151898735,84.0,64.38569256813628
SHP0348,Eco,153.0,186.0,95.19999999999999,0.84,85.20084566596195,56.98924731182795,88.51383028598218,84.0,78.45028930164392
SHP0349,Eco,142.20000000000002,178.79999999999998,88.48,0.84,87.73784355179703,60.215053763440864,90.48288795124238,84.0,80.28480191905795
SHP0350,Eco,90.0,144.0,56.0,0.84,100.0,75.80645161290323,100.0,84.0,89.15161290322581
SHP0351,Eco,160.20000000000002,190.79999999999998,99.67999999999999,0.84,83.50951374207187,54.83870967741936,87.20112517580873,84.0,77.22728089003455
SHP0352,Eco,176.4,201.6,109.76,0.84,79.70401691331924,50.0,84.24753867791843,84.0,74.47551196391349
SHP0353,Eco,90.0,144.0,56.0,0.84,100.0,75.80645161290323,100.0,84.0,89.15161290322581
SHP0354,Eco,226.8,235.2,141.12,0.84,67.8646934460888,34.946236559139784,75.05860290670418,84.0,65.91445308264798
SHP0355,Eco,124.2,166.79999999999998,77.28,0.84,91.96617336152221,65.59139784946237,93.76465072667604,84.0,83.34232294808136
SHP0356,Eco,232.20000000000002,238.79999999999998,144.48,0.84,66.59619450317123,33.333333333333336,74.07407407407408,84.0,64.99719677394096
SHP0357,Eco,131.4,171.6,81.76,0.84,90.27484143763213,63.44086021505376,92.45194561650258,84.0,82.11931453647199
SHP0358,Eco,295.2,280.8,183.68,0.84,51.797040169133204,14.516129032258055,62.58790436005626,84.0,54.295873172359066
SHP0359,Eco,199.8,217.2,124.32000000000001,0.84,74.20718816067652,43.01075268817204,79.98124706985466,84.0,70.50073462618307
SHP0360,Eco,158.4,189.6,98.56,0.84,83.9323467230444,55.376344086021504,87.52930145335208,84.0,77.5330329929369
SHP0361,Eco,90.0,144.0,56.0,0.84,100.0,75.80645161290323,100.0,84.0,89.15161290322581
SHP0362,Eco,109.8,157.2,68.32000000000001,0.84,95.34883720930233,69.89247311827957,96.39006094702297,84.0,85.78833977130007
SHP0363,Eco,113.4,159.6,70.56,0.84,94.5031712473573,68.81720430107528,95.73370839193625,84.0,85.1768355654954
SHP0364,Eco,90.0,144.0,56.0,0.84,100.0,75.80645161290323,100.0,84.0,89.15161290322581
SHP0365,Eco,153.0,186.0,95.19999999999999,0.84,85.20084566596195,56.98924731182795,88.51383028598218,84.0,78.45028930164392
SHP0366,Eco,187.20000000000002,208.79999999999998,116.47999999999999,0.84,77.16701902748414,46.7741935483871,82.27848101265825,84.0,72.64099934649947
SHP0367,Eco,133.20000000000002,172.79999999999998,82.88,0.84,89.8520084566596,62.90322580645162,92.12376933895922,84.0,81.81356243356966
SHP0368,Eco,239.4,243.6,148.96,0.84,64.9048625792812,31.182795698924732,72.76136896390061,84.0,63.7741883623316
SHP0369,Eco,174.6,200.4,108.64,0.84,80.12684989429175,50.53763440860215,84.5757149554618,84.0,74.78126406681584
SHP0370,Eco,228.6,236.39999999999998,142.24,0.84,67.44186046511628,34.40860215053764,74.7304266291608,84.0,65.60870097974565
SHP0371,Eco,109.8,157.2,68.32000000000001,0.84,95.34883720930233,69.89247311827957,96.39006094702297,84.0,85.78833977130007
SHP0372,Eco,124.2,166.79999999999998,77.28,0.84,91.96617336152221,65.59139784946237,93.76465072667604,84.0,83.34232294808136
SHP0373,Eco,90.0,144.0,56.0,0.84,100.0,75.80645161290323,100.0,84.0,89.15161290322581
SHP0374,Eco,199.8,217.2,124.32000000000001,0.84,74.20718816067652,43.01075268817204,79.98124706985466,84.0,70.50073462618307
SHP0375,Eco,118.8,163.2,73.92,0.84,93.23467230443974,67.20430107526883,94.74917955930614,84.0,84.25957925678837
SHP0376,Eco,151.20000000000002,184.79999999999998,94.08,0.84,85.62367864693445,57.52688172043011,88.84200656352556,84.0,78.75604140454625
SHP0377,Eco,145.8,181.2,90.71999999999998,0.84,86.89217758985201,59.13978494623656,89.82653539615566,84.0,79.67329771325328
SHP0378,Eco,135.0,174.0,84.0,0.84,89.4291754756871,62.365591397849464,91.79559306141584,84.0,81.50781033066731
SHP0379,Eco,253.8,253.2,157.92000000000002,0.84,61.52219873150106,26.88172043010753,70.13595874355369,84.0,61.32817153911289
SHP0380,Eco,133.20000000000002,172.79999999999998,82.88,0.84,89.8520084566596,62.90322580645162,92.12376933895922,84.0,81.81356243356966
SHP0381,Eco,142.20000000000002,178.79999999999998,88.48,0.84,87.73784355179703,60.215053763440864,90.48288795124238,84.0,80.28480191905795
SHP0382,Eco,126.0,168.0,78.39999999999999,0.84,91.5433403805497,65.05376344086021,93.43647444913269,84.0,83.03657084517901
SHP0383,Eco,196.20000000000002,214.79999999999998,122.08,0.84,75.05285412262155,44.08602150537635,80.6375996249414,84.0,71.11223883198775
SHP0384,Eco,163.8,193.2,101.91999999999999,0.84,82.66384778012686,53.76344086021506,86.54477262072199,84.0,76.61577668422987
SHP0385,Eco,273.6,266.4,170.24,0.84,56.87103594080338,20.96774193548388,66.52601969057666,84.0,57.96489840718715
SHP0386,Eco,217.8,229.2,135.52,0.84,69.97885835095138,37.634408602150536,76.699484294421,84.0,67.44321359715968
SHP0387,Eco,172.8,199.2,107.52000000000001,0.84,80.54968287526427,51.075268817204304,84.90389123300514,84.0,75.08701616971818
SHP0388,Eco,117.0,162.0,72.8,0.84,93.65750528541227,67.74193548387096,95.0773558368495,84.0,84.5653313596907
SHP0389,Eco,178.20000000000002,202.79999999999998,110.88,0.84,79.2811839323467,49.462365591397855,83.91936240037506,84.0,74.16975986101116
SHP0390,Eco,102.60000000000001,152.4,63.839999999999996,0.84,97.04016913319239,72.04301075268816,97.70276605719644,84.0,87.01134818290943
SHP0391,Eco,111.60000000000001,158.4,69.44,0.84,94.9260042283298,69.35483870967741,96.0618846694796,84.0,85.48258766839773
SHP0392,Eco,111.60000000000001,158.4,69.44,0.84,94.9260042283298,69.35483870967741,96.0618846694796,84.0,85.48258766839773
SHP0393,Eco,126.0,168.0,78.39999999999999,0.84,91.5433403805497,65.05376344086021,93.43647444913269,84.0,83.03657084517901
SHP0394,Eco,183.6,206.4,114.24000000000001,0.84,78.01268498942918,47.84946236559139,82.93483356774496,84.0,73.25250355230413
SHP0395,Eco,185.4,207.6,115.36,0.84,77.58985200845667,47.31182795698925,82.6066572902016,84.0,72.9467514494018
SHP0396,Eco,255.6,254.39999999999998,159.04,0.84,61.09936575052855,26.34408602150538,69.80778246601031,84.0,61.02241943621054
SHP0397,Eco,115.2,160.79999999999998,71.67999999999999,0.84,94.08033826638477,68.27956989247312,95.40553211439288,84.0,84.87108346259305
SHP0398,Eco,118.8,163.2,73.92,0.84,93.23467230443974,67.20430107526883,94.74917955930614,84.0,84.25957925678837
SHP0399,Eco,100.8,151.2,62.72,0.84,97.4630021141649,72.58064516129032,98.03094233473982,84.0,87.31710028581178
SHP0400,Eco,153.0,186.0,95.19999999999999,0.84,85.20084566596195,56.98924731182795,88.51383028598218,84.0,78.45028930164392
SHP0401,Eco,219.6,230.39999999999998,136.64000000000001,0.84,69.55602536997885,37.09677419354839,76.37130801687762,84.0,67.13746149425734
SHP0402,Eco,273.6,266.4,170.24,0.84,56.87103594080338,20.96774193548388,66.52601969057666,84.0,57.96489840718715
SHP0403,Eco,90.0,144.0,56.0,0.84,100.0,75.80645161290323,100.0,84.0,89.15161290322581
SHP0404,Eco,196.20000000000002,214.79999999999998,122.08,0.84,75.05285412262155,44.08602150537635,80.6375996249414,84.0,71.11223883198775
SHP0405,Eco,243.0,246.0,151.2,0.84,64.05919661733616,30.107526881720425,72.10501640881388,84.0,63.16268415652692
SHP0406,Eco,205.20000000000002,220.79999999999998,127.67999999999999,0.84,72.93868921775898,41.39784946236559,78.99671823722456,84.0,69.58347831747605
SHP0407,Eco,172.8,199.2,107.52000000000001,0.84,80.54968287526427,51.075268817204304,84.90389123300514,84.0,75.08701616971818
SHP0408,Eco,106.2,154.79999999999998,66.08,0.84,96.19450317124736,70.96774193548387,97.0464135021097,84.0,86.39984397710475
SHP0409,Eco,115.2,160.79999999999998,71.67999999999999,0.84,94.08033826638477,68.27956989247312,95.40553211439288,84.0,84.87108346259305
SHP0410,Eco,99.0,150.0,61.599999999999994,0.84,97.88583509513742,73.11827956989248,98.35911861228318,84.0,87.62285238871411
SHP0411,Eco,178.20000000000002,202.79999999999998,110.88,0.84,79.2811839323467,49.462365591397855,83.91936240037506,84.0,74.16975986101116
SHP0412,Eco,113.4,159.6,70.56,0.84,94.5031712473573,68.81720430107528,95.73370839193625,84.0,85.1768355654954
SHP0413,Eco,142.20000000000002,178.79999999999998,88.48,0.84,87.73784355179703,60.215053763440864,90.48288795124238,84.0,80.28480191905795
SHP0414,Eco,199.8,217.2,124.32000000000001,0.84,74.20718816067652,43.01075268817204,79.98124706985466,84.0,70.50073462618307
SHP0415,Eco,208.8,223.2,129.92000000000002,0.84,72.09302325581395,40.322580645161295,78.34036568213783,84.0,68.97197411167137
SHP0416,Eco,145.8,181.2,90.71999999999998,0.84,86.89217758985201,59.13978494623656,89.82653539615566,84.0,79.67329771325328
SHP0417,Eco,129.6,170.4,80.64,0.84,90.69767441860465,63.97849462365591,92.78012189404595,84.0,82.42506663937434
SHP0418,Eco,154.8,187.2,96.32,0.84,84.77801268498942,56.451612903225815,88.18565400843882,84.0,78.14453719874157
SHP0419,Eco,113.4,159.6,70.56,0.84,94.5031712473573,68.81720430107528,95.73370839193625,84.0,85.1768355654954
SHP0420,Eco,117.0,162.0,72.8,0.84,93.65750528541227,67.74193548387096,95.0773558368495,84.0,84.5653313596907
SHP0421,Eco,156.6,188.4,97.44000000000001,0.84,84.35517970401692,55.91397849462365,87.85747773089545,84.0,77.83878509583924
SHP0422,Eco,90.0,144.0,56.0,0.84,100.0,75.80645161290323,100.0,84.0,89.15161290322581
SHP0423,Eco,90.0,144.0,56.0,0.84,100.0,75.80645161290323,100.0,84.0,89.15161290322581
SHP0424,Eco,156.6,188.4,97.44000000000001,0.84,84.35517970401692,55.91397849462365,87.85747773089545,84.0,77.83878509583924
SHP0425,Eco,162.0,192.0,100.8,0.84,83.08668076109936,54.3010752688172,86.87294889826535,84.0,76.9215287871322
SHP0426,Eco,190.8,211.2,118.72000000000001,0.84,76.32135306553911,45.6989247311828,81.62212845757149,84.0,72.02949514069478
SHP0427,Eco,160.20000000000002,190.79999999999998,99.67999999999999,0.84,83.50951374207187,54.83870967741936,87.20112517580873,84.0,77.22728089003455
SHP0428,Eco,147.6,182.4,91.84,0.84,86.46934460887948,58.6021505376344,89.49835911861229,84.0,79.36754561035093
SHP0429,Eco,207.0,222.0,128.79999999999998,0.84,72.51585623678648,40.86021505376344,78.6685419596812,84.0,69.27772621457372
SHP0430,Eco,104.4,153.6,64.96000000000001,0.84,96.61733615221988,71.50537634408603,97.37458977965308,84.0,86.7055960800071
SHP0431,Eco,226.8,235.2,141.12,0.84,67.8646934460888,34.946236559139784,75.05860290670418,84.0,65.91445308264798
SHP0432,Eco,156.6,188.4,97.44000000000001,0.84,84.35517970401692,55.91397849462365,87.85747773089545,84.0,77.83878509583924
SHP0433,Eco,176.4,201.6,109.76,0.84,79.70401691331924,50.0,84.24753867791843,84.0,74.47551196391349
SHP0434,Eco,156.6,188.4,97.44000000000001,0.84,84.35517970401692,55.91397849462365,87.85747773089545,84.0,77.83878509583924
SHP0435,Eco,131.4,171.6,81.76,0.84,90.27484143763213,63.44086021505376,92.45194561650258,84.0,82.11931453647199
SHP0436,Eco,158.4,189.6,98.56,0.84,83.9323467230444,55.376344086021504,87.52930145335208,84.0,77.5330329929369
SHP0437,Eco,167.4,195.6,104.16,0.84,81.81818181818183,52.68817204301075,85.88842006563524,84.0,76.0042724784252
SHP0438,Eco,144.0,180.0,89.6,0.84,87.31501057082453,59.67741935483871,90.15471167369903,84.0,79.97904981615561
SHP0439,Eco,205.20000000000002,220.79999999999998,127.67999999999999,0.84,72.93868921775898,41.39784946236559,78.99671823722456,84.0,69.58347831747605
SHP0440,Eco,145.8,181.2,90.71999999999998,0.84,86.89217758985201,59.13978494623656,89.82653539615566,84.0,79.67329771325328
SHP0441,Eco,169.20000000000002,196.79999999999998,105.28,0.84,81.3953488372093,52.150537634408614,85.56024378809188,84.0,75.69852037552286
SHP0442,Eco,343.8,313.2,213.92000000000002,0.84,40.38054968287527,0.0,53.727144866385366,84.0,46.04056639399589
SHP0443,Eco,167.4,195.6,104.16,0.84,81.81818181818183,52.68817204301075,85.88842006563524,84.0,76.0042724784252
SHP0444,Eco,108.0,156.0,67.19999999999999,0.84,95.77167019027483,70.43010752688171,96.71823722456634,84.0,86.0940918742024
SHP0445,Eco,176.4,201.6,109.76,0.84,79.70401691331924,50.0,84.24753867791843,84.0,74.47551196391349
SHP0446,Eco,124.2,166.79999999999998,77.28,0.84,91.96617336152221,65.59139784946237,93.76465072667604,84.0,83.34232294808136
SHP0447,Eco,208.8,223.2,129.92000000000002,0.84,72.09302325581395,40.322580645161295,78.34036568213783,84.0,68.97197411167137
SHP0448,Eco,118.8,163.2,73.92,0.84,93.23467230443974,67.20430107526883,94.74917955930614,84.0,84.25957925678837
SHP0449,Eco,187.20000000000002,208.79999999999998,116.47999999999999,0.84,77.16701902748414,46.7741935483871,82.27848101265825,84.0,72.64099934649947
SHP0450,Eco,257.40000000000003,255.6,160.16,0.84,60.676532769556026,25.806451612903224,69.47960618846695,84.0,60.71666733330821
SHP0451,Eco,90.0,144.0,56.0,0.84,100.0,75.80645161290323,100.0,84.0,89.15161290322581
SHP0452,Eco,131.4,171.6,81.76,0.84,90.27484143763213,63.44086021505376,92.45194561650258,84.0,82.11931453647199
SHP0453,Eco,138.6,176.4,86.24,0.84,88.58350951374206,61.29032258064515,91.13924050632912,84.0,80.89630612486263
SHP0454,Eco,270.0,264.0,168.0,0.84,57.716701902748426,22.04301075268817,67.18237224566339,84.0,58.57640261299183
SHP0455,Eco,172.8,199.2,107.52000000000001,0.84,80.54968287526427,51.075268817204304,84.90389123300514,84.0,75.08701616971818
SHP0456,Eco,120.60000000000001,164.4,75.03999999999999,0.84,92.81183932346723,66.66666666666666,94.42100328176278,84.0,83.95382715388604
SHP0457,Eco,122.4,165.6,76.16,0.84,92.38900634249472,66.12903225806451,94.0928270042194,84.0,83.64807505098369
SHP0458,Eco,90.0,144.0,56.0,0.84,100.0,75.80645161290323,100.0,84.0,89.15161290322581
SHP0459,Eco,192.6,212.4,119.84,0.84,75.89852008456658,45.16129032258064,81.29395218002814,84.0,71.72374303779243
SHP0460,Eco,149.4,183.6,92.96000000000001,0.84,86.04651162790698,58.06451612903226,89.17018284106892,84.0,79.0617935074486
SHP0461,Eco,244.8,247.2,152.32,0.84,63.63636363636363,29.56989247311828,71.77684013127052,84.0,62.85693205362459
SHP0462,Eco,120.60000000000001,164.4,75.03999999999999,0.84,92.81183932346723,66.66666666666666,94.42100328176278,84.0,83.95382715388604
SHP0463,Eco,126.0,168.0,78.39999999999999,0.84,91.5433403805497,65.05376344086021,93.43647444913269,84.0,83.03657084517901
SHP0464,Eco,246.6,248.39999999999998,153.44,0.84,63.21353065539112,29.032258064516135,71.44866385372714,84.0,62.55117995072224
SHP0465,Eco,90.0,144.0,56.0,0.84,100.0,75.80645161290323,100.0,84.0,89.15161290322581
SHP0466,Eco,149.4,183.6,92.96000000000001,0.84,86.04651162790698,58.06451612903226,89.17018284106892,84.0,79.0617935074486
SHP0467,Eco,90.0,144.0,56.0,0.84,100.0,75.80645161290323,100.0,84.0,89.15161290322581
SHP0468,Eco,113.4,159.6,70.56,0.84,94.5031712473573,68.81720430107528,95.73370839193625,84.0,85.1768355654954
SHP0469,Eco,171.0,198.0,106.39999999999999,0.84,80.9725158562368,51.61290322580645,85.23206751054853,84.0,75.39276827262051
SHP0470,Eco,162.0,192.0,100.8,0.84,83.08668076109936,54.3010752688172,86.87294889826535,84.0,76.9215287871322
SHP0471,Eco,90.0,144.0,56.0,0.84,100.0,75.80645161290323,100.0,84.0,89.15161290322581
SHP0472,Eco,151.20000000000002,184.79999999999998,94.08,0.84,85.62367864693445,57.52688172043011,88.84200656352556,84.0,78.75604140454625
SHP0473,Eco,124.2,166.79999999999998,77.28,0.84,91.96617336152221,65.59139784946237,93.76465072667604,84.0,83.34232294808136
SHP0474,Eco,160.20000000000002,190.79999999999998,99.67999999999999,0.84,83.50951374207187,54.83870967741936,87.20112517580873,84.0,77.22728089003455
SHP0475,Eco,205.20000000000002,220.79999999999998,127.67999999999999,0.84,72.93868921775898,41.39784946236559,78.99671823722456,84.0,69.58347831747605
SHP0476,Eco,90.0,144.0,56.0,0.84,100.0,75.80645161290323,100.0,84.0,89.15161290322581
SHP0477,Eco,113.4,159.6,70.56,0.84,94.5031712473573,68.81720430107528,95.73370839193625,84.0,85.1768355654954
SHP0478,Eco,261.0,258.0,162.39999999999998,0.84,59.830866807610995,24.73118279569892,68.82325363338022,84.0,60.10516312750353
SHP0479,Eco,176.4,201.6,109.76,0.84,79.70401691331924,50.0,84.24753867791843,84.0,74.47551196391349
SHP0480,Eco,90.0,144.0,56.0,0.84,100.0,75.80645161290323,100.0,84.0,89.15161290322581
SHP0481,Eco,138.6,176.4,86.24,0.84,88.58350951374206,61.29032258064515,91.13924050632912,84.0,80.89630612486263
SHP0482,Eco,165.6,194.4,103.04,0.84,82.24101479915433,53.2258064516129,86.21659634317862,84.0,76.31002458132754
SHP0483,Eco,194.4,213.6,120.96,0.84,75.4756871035941,44.623655913978496,80.96577590248476,84.0,71.4179909348901
SHP0484,Eco,90.0,144.0,56.0,0.84,100.0,75.80645161290323,100.0,84.0,89.15161290322581
SHP0485,Eco,99.0,150.0,61.599999999999994,0.84,97.88583509513742,73.11827956989248,98.35911861228318,84.0,87.62285238871411
SHP0486,Eco,333.0,306.0,207.2,0.84,42.91754756871037,3.225806451612898,55.696202531645575,84.0,47.87507901140994
SHP0487,Eco,225.0,234.0,140.0,0.84,68.28752642706132,35.48387096774193,75.38677918424754,84.0,66.22020518555033
SHP0488,Eco,194.4,213.6,120.96,0.84,75.4756871035941,44.623655913978496,80.96577590248476,84.0,71.4179909348901
SHP0489,Eco,189.0,210.0,117.6,0.84,76.74418604651163,46.236559139784944,81.95030473511487,84.0,72.33524724359712
SHP0490,Eco,120.60000000000001,164.4,75.03999999999999,0.84,92.81183932346723,66.66666666666666,94.42100328176278,84.0,83.95382715388604
SHP0491,Eco,120.60000000000001,164.4,75.03999999999999,0.84,92.81183932346723,66.66666666666666,94.42100328176278,84.0,83.95382715388604
SHP0492,Eco,120.60000000000001,164.4,75.03999999999999,0.84,92.81183932346723,66.66666666666666,94.42100328176278,84.0,83.95382715388604
SHP0493,Eco,111.60000000000001,158.4,69.44,0.84,94.9260042283298,69.35483870967741,96.0618846694796,84.0,85.48258766839773
SHP0494,Eco,165.6,194.4,103.04,0.84,82.24101479915433,53.2258064516129,86.21659634317862,84.0,76.31002458132754
SHP0495,Eco,144.0,180.0,89.6,0.84,87.31501057082453,59.67741935483871,90.15471167369903,84.0,79.97904981615561
SHP0496,Eco,90.0,144.0,56.0,0.84,100.0,75.80645161290323,100.0,84.0,89.15161290322581
SHP0497,Eco,90.0,144.0,56.0,0.84,100.0,75.80645161290323,100.0,84.0,89.15161290322581
SHP0498,Eco,127.8,169.2,79.52,0.84,91.12050739957716,64.51612903225806,93.10829817158933,84.0,82.73081874227667
SHP0499,Eco,262.8,259.2,163.52,0.84,59.40803382663849,24.193548387096776,68.49507735583686,84.0,59.799411024601184
SHP0500,Eco,145.8,181.2,90.71999999999998,0.84,86.89217758985201,59.13978494623656,89.82653539615566,84.0,79.67329771325328
SHP0001,Reliable,211.2,150.1,147.84000000000003,0.97,71.52924594785061,73.07347670250897,73.08954524144397,97.0,79.86858971087868
SHP0002,Reliable,120.0,114.0,84.0,0.97,92.95278365045807,89.24731182795699,91.79559306141584,97.0,93.00914248188693
SHP0003,Reliable,285.59999999999997,179.54999999999998,199.92000000000002,0.97,54.05214940098663,59.87903225806453,57.829348335677444,97.0,69.14866508189827
SHP0004,Reliable,194.4,143.45,136.08,0.97,75.4756871035941,76.05286738351255,76.53539615564932,97.0,82.28921785290652
SHP0005,Reliable,338.4,200.45,236.88000000000002,0.97,41.64904862579282,50.5152329749104,46.99953117674636,97.0,61.54097663552507
SHP0006,Reliable,256.8,168.15,179.76000000000002,0.97,60.81747709654687,64.98655913978494,63.73652133145804,97.0,73.29831332537456
SHP0007,Reliable,235.2,159.6,164.64000000000001,0.97,65.89147286821706,68.81720430107528,68.16690107829348,97.0,76.41054950798178
SHP0008,Reliable,326.4,195.7,228.48000000000005,0.97,44.467935165609596,52.64336917562724,49.4608532583216,97.0,63.269996736973525
SHP0009,Reliable,144.0,123.5,100.80000000000001,0.97,87.31501057082453,84.9910394265233,86.87294889826535,97.0,89.55110227899003
SHP0010,Reliable,168.0,133.0,117.60000000000001,0.97,81.67723749119098,80.73476702508961,81.95030473511486,97.0,86.09306207609312
SHP0011,Reliable,120.0,114.0,84.0,0.97,92.95278365045807,89.24731182795699,91.79559306141584,97.0,93.00914248188693
SHP0012,Reliable,201.6,146.29999999999998,141.12,0.97,73.78435517970402,74.77598566308245,75.05860290670418,97.0,81.25180579203746
SHP0013,Reliable,158.4,129.2,110.88000000000001,0.97,83.9323467230444,82.43727598566308,83.91936240037506,97.0,87.47627815725188
SHP0014,Reliable,120.0,114.0,84.0,0.97,92.95278365045807,89.24731182795699,91.79559306141584,97.0,93.00914248188693
SHP0015,Reliable,276.0,175.75,193.20000000000002,0.97,56.30725863284003,61.581541218637994,59.798406000937646,97.0,70.53188116305704
SHP0016,Reliable,213.6,151.04999999999998,149.52,0.97,70.96546863988723,72.6478494623656,72.59728082512893,97.0,79.52278569058899
SHP0017,Reliable,213.6,151.04999999999998,149.52,0.97,70.96546863988723,72.6478494623656,72.59728082512893,97.0,79.52278569058899
SHP0018,Reliable,295.2,183.35,206.64000000000001,0.97,51.797040169133204,58.176523297491045,55.86029067041726,97.0,67.76544900073951
SHP0019,Reliable,120.0,114.0,84.0,0.97,92.95278365045807,89.24731182795699,91.79559306141584,97.0,93.00914248188693
SHP0020,Reliable,175.2,135.85,122.64000000000001,0.97,79.98590556730092,79.4578853046595,80.4735114861697,97.0,85.05565001522403
SHP0021,Reliable,223.2,154.85,156.24,0.97,68.71035940803382,70.94534050179212,70.62822315986872,97.0,78.13956960943023
SHP0022,Reliable,163.2,131.1,114.24000000000002,0.97,82.80479210711769,81.58602150537635,82.93483356774496,97.0,86.7846701166725
SHP0023,Reliable,264.0,171.0,184.8,0.97,59.126145172656805,63.70967741935484,62.259728082512886,97.0,72.26090126450549
SHP0024,Reliable,295.2,183.35,206.64000000000001,0.97,51.797040169133204,58.176523297491045,55.86029067041726,97.0,67.76544900073951
SHP0025,Reliable,206.4,148.2,144.48,0.97,72.65680056377731,73.9247311827957,74.07407407407408,97.0,80.56019775145806
SHP0026,Reliable,120.0,114.0,84.0,0.97,92.95278365045807,89.24731182795699,91.79559306141584,97.0,93.00914248188693
SHP0027,Reliable,252.0,166.25,176.4,0.97,61.94503171247357,65.83781362007169,64.72105016408814,97.0,73.98992136595395
SHP0028,Reliable,120.0,114.0,84.0,0.97,92.95278365045807,89.24731182795699,91.79559306141584,97.0,93.00914248188693
SHP0029,Reliable,352.8,206.14999999999998,246.96000000000004,0.97,38.26638477801269,47.96146953405019,44.04594467885607,97.0,59.46615251378693
SHP0030,Reliable,151.2,126.35,105.84000000000002,0.97,85.62367864693447,83.71415770609319,85.39615564932019,97.0,88.51369021812094
SHP0031,Reliable,158.4,129.2,110.88000000000001,0.97,83.9323467230444,82.43727598566308,83.91936240037506,97.0,87.47627815725188
SHP0032,Reliable,120.0,114.0,84.0,0.97,92.95278365045807,89.24731182795699,91.79559306141584,97.0,93.00914248188693
SHP0033,Reliable,220.79999999999998,153.9,154.56000000000003,0.97,69.27413671599719,71.37096774193547,71.12048757618378,97.0,78.48537362971992
SHP0034,Reliable,151.2,126.35,105.84000000000002,0.97,85.62367864693447,83.71415770609319,85.39615564932019,97.0,88.51369021812094
SHP0035,Reliable,204.0,147.25,142.8,0.97,73.22057787174067,74.35035842293907,74.56633849038911,97.0,80.90600177174775
SHP0036,Reliable,132.0,118.75,92.4,0.97,90.13389711064129,87.11917562724014,89.3342709798406,97.0,91.28012238043847
SHP0037,Reliable,254.39999999999998,167.2,178.08000000000004,0.97,61.38125440451023,65.41218637992831,64.22878574777307,97.0,73.64411734566424
SHP0038,Reliable,254.39999999999998,167.2,178.08000000000004,0.97,61.38125440451023,65.41218637992831,64.22878574777307,97.0,73.64411734566424
SHP0039,Reliable,271.2,173.85,189.84000000000003,0.97,57.434813248766744,62.432795698924735,60.78293483356774,97.0,71.22348920363642
SHP0040,Reliable,184.79999999999998,139.65,129.36,0.97,77.73079633544752,77.75537634408602,78.50445382090952,97.0,83.67243393406528
SHP0041,Reliable,194.4,143.45,136.08,0.97,75.4756871035941,76.05286738351255,76.53539615564932,97.0,82.28921785290652
SHP0042,Reliable,280.8,177.65,196.56000000000003,0.97,55.17970401691332,60.730286738351246,58.813877168307535,97.0,69.84027312247765
SHP0043,Reliable,168.0,133.0,117.60000000000001,0.97,81.67723749119098,80.73476702508961,81.95030473511486,97.0,86.09306207609312
SHP0044,Reliable,280.8,177.65,196.56000000000003,0.97,55.17970401691332,60.730286738351246,58.813877168307535,97.0,69.84027312247765
SHP0045,Reliable,153.6,127.3,107.52000000000001,0.97,85.0599013389711,83.28853046594982,84.90389123300514,97.0,88.16788619783125
SHP0046,Reliable,324.0,194.75,226.8,0.97,45.031712473572945,53.068996415770606,49.953117674636665,97.0,63.615800757263216
SHP0047,Reliable,252.0,166.25,176.4,0.97,61.94503171247357,65.83781362007169,64.72105016408814,97.0,73.98992136595395
SHP0048,Reliable,120.0,114.0,84.0,0.97,92.95278365045807,89.24731182795699,91.79559306141584,97.0,93.00914248188693
SHP0049,Reliable,163.2,131.1,114.24000000000002,0.97,82.80479210711769,81.58602150537635,82.93483356774496,97.0,86.7846701166725
SHP0050,Reliable,177.6,136.79999999999998,124.32000000000001,0.97,79.42212825933755,79.03225806451614,79.98124706985466,97.0,84.70984599493435
SHP0051,Reliable,187.2,140.6,131.04000000000002,0.97,77.16701902748414,77.32974910394266,78.01218940459447,97.0,83.32662991377559
SHP0052,Reliable,249.6,165.29999999999998,174.72000000000003,0.97,62.50880902043693,66.26344086021506,65.21331458040318,97.0,74.33572538624364
SHP0053,Reliable,120.0,114.0,84.0,0.97,92.95278365045807,89.24731182795699,91.79559306141584,97.0,93.00914248188693
SHP0054,Reliable,120.0,114.0,84.0,0.97,92.95278365045807,89.24731182795699,91.79559306141584,97.0,93.00914248188693
SHP0055,Reliable,244.79999999999998,163.4,171.36,0.97,63.63636363636365,67.11469534050178,66.19784341303328,97.0,75.02733342682302
SHP0056,Reliable,266.4,171.95,186.48000000000002,0.97,58.56236786469346,63.28405017921147,61.76746366619784,97.0,71.9150972442158
SHP0057,Reliable,278.4,176.7,194.88000000000002,0.97,55.74348132487669,61.155913978494624,59.306141584622594,97.0,70.18607714276735
SHP0058,Reliable,120.0,114.0,84.0,0.97,92.95278365045807,89.24731182795699,91.79559306141584,97.0,93.00914248188693
SHP0059,Reliable,132.0,118.75,92.4,0.97,90.13389711064129,87.11917562724014,89.3342709798406,97.0,91.28012238043847
SHP0060,Reliable,158.4,129.2,110.88000000000001,0.97,83.9323467230444,82.43727598566308,83.91936240037506,97.0,87.47627815725188
SHP0061,Reliable,120.0,114.0,84.0,0.97,92.95278365045807,89.24731182795699,91.79559306141584,97.0,93.00914248188693
SHP0062,Reliable,235.2,159.6,164.64000000000001,0.97,65.89147286821706,68.81720430107528,68.16690107829348,97.0,76.41054950798178
SHP0063,Reliable,177.6,136.79999999999998,124.32000000000001,0.97,79.42212825933755,79.03225806451614,79.98124706985466,97.0,84.70984599493435
SHP0064,Reliable,352.8,206.14999999999998,246.96000000000004,0.97,38.26638477801269,47.96146953405019,44.04594467885607,97.0,59.46615251378693
SHP0065,Reliable,199.2,145.35,139.44000000000003,0.97,74.34813248766737,75.20161290322581,75.55086732301922,97.0,81.59760981232714
SHP0066,Reliable,225.6,155.79999999999998,157.92000000000002,0.97,68.14658210007048,70.51971326164875,70.13595874355369,97.0,77.79376558914053
SHP0067,Reliable,192.0,142.5,134.4,0.97,76.03946441155743,76.47849462365592,77.02766057196436,97.0,82.63502187319621
SHP0068,Reliable,292.8,182.39999999999998,204.96000000000004,0.97,52.360817477096546,58.602150537634415,56.352555086732295,97.0,68.1112530210292
SHP0069,Reliable,120.0,114.0,84.0,0.97,92.95278365045807,89.24731182795699,91.79559306141584,97.0,93.00914248188693
SHP0070,Reliable,170.4,133.95,119.28000000000002,0.97,81.11346018322763,80.30913978494624,81.4580403187998,97.0,85.74725805580343
SHP0071,Reliable,189.6,141.54999999999998,132.72,0.97,76.60324171952078,76.90412186379929,77.51992498827943,97.0,82.9808258934859
SHP0072,Reliable,264.0,171.0,184.8,0.97,59.126145172656805,63.70967741935484,62.259728082512886,97.0,72.26090126450549
SHP0073,Reliable,256.8,168.15,179.76000000000002,0.97,60.81747709654687,64.98655913978494,63.73652133145804,97.0,73.29831332537456
SHP0074,Reliable,288.0,180.5,201.60000000000002,0.97,53.48837209302326,59.45340501792115,57.3370839193624,97.0,68.80286106160858
SHP0075,Reliable,189.6,141.54999999999998,132.72,0.97,76.60324171952078,76.90412186379929,77.51992498827943,97.0,82.9808258934859
SHP0076,Reliable,141.6,122.55,99.12,0.97,87.87878787878788,85.41666666666666,87.3652133145804,97.0,89.8969062992797
SHP0077,Reliable,213.6,151.04999999999998,149.52,0.97,70.96546863988723,72.6478494623656,72.59728082512893,97.0,79.52278569058899
SHP0078,Reliable,177.6,136.79999999999998,124.32000000000001,0.97,79.42212825933755,79.03225806451614,79.98124706985466,97.0,84.70984599493435
SHP0079,Reliable,276.0,175.75,193.20000000000002,0.97,56.30725863284003,61.581541218637994,59.798406000937646,97.0,70.53188116305704
SHP0080,Reliable,213.6,151.04999999999998,149.52,0.97,70.96546863988723,72.6478494623656,72.59728082512893,97.0,79.52278569058899
SHP0081,Reliable,235.2,159.6,164.64000000000001,0.97,65.89147286821706,68.81720430107528,68.16690107829348,97.0,76.41054950798178
SHP0082,Reliable,192.0,142.5,134.4,0.97,76.03946441155743,76.47849462365592,77.02766057196436,97.0,82.63502187319621
SHP0083,Reliable,218.4,152.95,152.88,0.97,69.83791402396055,71.79659498207886,71.61275199249883,97.0,78.83117765000962
SHP0084,Reliable,228.0,156.75,159.6,0.97,67.58280479210713,70.09408602150538,69.64369432723863,97.0,77.44796156885084
SHP0085,Reliable,120.0,114.0,84.0,0.97,92.95278365045807,89.24731182795699,91.79559306141584,97.0,93.00914248188693
SHP0086,Reliable,120.0,114.0,84.0,0.97,92.95278365045807,89.24731182795699,91.79559306141584,97.0,93.00914248188693
SHP0087,Reliable,254.39999999999998,167.2,178.08000000000004,0.97,61.38125440451023,65.41218637992831,64.22878574777307,97.0,73.64411734566424
SHP0088,Reliable,189.6,141.54999999999998,132.72,0.97,76.60324171952078,76.90412186379929,77.51992498827943,97.0,82.9808258934859
SHP0089,Reliable,165.6,132.04999999999998,115.92000000000002,0.97,82.24101479915433,81.16039426523298,82.44256915142991,97.0,86.43886609638281
SHP0090,Reliable,266.4,171.95,186.48000000000002,0.97,58.56236786469346,63.28405017921147,61.76746366619784,97.0,71.9150972442158
SHP0091,Reliable,120.0,114.0,84.0,0.97,92.95278365045807,89.24731182795699,91.79559306141584,97.0,93.00914248188693
SHP0092,Reliable,120.0,114.0,84.0,0.97,92.95278365045807,89.24731182795699,91.79559306141584,97.0,93.00914248188693
SHP0093,Reliable,213.6,151.04999999999998,149.52,0.97,70.96546863988723,72.6478494623656,72.59728082512893,97.0,79.52278569058899
SHP0094,Reliable,386.4,219.45,270.48,0.97,30.373502466525736,42.002688172043015,37.154242850445385,97.0,54.62489622973126
SHP0095,Reliable,343.2,202.35,240.24,0.97,40.52149400986611,49.663978494623656,46.01500234411627,97.0,60.84936859494569
SHP0096,Reliable,208.79999999999998,149.15,146.16000000000003,0.97,72.09302325581397,73.49910394265233,73.58180965775902,97.0,80.21439373116837
SHP0097,Reliable,324.0,194.75,226.8,0.97,45.031712473572945,53.068996415770606,49.953117674636665,97.0,63.615800757263216
SHP0098,Reliable,136.79999999999998,120.64999999999999,95.76,0.97,89.0063424947146,86.26792114695341,88.3497421472105,97.0,90.5885143398591
SHP0099,Reliable,225.6,155.79999999999998,157.92000000000002,0.97,68.14658210007048,70.51971326164875,70.13595874355369,97.0,77.79376558914053
SHP0100,Reliable,292.8,182.39999999999998,204.96000000000004,0.97,52.360817477096546,58.602150537634415,56.352555086732295,97.0,68.1112530210292
SHP0101,Reliable,165.6,132.04999999999998,115.92000000000002,0.97,82.24101479915433,81.16039426523298,82.44256915142991,97.0,86.43886609638281
SHP0102,Reliable,189.6,141.54999999999998,132.72,0.97,76.60324171952078,76.90412186379929,77.51992498827943,97.0,82.9808258934859
SHP0103,Reliable,175.2,135.85,122.64000000000001,0.97,79.98590556730092,79.4578853046595,80.4735114861697,97.0,85.05565001522403
SHP0104,Reliable,120.0,114.0,84.0,0.97,92.95278365045807,89.24731182795699,91.79559306141584,97.0,93.00914248188693
SHP0105,Reliable,285.59999999999997,179.54999999999998,199.92000000000002,0.97,54.05214940098663,59.87903225806453,57.829348335677444,97.0,69.14866508189827
SHP0106,Reliable,144.0,123.5,100.80000000000001,0.97,87.31501057082453,84.9910394265233,86.87294889826535,97.0,89.55110227899003
SHP0107,Reliable,199.2,145.35,139.44000000000003,0.97,74.34813248766737,75.20161290322581,75.55086732301922,97.0,81.59760981232714
SHP0108,Reliable,230.39999999999998,157.7,161.28000000000003,0.97,67.01902748414376,69.668458781362,69.15142991092358,97.0,77.10215754856115
SHP0109,Reliable,192.0,142.5,134.4,0.97,76.03946441155743,76.47849462365592,77.02766057196436,97.0,82.63502187319621
SHP0110,Reliable,271.2,173.85,189.84000000000003,0.97,57.434813248766744,62.432795698924735,60.78293483356774,97.0,71.22348920363642
SHP0111,Reliable,254.39999999999998,167.2,178.08000000000004,0.97,61.38125440451023,65.41218637992831,64.22878574777307,97.0,73.64411734566424
SHP0112,Reliable,120.0,114.0,84.0,0.97,92.95278365045807,89.24731182795699,91.79559306141584,97.0,93.00914248188693
SHP0113,Reliable,189.6,141.54999999999998,132.72,0.97,76.60324171952078,76.90412186379929,77.51992498827943,97.0,82.9808258934859
SHP0114,Reliable,230.39999999999998,157.7,161.28000000000003,0.97,67.01902748414376,69.668458781362,69.15142991092358,97.0,77.10215754856115
SHP0115,Reliable,235.2,159.6,164.64000000000001,0.97,65.89147286821706,68.81720430107528,68.16690107829348,97.0,76.41054950798178
SHP0116,Reliable,285.59999999999997,179.54999999999998,199.92000000000002,0.97,54.05214940098663,59.87903225806453,57.829348335677444,97.0,69.14866508189827
SHP0117,Reliable,304.8,187.14999999999998,213.36,0.97,49.54193093727978,56.47401433691756,53.891233005157055,97.0,66.38223291958074
SHP0118,Reliable,144.0,123.5,100.80000000000001,0.97,87.31501057082453,84.9910394265233,86.87294889826535,97.0,89.55110227899003
SHP0119,Reliable,194.4,143.45,136.08,0.97,75.4756871035941,76.05286738351255,76.53539615564932,97.0,82.28921785290652
SHP0120,Reliable,321.59999999999997,193.79999999999998,225.12,0.97,45.59548978153631,53.49462365591398,50.44538209095172,97.0,63.96160477755292
SHP0121,Reliable,120.0,114.0,84.0,0.97,92.95278365045807,89.24731182795699,91.79559306141584,97.0,93.00914248188693
SHP0122,Reliable,252.0,166.25,176.4,0.97,61.94503171247357,65.83781362007169,64.72105016408814,97.0,73.98992136595395
SHP0123,Reliable,158.4,129.2,110.88000000000001,0.97,83.9323467230444,82.43727598566308,83.91936240037506,97.0,87.47627815725188
SHP0124,Reliable,120.0,114.0,84.0,0.97,92.95278365045807,89.24731182795699,91.79559306141584,97.0,93.00914248188693
SHP0125,Reliable,283.2,178.6,198.24,0.97,54.61592670894997,60.30465949820789,58.321612751992504,97.0,69.49446910218796
SHP0126,Reliable,252.0,166.25,176.4,0.97,61.94503171247357,65.83781362007169,64.72105016408814,97.0,73.98992136595395
SHP0127,Reliable,249.6,165.29999999999998,174.72000000000003,0.97,62.50880902043693,66.26344086021506,65.21331458040318,97.0,74.33572538624364
SHP0128,Reliable,120.0,114.0,84.0,0.97,92.95278365045807,89.24731182795699,91.79559306141584,97.0,93.00914248188693
SHP0129,Reliable,256.8,168.15,179.76000000000002,0.97,60.81747709654687,64.98655913978494,63.73652133145804,97.0,73.29831332537456
SHP0130,Reliable,271.2,173.85,189.84000000000003,0.97,57.434813248766744,62.432795698924735,60.78293483356774,97.0,71.22348920363642
SHP0131,Reliable,249.6,165.29999999999998,174.72000000000003,0.97,62.50880902043693,66.26344086021506,65.21331458040318,97.0,74.33572538624364
SHP0132,Reliable,132.0,118.75,92.4,0.97,90.13389711064129,87.11917562724014,89.3342709798406,97.0,91.28012238043847
SHP0133,Reliable,134.4,119.69999999999999,94.08000000000001,0.97,89.57011980267795,86.69354838709677,88.84200656352556,97.0,90.93431836014878
SHP0134,Reliable,177.6,136.79999999999998,124.32000000000001,0.97,79.42212825933755,79.03225806451614,79.98124706985466,97.0,84.70984599493435
SHP0135,Reliable,232.79999999999998,158.65,162.96000000000004,0.97,66.45525017618043,69.24283154121864,68.65916549460852,97.0,76.75635352827148
SHP0136,Reliable,134.4,119.69999999999999,94.08000000000001,0.97,89.57011980267795,86.69354838709677,88.84200656352556,97.0,90.93431836014878
SHP0137,Reliable,228.0,156.75,159.6,0.97,67.58280479210713,70.09408602150538,69.64369432723863,97.0,77.44796156885084
SHP0138,Reliable,240.0,161.5,168.0,0.97,64.76391825229035,67.96594982078852,67.18237224566339,97.0,75.71894146740239
SHP0139,Reliable,168.0,133.0,117.60000000000001,0.97,81.67723749119098,80.73476702508961,81.95030473511486,97.0,86.09306207609312
SHP0140,Reliable,393.59999999999997,222.29999999999998,275.52000000000004,0.97,28.682170542635678,40.725806451612904,35.67744960150023,97.0,53.58748416886219
SHP0141,Reliable,247.2,164.35,173.04000000000002,0.97,63.07258632840029,66.68906810035843,65.70557899671824,97.0,74.68152940653333
SHP0142,Reliable,196.79999999999998,144.4,137.76000000000002,0.97,74.91190979563073,75.62724014336916,76.04313173933426,97.0,81.94341383261683
SHP0143,Reliable,249.6,165.29999999999998,174.72000000000003,0.97,62.50880902043693,66.26344086021506,65.21331458040318,97.0,74.33572538624364
SHP0144,Reliable,172.79999999999998,134.9,120.96000000000001,0.97,80.54968287526428,79.88351254480285,80.96577590248476,97.0,85.40145403551374
SHP0145,Reliable,271.2,173.85,189.84000000000003,0.97,57.434813248766744,62.432795698924735,60.78293483356774,97.0,71.22348920363642
SHP0146,Reliable,326.4,195.7,228.48000000000005,0.97,44.467935165609596,52.64336917562724,49.4608532583216,97.0,63.269996736973525
SHP0147,Reliable,120.0,114.0,84.0,0.97,92.95278365045807,89.24731182795699,91.79559306141584,97.0,93.00914248188693
SHP0148,Reliable,165.6,132.04999999999998,115.92000000000002,0.97,82.24101479915433,81.16039426523298,82.44256915142991,97.0,86.43886609638281
SHP0149,Reliable,280.8,177.65,196.56000000000003,0.97,55.17970401691332,60.730286738351246,58.813877168307535,97.0,69.84027312247765
SHP0150,Reliable,170.4,133.95,119.28000000000002,0.97,81.11346018322763,80.30913978494624,81.4580403187998,97.0,85.74725805580343
SHP0151,Reliable,254.39999999999998,167.2,178.08000000000004,0.97,61.38125440451023,65.41218637992831,64.22878574777307,97.0,73.64411734566424
SHP0152,Reliable,345.59999999999997,203.29999999999998,241.92000000000002,0.97,39.95771670190276,49.23835125448029,45.522737927801224,97.0,60.50356457465601
SHP0153,Reliable,331.2,197.6,231.84000000000003,0.97,43.340380549682884,51.792114695340494,48.47632442569151,97.0,62.57838869639414
SHP0154,Reliable,216.0,152.0,151.20000000000002,0.97,70.40169133192389,72.22222222222221,72.10501640881387,97.0,79.1769816702993
SHP0155,Reliable,276.0,175.75,193.20000000000002,0.97,56.30725863284003,61.581541218637994,59.798406000937646,97.0,70.53188116305704
SHP0156,Reliable,247.2,164.35,173.04000000000002,0.97,63.07258632840029,66.68906810035843,65.70557899671824,97.0,74.68152940653333
SHP0157,Reliable,120.0,114.0,84.0,0.97,92.95278365045807,89.24731182795699,91.79559306141584,97.0,93.00914248188693
SHP0158,Reliable,268.8,172.9,188.16000000000003,0.97,57.99859055673009,62.85842293906809,61.275199249882796,97.0,71.56929322392611
SHP0159,Reliable,285.59999999999997,179.54999999999998,199.92000000000002,0.97,54.05214940098663,59.87903225806453,57.829348335677444,97.0,69.14866508189827
SHP0160,Reliable,297.59999999999997,184.29999999999998,208.32000000000002,0.97,51.23326286116985,57.75089605734768,55.3680262541022,97.0,67.41964498044982
SHP0161,Reliable,208.79999999999998,149.15,146.16000000000003,0.97,72.09302325581397,73.49910394265233,73.58180965775902,97.0,80.21439373116837
SHP0162,Reliable,211.2,150.1,147.84000000000003,0.97,71.52924594785061,73.07347670250897,73.08954524144397,97.0,79.86858971087868
SHP0163,Reliable,211.2,150.1,147.84000000000003,0.97,71.52924594785061,73.07347670250897,73.08954524144397,97.0,79.86858971087868
SHP0164,Reliable,206.4,148.2,144.48,0.97,72.65680056377731,73.9247311827957,74.07407407407408,97.0,80.56019775145806
SHP0165,Reliable,204.0,147.25,142.8,0.97,73.22057787174067,74.35035842293907,74.56633849038911,97.0,80.90600177174775
SHP0166,Reliable,120.0,114.0,84.0,0.97,92.95278365045807,89.24731182795699,91.79559306141584,97.0,93.00914248188693
SHP0167,Reliable,160.79999999999998,130.15,112.56,0.97,83.36856941508105,82.01164874551971,83.42709798406001,97.0,87.13047413696219
SHP0168,Reliable,357.59999999999997,208.04999999999998,250.32000000000002,0.97,37.13883016208599,47.11021505376344,43.06141584622597,97.0,58.774544473207555
SHP0169,Reliable,120.0,114.0,84.0,0.97,92.95278365045807,89.24731182795699,91.79559306141584,97.0,93.00914248188693
SHP0170,Reliable,223.2,154.85,156.24,0.97,68.71035940803382,70.94534050179212,70.62822315986872,97.0,78.13956960943023
SHP0171,Reliable,213.6,151.04999999999998,149.52,0.97,70.96546863988723,72.6478494623656,72.59728082512893,97.0,79.52278569058899
SHP0172,Reliable,223.2,154.85,156.24,0.97,68.71035940803382,70.94534050179212,70.62822315986872,97.0,78.13956960943023
SHP0173,Reliable,295.2,183.35,206.64000000000001,0.97,51.797040169133204,58.176523297491045,55.86029067041726,97.0,67.76544900073951
SHP0174,Reliable,120.0,114.0,84.0,0.97,92.95278365045807,89.24731182795699,91.79559306141584,97.0,93.00914248188693
SHP0175,Reliable,247.2,164.35,173.04000000000002,0.97,63.07258632840029,66.68906810035843,65.70557899671824,97.0,74.68152940653333
SHP0176,Reliable,189.6,141.54999999999998,132.72,0.97,76.60324171952078,76.90412186379929,77.51992498827943,97.0,82.9808258934859
SHP0177,Reliable,208.79999999999998,149.15,146.16000000000003,0.97,72.09302325581397,73.49910394265233,73.58180965775902,97.0,80.21439373116837
SHP0178,Reliable,139.2,121.6,97.44000000000001,0.97,88.44256518675124,85.84229390681004,87.85747773089545,97.0,90.24271031956941
SHP0179,Reliable,180.0,137.75,126.0,0.97,78.8583509513742,78.60663082437276,79.48898265353962,97.0,84.36404197464466
SHP0180,Reliable,309.59999999999997,189.04999999999998,216.72000000000003,0.97,48.41437632135308,55.622759856630836,52.90670417252695,97.0,65.69062487900136
SHP0181,Reliable,252.0,166.25,176.4,0.97,61.94503171247357,65.83781362007169,64.72105016408814,97.0,73.98992136595395
SHP0182,Reliable,120.0,114.0,84.0,0.97,92.95278365045807,89.24731182795699,91.79559306141584,97.0,93.00914248188693
SHP0183,Reliable,120.0,114.0,84.0,0.97,92.95278365045807,89.24731182795699,91.79559306141584,97.0,93.00914248188693
SHP0184,Reliable,163.2,131.1,114.24000000000002,0.97,82.80479210711769,81.58602150537635,82.93483356774496,97.0,86.7846701166725
SHP0185,Reliable,172.79999999999998,134.9,120.96000000000001,0.97,80.54968287526428,79.88351254480285,80.96577590248476,97.0,85.40145403551374
SHP0186,Reliable,326.4,195.7,228.48000000000005,0.97,44.467935165609596,52.64336917562724,49.4608532583216,97.0,63.269996736973525
SHP0187,Reliable,264.0,171.0,184.8,0.97,59.126145172656805,63.70967741935484,62.259728082512886,97.0,72.26090126450549
SHP0188,Reliable,261.59999999999997,170.04999999999998,183.12,0.97,59.68992248062017,64.13530465949822,62.751992498827946,97.0,72.60670528479518
SHP0189,Reliable,352.8,206.14999999999998,246.96000000000004,0.97,38.26638477801269,47.96146953405019,44.04594467885607,97.0,59.46615251378693
SHP0190,Reliable,266.4,171.95,186.48000000000002,0.97,58.56236786469346,63.28405017921147,61.76746366619784,97.0,71.9150972442158
SHP0191,Reliable,158.4,129.2,110.88000000000001,0.97,83.9323467230444,82.43727598566308,83.91936240037506,97.0,87.47627815725188
SHP0192,Reliable,168.0,133.0,117.60000000000001,0.97,81.67723749119098,80.73476702508961,81.95030473511486,97.0,86.09306207609312
SHP0193,Reliable,172.79999999999998,134.9,120.96000000000001,0.97,80.54968287526428,79.88351254480285,80.96577590248476,97.0,85.40145403551374
SHP0194,Reliable,120.0,114.0,84.0,0.97,92.95278365045807,89.24731182795699,91.79559306141584,97.0,93.00914248188693
SHP0195,Reliable,201.6,146.29999999999998,141.12,0.97,73.78435517970402,74.77598566308245,75.05860290670418,97.0,81.25180579203746
SHP0196,Reliable,168.0,133.0,117.60000000000001,0.97,81.67723749119098,80.73476702508961,81.95030473511486,97.0,86.09306207609312
SHP0197,Reliable,283.2,178.6,198.24,0.97,54.61592670894997,60.30465949820789,58.321612751992504,97.0,69.49446910218796
SHP0198,Reliable,211.2,150.1,147.84000000000003,0.97,71.52924594785061,73.07347670250897,73.08954524144397,97.0,79.86858971087868
SHP0199,Reliable,120.0,114.0,84.0,0.97,92.95278365045807,89.24731182795699,91.79559306141584,97.0,93.00914248188693
SHP0200,Reliable,120.0,114.0,84.0,0.97,92.95278365045807,89.24731182795699,91.79559306141584,97.0,93.00914248188693
SHP0201,Reliable,120.0,114.0,84.0,0.97,92.95278365045807,89.24731182795699,91.79559306141584,97.0,93.00914248188693
SHP0202,Reliable,292.8,182.39999999999998,204.96000000000004,0.97,52.360817477096546,58.602150537634415,56.352555086732295,97.0,68.1112530210292
SHP0203,Reliable,235.2,159.6,164.64000000000001,0.97,65.89147286821706,68.81720430107528,68.16690107829348,97.0,76.41054950798178
SHP0204,Reliable,163.2,131.1,114.24000000000002,0.97,82.80479210711769,81.58602150537635,82.93483356774496,97.0,86.7846701166725
SHP0205,Reliable,182.4,138.7,127.68000000000002,0.97,78.29457364341086,78.18100358422939,78.99671823722456,97.0,84.01823795435497
SHP0206,Reliable,453.59999999999997,246.04999999999998,317.52000000000004,0.97,14.587737843551816,30.085125448028677,23.370839193624,97.0,44.94238366161992
SHP0207,Reliable,196.79999999999998,144.4,137.76000000000002,0.97,74.91190979563073,75.62724014336916,76.04313173933426,97.0,81.94341383261683
SHP0208,Reliable,336.0,199.5,235.20000000000002,0.97,42.21282593375617,50.94086021505376,47.49179559306141,97.0,61.88678065581476
SHP0209,Reliable,237.6,160.54999999999998,166.32000000000002,0.97,65.3276955602537,68.39157706093191,67.67463666197843,97.0,76.06474548769208
SHP0210,Reliable,184.79999999999998,139.65,129.36,0.97,77.73079633544752,77.75537634408602,78.50445382090952,97.0,83.67243393406528
SHP0211,Reliable,297.59999999999997,184.29999999999998,208.32000000000002,0.97,51.23326286116985,57.75089605734768,55.3680262541022,97.0,67.41964498044982
SHP0212,Reliable,256.8,168.15,179.76000000000002,0.97,60.81747709654687,64.98655913978494,63.73652133145804,97.0,73.29831332537456
SHP0213,Reliable,204.0,147.25,142.8,0.97,73.22057787174067,74.35035842293907,74.56633849038911,97.0,80.90600177174775
SHP0214,Reliable,120.0,114.0,84.0,0.97,92.95278365045807,89.24731182795699,91.79559306141584,97.0,93.00914248188693
SHP0215,Reliable,218.4,152.95,152.88,0.97,69.83791402396055,71.79659498207886,71.61275199249883,97.0,78.83117765000962
SHP0216,Reliable,240.0,161.5,168.0,0.97,64.76391825229035,67.96594982078852,67.18237224566339,97.0,75.71894146740239
SHP0217,Reliable,189.6,141.54999999999998,132.72,0.97,76.60324171952078,76.90412186379929,77.51992498827943,97.0,82.9808258934859
SHP0218,Reliable,146.4,124.44999999999999,102.48000000000002,0.97,86.75123326286118,84.56541218637993,86.3806844819503,97.0,89.20529825870032
SHP0219,Reliable,345.59999999999997,203.29999999999998,241.92000000000002,0.97,39.95771670190276,49.23835125448029,45.522737927801224,97.0,60.50356457465601
SHP0220,Reliable,268.8,172.9,188.16000000000003,0.97,57.99859055673009,62.85842293906809,61.275199249882796,97.0,71.56929322392611
SHP0221,Reliable,321.59999999999997,193.79999999999998,225.12,0.97,45.59548978153631,53.49462365591398,50.44538209095172,97.0,63.96160477755292
SHP0222,Reliable,120.0,114.0,84.0,0.97,92.95278365045807,89.24731182795699,91.79559306141584,97.0,93.00914248188693
SHP0223,Reliable,120.0,114.0,84.0,0.97,92.95278365045807,89.24731182795699,91.79559306141584,97.0,93.00914248188693
SHP0224,Reliable,153.6,127.3,107.52000000000001,0.97,85.0599013389711,83.28853046594982,84.90389123300514,97.0,88.16788619783125
SHP0225,Reliable,240.0,161.5,168.0,0.97,64.76391825229035,67.96594982078852,67.18237224566339,97.0,75.71894146740239
SHP0226,Reliable,194.4,143.45,136.08,0.97,75.4756871035941,76.05286738351255,76.53539615564932,97.0,82.28921785290652
SHP0227,Reliable,158.4,129.2,110.88000000000001,0.97,83.9323467230444,82.43727598566308,83.91936240037506,97.0,87.47627815725188
SHP0228,Reliable,196.79999999999998,144.4,137.76000000000002,0.97,74.91190979563073,75.62724014336916,76.04313173933426,97.0,81.94341383261683
SHP0229,Reliable,211.2,150.1,147.84000000000003,0.97,71.52924594785061,73.07347670250897,73.08954524144397,97.0,79.86858971087868
SHP0230,Reliable,163.2,131.1,114.24000000000002,0.97,82.80479210711769,81.58602150537635,82.93483356774496,97.0,86.7846701166725
SHP0231,Reliable,240.0,161.5,168.0,0.97,64.76391825229035,67.96594982078852,67.18237224566339,97.0,75.71894146740239
SHP0232,Reliable,148.79999999999998,125.39999999999999,104.16000000000001,0.97,86.18745595489783,84.13978494623657,85.88842006563524,97.0,88.85949423841065
SHP0233,Reliable,158.4,129.2,110.88000000000001,0.97,83.9323467230444,82.43727598566308,83.91936240037506,97.0,87.47627815725188
SHP0234,Reliable,158.4,129.2,110.88000000000001,0.97,83.9323467230444,82.43727598566308,83.91936240037506,97.0,87.47627815725188
SHP0235,Reliable,232.79999999999998,158.65,162.96000000000004,0.97,66.45525017618043,69.24283154121864,68.65916549460852,97.0,76.75635352827148
SHP0236,Reliable,201.6,146.29999999999998,141.12,0.97,73.78435517970402,74.77598566308245,75.05860290670418,97.0,81.25180579203746
SHP0237,Reliable,180.0,137.75,126.0,0.97,78.8583509513742,78.60663082437276,79.48898265353962,97.0,84.36404197464466
SHP0238,Reliable,120.0,114.0,84.0,0.97,92.95278365045807,89.24731182795699,91.79559306141584,97.0,93.00914248188693
SHP0239,Reliable,201.6,146.29999999999998,141.12,0.97,73.78435517970402,74.77598566308245,75.05860290670418,97.0,81.25180579203746
SHP0240,Reliable,225.6,155.79999999999998,157.92000000000002,0.97,68.14658210007048,70.51971326164875,70.13595874355369,97.0,77.79376558914053
SHP0241,Reliable,235.2,159.6,164.64000000000001,0.97,65.89147286821706,68.81720430107528,68.16690107829348,97.0,76.41054950798178
SHP0242,Reliable,158.4,129.2,110.88000000000001,0.97,83.9323467230444,82.43727598566308,83.91936240037506,97.0,87.47627815725188
SHP0243,Reliable,206.4,148.2,144.48,0.97,72.65680056377731,73.9247311827957,74.07407407407408,97.0,80.56019775145806
SHP0244,Reliable,292.8,182.39999999999998,204.96000000000004,0.97,52.360817477096546,58.602150537634415,56.352555086732295,97.0,68.1112530210292
SHP0245,Reliable,254.39999999999998,167.2,178.08000000000004,0.97,61.38125440451023,65.41218637992831,64.22878574777307,97.0,73.64411734566424
SHP0246,Reliable,252.0,166.25,176.4,0.97,61.94503171247357,65.83781362007169,64.72105016408814,97.0,73.98992136595395
SHP0247,Reliable,242.39999999999998,162.45,169.68000000000004,0.97,64.200140944327,67.54032258064517,66.69010782934834,97.0,75.37313744711271
SHP0248,Reliable,180.0,137.75,126.0,0.97,78.8583509513742,78.60663082437276,79.48898265353962,97.0,84.36404197464466
SHP0249,Reliable,328.8,196.64999999999998,230.16000000000003,0.97,43.90415785764623,52.21774193548387,48.96858884200656,97.0,62.924192716683834
SHP0250,Reliable,189.6,141.54999999999998,132.72,0.97,76.60324171952078,76.90412186379929,77.51992498827943,97.0,82.9808258934859
SHP0251,Reliable,156.0,128.25,109.2,0.97,84.49612403100775,82.86290322580645,84.41162681669012,97.0,87.82208217754157
SHP0252,Reliable,180.0,137.75,126.0,0.97,78.8583509513742,78.60663082437276,79.48898265353962,97.0,84.36404197464466
SHP0253,Reliable,249.6,165.29999999999998,174.72000000000003,0.97,62.50880902043693,66.26344086021506,65.21331458040318,97.0,74.33572538624364
SHP0254,Reliable,266.4,171.95,186.48000000000002,0.97,58.56236786469346,63.28405017921147,61.76746366619784,97.0,71.9150972442158
SHP0255,Reliable,244.79999999999998,163.4,171.36,0.97,63.63636363636365,67.11469534050178,66.19784341303328,97.0,75.02733342682302
SHP0256,Reliable,314.4,190.95,220.08000000000004,0.97,47.28682170542637,54.77150537634409,51.922175339896846,97.0,64.99901683842198
SHP0257,Reliable,266.4,171.95,186.48000000000002,0.97,58.56236786469346,63.28405017921147,61.76746366619784,97.0,71.9150972442158
SHP0258,Reliable,268.8,172.9,188.16000000000003,0.97,57.99859055673009,62.85842293906809,61.275199249882796,97.0,71.56929322392611
SHP0259,Reliable,182.4,138.7,127.68000000000002,0.97,78.29457364341086,78.18100358422939,78.99671823722456,97.0,84.01823795435497
SHP0260,Reliable,244.79999999999998,163.4,171.36,0.97,63.63636363636365,67.11469534050178,66.19784341303328,97.0,75.02733342682302
SHP0261,Reliable,220.79999999999998,153.9,154.56000000000003,0.97,69.27413671599719,71.37096774193547,71.12048757618378,97.0,78.48537362971992
SHP0262,Reliable,187.2,140.6,131.04000000000002,0.97,77.16701902748414,77.32974910394266,78.01218940459447,97.0,83.32662991377559
SHP0263,Reliable,259.2,169.1,181.44000000000003,0.97,60.25369978858352,64.56093189964159,63.244256915142984,97.0,72.95250930508487
SHP0264,Reliable,139.2,121.6,97.44000000000001,0.97,88.44256518675124,85.84229390681004,87.85747773089545,97.0,90.24271031956941
SHP0265,Reliable,120.0,114.0,84.0,0.97,92.95278365045807,89.24731182795699,91.79559306141584,97.0,93.00914248188693
SHP0266,Reliable,206.4,148.2,144.48,0.97,72.65680056377731,73.9247311827957,74.07407407407408,97.0,80.56019775145806
SHP0267,Reliable,187.2,140.6,131.04000000000002,0.97,77.16701902748414,77.32974910394266,78.01218940459447,97.0,83.32662991377559
SHP0268,Reliable,158.4,129.2,110.88000000000001,0.97,83.9323467230444,82.43727598566308,83.91936240037506,97.0,87.47627815725188
SHP0269,Reliable,160.79999999999998,130.15,112.56,0.97,83.36856941508105,82.01164874551971,83.42709798406001,97.0,87.13047413696219
SHP0270,Reliable,254.39999999999998,167.2,178.08000000000004,0.97,61.38125440451023,65.41218637992831,64.22878574777307,97.0,73.64411734566424
SHP0271,Reliable,228.0,156.75,159.6,0.97,67.58280479210713,70.09408602150538,69.64369432723863,97.0,77.44796156885084
SHP0272,Reliable,158.4,129.2,110.88000000000001,0.97,83.9323467230444,82.43727598566308,83.91936240037506,97.0,87.47627815725188
SHP0273,Reliable,120.0,114.0,84.0,0.97,92.95278365045807,89.24731182795699,91.79559306141584,97.0,93.00914248188693
SHP0274,Reliable,254.39999999999998,167.2,178.08000000000004,0.97,61.38125440451023,65.41218637992831,64.22878574777307,97.0,73.64411734566424
SHP0275,Reliable,158.4,129.2,110.88000000000001,0.97,83.9323467230444,82.43727598566308,83.91936240037506,97.0,87.47627815725188
SHP0276,Reliable,158.4,129.2,110.88000000000001,0.97,83.9323467230444,82.43727598566308,83.91936240037506,97.0,87.47627815725188
SHP0277,Reliable,196.79999999999998,144.4,137.76000000000002,0.97,74.91190979563073,75.62724014336916,76.04313173933426,97.0,81.94341383261683
SHP0278,Reliable,120.0,114.0,84.0,0.97,92.95278365045807,89.24731182795699,91.79559306141584,97.0,93.00914248188693
SHP0279,Reliable,172.79999999999998,134.9,120.96000000000001,0.97,80.54968287526428,79.88351254480285,80.96577590248476,97.0,85.40145403551374
SHP0280,Reliable,172.79999999999998,134.9,120.96000000000001,0.97,80.54968287526428,79.88351254480285,80.96577590248476,97.0,85.40145403551374
SHP0281,Reliable,134.4,119.69999999999999,94.08000000000001,0.97,89.57011980267795,86.69354838709677,88.84200656352556,97.0,90.93431836014878
SHP0282,Reliable,160.79999999999998,130.15,112.56,0.97,83.36856941508105,82.01164874551971,83.42709798406001,97.0,87.13047413696219
SHP0283,Reliable,146.4,124.44999999999999,102.48000000000002,0.97,86.75123326286118,84.56541218637993,86.3806844819503,97.0,89.20529825870032
SHP0284,Reliable,259.2,169.1,181.44000000000003,0.97,60.25369978858352,64.56093189964159,63.244256915142984,97.0,72.95250930508487
SHP0285,Reliable,268.8,172.9,188.16000000000003,0.97,57.99859055673009,62.85842293906809,61.275199249882796,97.0,71.56929322392611
SHP0286,Reliable,182.4,138.7,127.68000000000002,0.97,78.29457364341086,78.18100358422939,78.99671823722456,97.0,84.01823795435497
SHP0287,Reliable,120.0,114.0,84.0,0.97,92.95278365045807,89.24731182795699,91.79559306141584,97.0,93.00914248188693
SHP0288,Reliable,240.0,161.5,168.0,0.97,64.76391825229035,67.96594982078852,67.18237224566339,97.0,75.71894146740239
SHP0289,Reliable,184.79999999999998,139.65,129.36,0.97,77.73079633544752,77.75537634408602,78.50445382090952,97.0,83.67243393406528
SHP0290,Reliable,304.8,187.14999999999998,213.36,0.97,49.54193093727978,56.47401433691756,53.891233005157055,97.0,66.38223291958074
SHP0291,Reliable,225.6,155.79999999999998,157.92000000000002,0.97,68.14658210007048,70.51971326164875,70.13595874355369,97.0,77.79376558914053
SHP0292,Reliable,280.8,177.65,196.56000000000003,0.97,55.17970401691332,60.730286738351246,58.813877168307535,97.0,69.84027312247765
SHP0293,Reliable,156.0,128.25,109.2,0.97,84.49612403100775,82.86290322580645,84.41162681669012,97.0,87.82208217754157
SHP0294,Reliable,388.8,220.39999999999998,272.16,0.97,29.809725158562372,41.57706093189965,36.66197843413033,97.0,54.27909220944157
SHP0295,Reliable,120.0,114.0,84.0,0.97,92.95278365045807,89.24731182795699,91.79559306141584,97.0,93.00914248188693
SHP0296,Reliable,120.0,114.0,84.0,0.97,92.95278365045807,89.24731182795699,91.79559306141584,97.0,93.00914248188693
SHP0297,Reliable,254.39999999999998,167.2,178.08000000000004,0.97,61.38125440451023,65.41218637992831,64.22878574777307,97.0,73.64411734566424
SHP0298,Reliable,151.2,126.35,105.84000000000002,0.97,85.62367864693447,83.71415770609319,85.39615564932019,97.0,88.51369021812094
SHP0299,Reliable,249.6,165.29999999999998,174.72000000000003,0.97,62.50880902043693,66.26344086021506,65.21331458040318,97.0,74.33572538624364
SHP0300,Reliable,120.0,114.0,84.0,0.97,92.95278365045807,89.24731182795699,91.79559306141584,97.0,93.00914248188693
SHP0301,Reliable,211.2,150.1,147.84000000000003,0.97,71.52924594785061,73.07347670250897,73.08954524144397,97.0,79.86858971087868
SHP0302,Reliable,204.0,147.25,142.8,0.97,73.22057787174067,74.35035842293907,74.56633849038911,97.0,80.90600177174775
SHP0303,Reliable,132.0,118.75,92.4,0.97,90.13389711064129,87.11917562724014,89.3342709798406,97.0,91.28012238043847
SHP0304,Reliable,307.2,188.1,215.04000000000002,0.97,48.97815362931643,56.0483870967742,53.398968588842,97.0,66.03642889929105
SHP0305,Reliable,194.4,143.45,136.08,0.97,75.4756871035941,76.05286738351255,76.53539615564932,97.0,82.28921785290652
SHP0306,Reliable,297.59999999999997,184.29999999999998,208.32000000000002,0.97,51.23326286116985,57.75089605734768,55.3680262541022,97.0,67.41964498044982
SHP0307,Reliable,213.6,151.04999999999998,149.52,0.97,70.96546863988723,72.6478494623656,72.59728082512893,97.0,79.52278569058899
SHP0308,Reliable,336.0,199.5,235.20000000000002,0.97,42.21282593375617,50.94086021505376,47.49179559306141,97.0,61.88678065581476
SHP0309,Reliable,256.8,168.15,179.76000000000002,0.97,60.81747709654687,64.98655913978494,63.73652133145804,97.0,73.29831332537456
SHP0310,Reliable,151.2,126.35,105.84000000000002,0.97,85.62367864693447,83.71415770609319,85.39615564932019,97.0,88.51369021812094
SHP0311,Reliable,120.0,114.0,84.0,0.97,92.95278365045807,89.24731182795699,91.79559306141584,97.0,93.00914248188693
SHP0312,Reliable,165.6,132.04999999999998,115.92000000000002,0.97,82.24101479915433,81.16039426523298,82.44256915142991,97.0,86.43886609638281
SHP0313,Reliable,249.6,165.29999999999998,174.72000000000003,0.97,62.50880902043693,66.26344086021506,65.21331458040318,97.0,74.33572538624364
SHP0314,Reliable,225.6,155.79999999999998,157.92000000000002,0.97,68.14658210007048,70.51971326164875,70.13595874355369,97.0,77.79376558914053
SHP0315,Reliable,120.0,114.0,84.0,0.97,92.95278365045807,89.24731182795699,91.79559306141584,97.0,93.00914248188693
SHP0316,Reliable,194.4,143.45,136.08,0.97,75.4756871035941,76.05286738351255,76.53539615564932,97.0,82.28921785290652
SHP0317,Reliable,307.2,188.1,215.04000000000002,0.97,48.97815362931643,56.0483870967742,53.398968588842,97.0,66.03642889929105
SHP0318,Reliable,230.39999999999998,157.7,161.28000000000003,0.97,67.01902748414376,69.668458781362,69.15142991092358,97.0,77.10215754856115
SHP0319,Reliable,120.0,114.0,84.0,0.97,92.95278365045807,89.24731182795699,91.79559306141584,97.0,93.00914248188693
SHP0320,Reliable,146.4,124.44999999999999,102.48000000000002,0.97,86.75123326286118,84.56541218637993,86.3806844819503,97.0,89.20529825870032
SHP0321,Reliable,120.0,114.0,84.0,0.97,92.95278365045807,89.24731182795699,91.79559306141584,97.0,93.00914248188693
SHP0322,Reliable,153.6,127.3,107.52000000000001,0.97,85.0599013389711,83.28853046594982,84.90389123300514,97.0,88.16788619783125
SHP0323,Reliable,199.2,145.35,139.44000000000003,0.97,74.34813248766737,75.20161290322581,75.55086732301922,97.0,81.59760981232714
SHP0324,Reliable,120.0,114.0,84.0,0.97,92.95278365045807,89.24731182795699,91.79559306141584,97.0,93.00914248188693
SHP0325,Reliable,120.0,114.0,84.0,0.97,92.95278365045807,89.24731182795699,91.79559306141584,97.0,93.00914248188693
SHP0326,Reliable,213.6,151.04999999999998,149.52,0.97,70.96546863988723,72.6478494623656,72.59728082512893,97.0,79.52278569058899
SHP0327,Reliable,304.8,187.14999999999998,213.36,0.97,49.54193093727978,56.47401433691756,53.891233005157055,97.0,66.38223291958074
SHP0328,Reliable,194.4,143.45,136.08,0.97,75.4756871035941,76.05286738351255,76.53539615564932,97.0,82.28921785290652
SHP0329,Reliable,196.79999999999998,144.4,137.76000000000002,0.97,74.91190979563073,75.62724014336916,76.04313173933426,97.0,81.94341383261683
SHP0330,Reliable,206.4,148.2,144.48,0.97,72.65680056377731,73.9247311827957,74.07407407407408,97.0,80.56019775145806
SHP0331,Reliable,355.2,207.1,248.64000000000001,0.97,37.70260747004934,47.53584229390681,43.55368026254102,97.0,59.12034849349723
SHP0332,Reliable,259.2,169.1,181.44000000000003,0.97,60.25369978858352,64.56093189964159,63.244256915142984,97.0,72.95250930508487
SHP0333,Reliable,223.2,154.85,156.24,0.97,68.71035940803382,70.94534050179212,70.62822315986872,97.0,78.13956960943023
SHP0334,Reliable,151.2,126.35,105.84000000000002,0.97,85.62367864693447,83.71415770609319,85.39615564932019,97.0,88.51369021812094
SHP0335,Reliable,240.0,161.5,168.0,0.97,64.76391825229035,67.96594982078852,67.18237224566339,97.0,75.71894146740239
SHP0336,Reliable,201.6,146.29999999999998,141.12,0.97,73.78435517970402,74.77598566308245,75.05860290670418,97.0,81.25180579203746
SHP0337,Reliable,194.4,143.45,136.08,0.97,75.4756871035941,76.05286738351255,76.53539615564932,97.0,82.28921785290652
SHP0338,Reliable,120.0,114.0,84.0,0.97,92.95278365045807,89.24731182795699,91.79559306141584,97.0,93.00914248188693
SHP0339,Reliable,175.2,135.85,122.64000000000001,0.97,79.98590556730092,79.4578853046595,80.4735114861697,97.0,85.05565001522403
SHP0340,Reliable,132.0,118.75,92.4,0.97,90.13389711064129,87.11917562724014,89.3342709798406,97.0,91.28012238043847
SHP0341,Reliable,151.2,126.35,105.84000000000002,0.97,85.62367864693447,83.71415770609319,85.39615564932019,97.0,88.51369021812094
SHP0342,Reliable,256.8,168.15,179.76000000000002,0.97,60.81747709654687,64.98655913978494,63.73652133145804,97.0,73.29831332537456
SHP0343,Reliable,120.0,114.0,84.0,0.97,92.95278365045807,89.24731182795699,91.79559306141584,97.0,93.00914248188693
SHP0344,Reliable,189.6,141.54999999999998,132.72,0.97,76.60324171952078,76.90412186379929,77.51992498827943,97.0,82.9808258934859
SHP0345,Reliable,228.0,156.75,159.6,0.97,67.58280479210713,70.09408602150538,69.64369432723863,97.0,77.44796156885084
SHP0346,Reliable,307.2,188.1,215.04000000000002,0.97,48.97815362931643,56.0483870967742,53.398968588842,97.0,66.03642889929105
SHP0347,Reliable,314.4,190.95,220.08000000000004,0.97,47.28682170542637,54.77150537634409,51.922175339896846,97.0,64.99901683842198
SHP0348,Reliable,204.0,147.25,142.8,0.97,73.22057787174067,74.35035842293907,74.56633849038911,97.0,80.90600177174775
SHP0349,Reliable,189.6,141.54999999999998,132.72,0.97,76.60324171952078,76.90412186379929,77.51992498827943,97.0,82.9808258934859
SHP0350,Reliable,120.0,114.0,84.0,0.97,92.95278365045807,89.24731182795699,91.79559306141584,97.0,93.00914248188693
SHP0351,Reliable,213.6,151.04999999999998,149.52,0.97,70.96546863988723,72.6478494623656,72.59728082512893,97.0,79.52278569058899
SHP0352,Reliable,235.2,159.6,164.64000000000001,0.97,65.89147286821706,68.81720430107528,68.16690107829348,97.0,76.41054950798178
SHP0353,Reliable,120.0,114.0,84.0,0.97,92.95278365045807,89.24731182795699,91.79559306141584,97.0,93.00914248188693
SHP0354,Reliable,302.4,186.2,211.68000000000004,0.97,50.10570824524314,56.89964157706093,54.38349742147209,97.0,66.72803693987044
SHP0355,Reliable,165.6,132.04999999999998,115.92000000000002,0.97,82.24101479915433,81.16039426523298,82.44256915142991,97.0,86.43886609638281
SHP0356,Reliable,309.59999999999997,189.04999999999998,216.72000000000003,0.97,48.41437632135308,55.622759856630836,52.90670417252695,97.0,65.69062487900136
SHP0357,Reliable,175.2,135.85,122.64000000000001,0.97,79.98590556730092,79.4578853046595,80.4735114861697,97.0,85.05565001522403
SHP0358,Reliable,393.59999999999997,222.29999999999998,275.52000000000004,0.97,28.682170542635678,40.725806451612904,35.67744960150023,97.0,53.58748416886219
SHP0359,Reliable,266.4,171.95,186.48000000000002,0.97,58.56236786469346,63.28405017921147,61.76746366619784,97.0,71.9150972442158
SHP0360,Reliable,211.2,150.1,147.84000000000003,0.97,71.52924594785061,73.07347670250897,73.08954524144397,97.0,79.86858971087868
SHP0361,Reliable,120.0,114.0,84.0,0.97,92.95278365045807,89.24731182795699,91.79559306141584,97.0,93.00914248188693
SHP0362,Reliable,146.4,124.44999999999999,102.48000000000002,0.97,86.75123326286118,84.56541218637993,86.3806844819503,97.0,89.20529825870032
SHP0363,Reliable,151.2,126.35,105.84000000000002,0.97,85.62367864693447,83.71415770609319,85.39615564932019,97.0,88.51369021812094
SHP0364,Reliable,120.0,114.0,84.0,0.97,92.95278365045807,89.24731182795699,91.79559306141584,97.0,93.00914248188693
SHP0365,Reliable,204.0,147.25,142.8,0.97,73.22057787174067,74.35035842293907,74.56633849038911,97.0,80.90600177174775
SHP0366,Reliable,249.6,165.29999999999998,174.72000000000003,0.97,62.50880902043693,66.26344086021506,65.21331458040318,97.0,74.33572538624364
SHP0367,Reliable,177.6,136.79999999999998,124.32000000000001,0.97,79.42212825933755,79.03225806451614,79.98124706985466,97.0,84.70984599493435
SHP0368,Reliable,319.2,192.85,223.44000000000003,0.97,46.15926708949966,53.92025089605734,50.937646507266756,97.0,64.3074087978426
SHP0369,Reliable,232.79999999999998,158.65,162.96000000000004,0.97,66.45525017618043,69.24283154121864,68.65916549460852,97.0,76.75635352827148
SHP0370,Reliable,304.8,187.14999999999998,213.36,0.97,49.54193093727978,56.47401433691756,53.891233005157055,97.0,66.38223291958074
SHP0371,Reliable,146.4,124.44999999999999,102.48000000000002,0.97,86.75123326286118,84.56541218637993,86.3806844819503,97.0,89.20529825870032
SHP0372,Reliable,165.6,132.04999999999998,115.92000000000002,0.97,82.24101479915433,81.16039426523298,82.44256915142991,97.0,86.43886609638281
SHP0373,Reliable,120.0,114.0,84.0,0.97,92.95278365045807,89.24731182795699,91.79559306141584,97.0,93.00914248188693
SHP0374,Reliable,266.4,171.95,186.48000000000002,0.97,58.56236786469346,63.28405017921147,61.76746366619784,97.0,71.9150972442158
SHP0375,Reliable,158.4,129.2,110.88000000000001,0.97,83.9323467230444,82.43727598566308,83.91936240037506,97.0,87.47627815725188
SHP0376,Reliable,201.6,146.29999999999998,141.12,0.97,73.78435517970402,74.77598566308245,75.05860290670418,97.0,81.25180579203746
SHP0377,Reliable,194.4,143.45,136.08,0.97,75.4756871035941,76.05286738351255,76.53539615564932,97.0,82.28921785290652
SHP0378,Reliable,180.0,137.75,126.0,0.97,78.8583509513742,78.60663082437276,79.48898265353962,97.0,84.36404197464466
SHP0379,Reliable,338.4,200.45,236.88000000000002,0.97,41.64904862579282,50.5152329749104,46.99953117674636,97.0,61.54097663552507
SHP0380,Reliable,177.6,136.79999999999998,124.32000000000001,0.97,79.42212825933755,79.03225806451614,79.98124706985466,97.0,84.70984599493435
SHP0381,Reliable,189.6,141.54999999999998,132.72,0.97,76.60324171952078,76.90412186379929,77.51992498827943,97.0,82.9808258934859
SHP0382,Reliable,168.0,133.0,117.60000000000001,0.97,81.67723749119098,80.73476702508961,81.95030473511486,97.0,86.09306207609312
SHP0383,Reliable,261.59999999999997,170.04999999999998,183.12,0.97,59.68992248062017,64.13530465949822,62.751992498827946,97.0,72.60670528479518
SHP0384,Reliable,218.4,152.95,152.88,0.97,69.83791402396055,71.79659498207886,71.61275199249883,97.0,78.83117765000962
SHP0385,Reliable,364.8,210.89999999999998,255.36000000000004,0.97,35.44749823819592,45.83333333333334,41.58462259728082,97.0,57.73713241233848
SHP0386,Reliable,290.4,181.45,203.28000000000003,0.97,52.92459478505991,59.02777777777778,56.84481950304735,97.0,68.45705704131889
SHP0387,Reliable,230.39999999999998,157.7,161.28000000000003,0.97,67.01902748414376,69.668458781362,69.15142991092358,97.0,77.10215754856115
SHP0388,Reliable,156.0,128.25,109.2,0.97,84.49612403100775,82.86290322580645,84.41162681669012,97.0,87.82208217754157
SHP0389,Reliable,237.6,160.54999999999998,166.32000000000002,0.97,65.3276955602537,68.39157706093191,67.67463666197843,97.0,76.06474548769208
SHP0390,Reliable,136.79999999999998,120.64999999999999,95.76,0.97,89.0063424947146,86.26792114695341,88.3497421472105,97.0,90.5885143398591
SHP0391,Reliable,148.79999999999998,125.39999999999999,104.16000000000001,0.97,86.18745595489783,84.13978494623657,85.88842006563524,97.0,88.85949423841065
SHP0392,Reliable,148.79999999999998,125.39999999999999,104.16000000000001,0.97,86.18745595489783,84.13978494623657,85.88842006563524,97.0,88.85949423841065
SHP0393,Reliable,168.0,133.0,117.60000000000001,0.97,81.67723749119098,80.73476702508961,81.95030473511486,97.0,86.09306207609312
SHP0394,Reliable,244.79999999999998,163.4,171.36,0.97,63.63636363636365,67.11469534050178,66.19784341303328,97.0,75.02733342682302
SHP0395,Reliable,247.2,164.35,173.04000000000002,0.97,63.07258632840029,66.68906810035843,65.70557899671824,97.0,74.68152940653333
SHP0396,Reliable,340.8,201.39999999999998,238.56000000000003,0.97,41.085271317829466,50.08960573476703,46.507266760431314,97.0,61.19517261523538
SHP0397,Reliable,153.6,127.3,107.52000000000001,0.97,85.0599013389711,83.28853046594982,84.90389123300514,97.0,88.16788619783125
SHP0398,Reliable,158.4,129.2,110.88000000000001,0.97,83.9323467230444,82.43727598566308,83.91936240037506,97.0,87.47627815725188
SHP0399,Reliable,134.4,119.69999999999999,94.08000000000001,0.97,89.57011980267795,86.69354838709677,88.84200656352556,97.0,90.93431836014878
SHP0400,Reliable,204.0,147.25,142.8,0.97,73.22057787174067,74.35035842293907,74.56633849038911,97.0,80.90600177174775
SHP0401,Reliable,292.8,182.39999999999998,204.96000000000004,0.97,52.360817477096546,58.602150537634415,56.352555086732295,97.0,68.1112530210292
SHP0402,Reliable,364.8,210.89999999999998,255.36000000000004,0.97,35.44749823819592,45.83333333333334,41.58462259728082,97.0,57.73713241233848
SHP0403,Reliable,120.0,114.0,84.0,0.97,92.95278365045807,89.24731182795699,91.79559306141584,97.0,93.00914248188693
SHP0404,Reliable,261.59999999999997,170.04999999999998,183.12,0.97,59.68992248062017,64.13530465949822,62.751992498827946,97.0,72.60670528479518
SHP0405,Reliable,324.0,194.75,226.8,0.97,45.031712473572945,53.068996415770606,49.953117674636665,97.0,63.615800757263216
SHP0406,Reliable,273.59999999999997,174.79999999999998,191.52,0.97,56.871035940803395,62.00716845878137,60.2906704172527,97.0,70.87768518334673
SHP0407,Reliable,230.39999999999998,157.7,161.28000000000003,0.97,67.01902748414376,69.668458781362,69.15142991092358,97.0,77.10215754856115
SHP0408,Reliable,141.6,122.55,99.12,0.97,87.87878787878788,85.41666666666666,87.3652133145804,97.0,89.8969062992797
SHP0409,Reliable,153.6,127.3,107.52000000000001,0.97,85.0599013389711,83.28853046594982,84.90389123300514,97.0,88.16788619783125
SHP0410,Reliable,132.0,118.75,92.4,0.97,90.13389711064129,87.11917562724014,89.3342709798406,97.0,91.28012238043847
SHP0411,Reliable,237.6,160.54999999999998,166.32000000000002,0.97,65.3276955602537,68.39157706093191,67.67463666197843,97.0,76.06474548769208
SHP0412,Reliable,151.2,126.35,105.84000000000002,0.97,85.62367864693447,83.71415770609319,85.39615564932019,97.0,88.51369021812094
SHP0413,Reliable,189.6,141.54999999999998,132.72,0.97,76.60324171952078,76.90412186379929,77.51992498827943,97.0,82.9808258934859
SHP0414,Reliable,266.4,171.95,186.48000000000002,0.97,58.56236786469346,63.28405017921147,61.76746366619784,97.0,71.9150972442158
SHP0415,Reliable,278.4,176.7,194.88000000000002,0.97,55.74348132487669,61.155913978494624,59.306141584622594,97.0,70.18607714276735
SHP0416,Reliable,194.4,143.45,136.08,0.97,75.4756871035941,76.05286738351255,76.53539615564932,97.0,82.28921785290652
SHP0417,Reliable,172.79999999999998,134.9,120.96000000000001,0.97,80.54968287526428,79.88351254480285,80.96577590248476,97.0,85.40145403551374
SHP0418,Reliable,206.4,148.2,144.48,0.97,72.65680056377731,73.9247311827957,74.07407407407408,97.0,80.56019775145806
SHP0419,Reliable,151.2,126.35,105.84000000000002,0.97,85.62367864693447,83.71415770609319,85.39615564932019,97.0,88.51369021812094
SHP0420,Reliable,156.0,128.25,109.2,0.97,84.49612403100775,82.86290322580645,84.41162681669012,97.0,87.82208217754157
SHP0421,Reliable,208.79999999999998,149.15,146.16000000000003,0.97,72.09302325581397,73.49910394265233,73.58180965775902,97.0,80.21439373116837
SHP0422,Reliable,120.0,114.0,84.0,0.97,92.95278365045807,89.24731182795699,91.79559306141584,97.0,93.00914248188693
SHP0423,Reliable,120.0,114.0,84.0,0.97,92.95278365045807,89.24731182795699,91.79559306141584,97.0,93.00914248188693
SHP0424,Reliable,208.79999999999998,149.15,146.16000000000003,0.97,72.09302325581397,73.49910394265233,73.58180965775902,97.0,80.21439373116837
SHP0425,Reliable,216.0,152.0,151.20000000000002,0.97,70.40169133192389,72.22222222222221,72.10501640881387,97.0,79.1769816702993
SHP0426,Reliable,254.39999999999998,167.2,178.08000000000004,0.97,61.38125440451023,65.41218637992831,64.22878574777307,97.0,73.64411734566424
SHP0427,Reliable,213.6,151.04999999999998,149.52,0.97,70.96546863988723,72.6478494623656,72.59728082512893,97.0,79.52278569058899
SHP0428,Reliable,196.79999999999998,144.4,137.76000000000002,0.97,74.91190979563073,75.62724014336916,76.04313173933426,97.0,81.94341383261683
SHP0429,Reliable,276.0,175.75,193.20000000000002,0.97,56.30725863284003,61.581541218637994,59.798406000937646,97.0,70.53188116305704
SHP0430,Reliable,139.2,121.6,97.44000000000001,0.97,88.44256518675124,85.84229390681004,87.85747773089545,97.0,90.24271031956941
SHP0431,Reliable,302.4,186.2,211.68000000000004,0.97,50.10570824524314,56.89964157706093,54.38349742147209,97.0,66.72803693987044
SHP0432,Reliable,208.79999999999998,149.15,146.16000000000003,0.97,72.09302325581397,73.49910394265233,73.58180965775902,97.0,80.21439373116837
SHP0433,Reliable,235.2,159.6,164.64000000000001,0.97,65.89147286821706,68.81720430107528,68.16690107829348,97.0,76.41054950798178
SHP0434,Reliable,208.79999999999998,149.15,146.16000000000003,0.97,72.09302325581397,73.49910394265233,73.58180965775902,97.0,80.21439373116837
SHP0435,Reliable,175.2,135.85,122.64000000000001,0.97,79.98590556730092,79.4578853046595,80.4735114861697,97.0,85.05565001522403
SHP0436,Reliable,211.2,150.1,147.84000000000003,0.97,71.52924594785061,73.07347670250897,73.08954524144397,97.0,79.86858971087868
SHP0437,Reliable,223.2,154.85,156.24,0.97,68.71035940803382,70.94534050179212,70.62822315986872,97.0,78.13956960943023
SHP0438,Reliable,192.0,142.5,134.4,0.97,76.03946441155743,76.47849462365592,77.02766057196436,97.0,82.63502187319621
SHP0439,Reliable,273.59999999999997,174.79999999999998,191.52,0.97,56.871035940803395,62.00716845878137,60.2906704172527,97.0,70.87768518334673
SHP0440,Reliable,194.4,143.45,136.08,0.97,75.4756871035941,76.05286738351255,76.53539615564932,97.0,82.28921785290652
SHP0441,Reliable,225.6,155.79999999999998,157.92000000000002,0.97,68.14658210007048,70.51971326164875,70.13595874355369,97.0,77.79376558914053
SHP0442,Reliable,458.4,247.95,320.88000000000005,0.97,13.460183227625103,29.233870967741936,22.386310360993896,97.0,44.25077562104053
SHP0443,Reliable,223.2,154.85,156.24,0.97,68.71035940803382,70.94534050179212,70.62822315986872,97.0,78.13956960943023
SHP0444,Reliable,144.0,123.5,100.80000000000001,0.97,87.31501057082453,84.9910394265233,86.87294889826535,97.0,89.55110227899003
SHP0445,Reliable,235.2,159.6,164.64000000000001,0.97,65.89147286821706,68.81720430107528,68.16690107829348,97.0,76.41054950798178
SHP0446,Reliable,165.6,132.04999999999998,115.92000000000002,0.97,82.24101479915433,81.16039426523298,82.44256915142991,97.0,86.43886609638281
SHP0447,Reliable,278.4,176.7,194.88000000000002,0.97,55.74348132487669,61.155913978494624,59.306141584622594,97.0,70.18607714276735
SHP0448,Reliable,158.4,129.2,110.88000000000001,0.97,83.9323467230444,82.43727598566308,83.91936240037506,97.0,87.47627815725188
SHP0449,Reliable,249.6,165.29999999999998,174.72000000000003,0.97,62.50880902043693,66.26344086021506,65.21331458040318,97.0,74.33572538624364
SHP0450,Reliable,343.2,202.35,240.24,0.97,40.52149400986611,49.663978494623656,46.01500234411627,97.0,60.84936859494569
SHP0451,Reliable,120.0,114.0,84.0,0.97,92.95278365045807,89.24731182795699,91.79559306141584,97.0,93.00914248188693
SHP0452,Reliable,175.2,135.85,122.64000000000001,0.97,79.98590556730092,79.4578853046595,80.4735114861697,97.0,85.05565001522403
SHP0453,Reliable,184.79999999999998,139.65,129.36,0.97,77.73079633544752,77.75537634408602,78.50445382090952,97.0,83.67243393406528
SHP0454,Reliable,360.0,209.0,252.0,0.97,36.57505285412263,46.68458781362007,42.56915142991093,97.0,58.428740452917864
SHP0455,Reliable,230.39999999999998,157.7,161.28000000000003,0.97,67.01902748414376,69.668458781362,69.15142991092358,97.0,77.10215754856115
SHP0456,Reliable,160.79999999999998,130.15,112.56,0.97,83.36856941508105,82.01164874551971,83.42709798406001,97.0,87.13047413696219
SHP0457,Reliable,163.2,131.1,114.24000000000002,0.97,82.80479210711769,81.58602150537635,82.93483356774496,97.0,86.7846701166725
SHP0458,Reliable,120.0,114.0,84.0,0.97,92.95278365045807,89.24731182795699,91.79559306141584,97.0,93.00914248188693
SHP0459,Reliable,256.8,168.15,179.76000000000002,0.97,60.81747709654687,64.98655913978494,63.73652133145804,97.0,73.29831332537456
SHP0460,Reliable,199.2,145.35,139.44000000000003,0.97,74.34813248766737,75.20161290322581,75.55086732301922,97.0,81.59760981232714
SHP0461,Reliable,326.4,195.7,228.48000000000005,0.97,44.467935165609596,52.64336917562724,49.4608532583216,97.0,63.269996736973525
SHP0462,Reliable,160.79999999999998,130.15,112.56,0.97,83.36856941508105,82.01164874551971,83.42709798406001,97.0,87.13047413696219
SHP0463,Reliable,168.0,133.0,117.60000000000001,0.97,81.67723749119098,80.73476702508961,81.95030473511486,97.0,86.09306207609312
SHP0464,Reliable,328.8,196.64999999999998,230.16000000000003,0.97,43.90415785764623,52.21774193548387,48.96858884200656,97.0,62.924192716683834
SHP0465,Reliable,120.0,114.0,84.0,0.97,92.95278365045807,89.24731182795699,91.79559306141584,97.0,93.00914248188693
SHP0466,Reliable,199.2,145.35,139.44000000000003,0.97,74.34813248766737,75.20161290322581,75.55086732301922,97.0,81.59760981232714
SHP0467,Reliable,120.0,114.0,84.0,0.97,92.95278365045807,89.24731182795699,91.79559306141584,97.0,93.00914248188693
SHP0468,Reliable,151.2,126.35,105.84000000000002,0.97,85.62367864693447,83.71415770609319,85.39615564932019,97.0,88.51369021812094
SHP0469,Reliable,228.0,156.75,159.6,0.97,67.58280479210713,70.09408602150538,69.64369432723863,97.0,77.44796156885084
SHP0470,Reliable,216.0,152.0,151.20000000000002,0.97,70.40169133192389,72.22222222222221,72.10501640881387,97.0,79.1769816702993
SHP0471,Reliable,120.0,114.0,84.0,0.97,92.95278365045807,89.24731182795699,91.79559306141584,97.0,93.00914248188693
SHP0472,Reliable,201.6,146.29999999999998,141.12,0.97,73.78435517970402,74.77598566308245,75.05860290670418,97.0,81.25180579203746
SHP0473,Reliable,165.6,132.04999999999998,115.92000000000002,0.97,82.24101479915433,81.16039426523298,82.44256915142991,97.0,86.43886609638281
SHP0474,Reliable,213.6,151.04999999999998,149.52,0.97,70.96546863988723,72.6478494623656,72.59728082512893,97.0,79.52278569058899
SHP0475,Reliable,273.59999999999997,174.79999999999998,191.52,0.97,56.871035940803395,62.00716845878137,60.2906704172527,97.0,70.87768518334673
SHP0476,Reliable,120.0,114.0,84.0,0.97,92.95278365045807,89.24731182795699,91.79559306141584,97.0,93.00914248188693
SHP0477,Reliable,151.2,126.35,105.84000000000002,0.97,85.62367864693447,83.71415770609319,85.39615564932019,97.0,88.51369021812094
SHP0478,Reliable,348.0,204.25,243.60000000000002,0.97,39.3939393939394,48.812724014336915,45.03047351148617,97.0,60.157760554366305
SHP0479,Reliable,235.2,159.6,164.64000000000001,0.97,65.89147286821706,68.81720430107528,68.16690107829348,97.0,76.41054950798178
SHP0480,Reliable,120.0,114.0,84.0,0.97,92.95278365045807,89.24731182795699,91.79559306141584,97.0,93.00914248188693
SHP0481,Reliable,184.79999999999998,139.65,129.36,0.97,77.73079633544752,77.75537634408602,78.50445382090952,97.0,83.67243393406528
SHP0482,Reliable,220.79999999999998,153.9,154.56000000000003,0.97,69.27413671599719,71.37096774193547,71.12048757618378,97.0,78.48537362971992
SHP0483,Reliable,259.2,169.1,181.44000000000003,0.97,60.25369978858352,64.56093189964159,63.244256915142984,97.0,72.95250930508487
SHP0484,Reliable,120.0,114.0,84.0,0.97,92.95278365045807,89.24731182795699,91.79559306141584,97.0,93.00914248188693
SHP0485,Reliable,132.0,118.75,92.4,0.97,90.13389711064129,87.11917562724014,89.3342709798406,97.0,91.28012238043847
SHP0486,Reliable,444.0,242.25,310.8,0.97,16.842847075405224,31.787634408602145,25.339896858884202,97.0,46.32559974277868
SHP0487,Reliable,300.0,185.25,210.0,0.97,50.669485553206485,57.325268817204304,54.87576183778716,97.0,67.07384096016013
SHP0488,Reliable,259.2,169.1,181.44000000000003,0.97,60.25369978858352,64.56093189964159,63.244256915142984,97.0,72.95250930508487
SHP0489,Reliable,252.0,166.25,176.4,0.97,61.94503171247357,65.83781362007169,64.72105016408814,97.0,73.98992136595395
SHP0490,Reliable,160.79999999999998,130.15,112.56,0.97,83.36856941508105,82.01164874551971,83.42709798406001,97.0,87.13047413696219
SHP0491,Reliable,160.79999999999998,130.15,112.56,0.97,83.36856941508105,82.01164874551971,83.42709798406001,97.0,87.13047413696219
SHP0492,Reliable,160.79999999999998,130.15,112.56,0.97,83.36856941508105,82.01164874551971,83.42709798406001,97.0,87.13047413696219
SHP0493,Reliable,148.79999999999998,125.39999999999999,104.16000000000001,0.97,86.18745595489783,84.13978494623657,85.88842006563524,97.0,88.85949423841065
SHP0494,Reliable,220.79999999999998,153.9,154.56000000000003,0.97,69.27413671599719,71.37096774193547,71.12048757618378,97.0,78.48537362971992
SHP0495,Reliable,192.0,142.5,134.4,0.97,76.03946441155743,76.47849462365592,77.02766057196436,97.0,82.63502187319621
SHP0496,Reliable,120.0,114.0,84.0,0.97,92.95278365045807,89.24731182795699,91.79559306141584,97.0,93.00914248188693
SHP0497,Reliable,120.0,114.0,84.0,0.97,92.95278365045807,89.24731182795699,91.79559306141584,97.0,93.00914248188693
SHP0498,Reliable,170.4,133.95,119.28000000000002,0.97,81.11346018322763,80.30913978494624,81.4580403187998,97.0,85.74725805580343
SHP0499,Reliable,350.4,205.2,245.28000000000003,0.97,38.83016208597605,48.38709677419355,44.53820909517112,97.0,59.81195653407663
SHP0500,Reliable,194.4,143.45,136.08,0.97,75.4756871035941,76.05286738351255,76.53539615564932,97.0,82.28921785290652
